/* Provenance: NPU register command values discovered from RK3588 NPU hardware
 * via the public DRM ioctl interface. Factual hardware register values,
 * independently verified. See docs/NPU_REGCMD_REFERENCE.md.
 */
/* Tanh template (3 submits: 3/6/3 tasks, chain). DMAs patched at runtime. */
static const unsigned char g_tanh_task0[4096] = {
  0x00,0x00,0x00,0x00,0x01,0x00,0x00,0x00,0x18,0x00,0x00,0x00,0x00,0x03,0x00,0x00,
  0xff,0xff,0x01,0x00,0x00,0x02,0x00,0x00,0x45,0x00,0x00,0x00,0x00,0x00,0x00,0x00,
  0x00,0xc3,0xff,0xff,0x00,0x00,0x00,0x00,0x00,0x00,0x00,0x00,0x02,0x00,0x00,0x00,
  0x18,0x00,0x00,0x00,0x00,0x03,0x00,0x00,0xff,0xff,0x01,0x00,0x00,0x00,0x00,0x00,
  0x49,0x04,0x00,0x00,0x00,0x00,0x00,0x00,0x80,0xc5,0xff,0xff,0x00,0x00,0x00,0x00,
  0x00,0x00,0x00,0x00,0x02,0x00,0x00,0x00,0x18,0x00,0x00,0x00,0x00,0x03,0x00,0x00,
  0xff,0xff,0x01,0x00,0x00,0x00,0x00,0x00,0x45,0x00,0x00,0x00,0x00,0x00,0x00,0x00,
  0x00,0xe8,0xff,0xff,0x00,0x00,0x00,0x00,0x00,0x00,0x00,0x00,0x03,0x00,0x00,0x00,
  0x18,0x00,0x00,0x00,0x00,0x03,0x00,0x00,0xff,0xff,0x01,0x00,0x00,0x00,0x00,0x00,
  0x45,0x00,0x00,0x00,0x00,0x00,0x00,0x00,0x80,0xea,0xff,0xff,0x00,0x00,0x00,0x00,
  0x00,0x00,0x00,0x00,0x01,0x00,0x00,0x00,0x18,0x00,0x00,0x00,0x00,0x03,0x00,0x00,
  0xff,0xff,0x01,0x00,0x00,0x00,0x00,0x00,0x45,0x00,0x00,0x00,0x00,0x00,0x00,0x00,
  0x00,0xc3,0xff,0xff,0x00,0x00,0x00,0x00,0x00,0x00,0x00,0x00,0x02,0x00,0x00,0x00,
  0x18,0x00,0x00,0x00,0x00,0x03,0x00,0x00,0xff,0xff,0x01,0x00,0x00,0x00,0x00,0x00,
  0x49,0x04,0x00,0x00,0x00,0x00,0x00,0x00,0x80,0xc5,0xff,0xff,0x00,0x00,0x00,0x00,
  0x00,0x00,0x00,0x00,0x02,0x00,0x00,0x00,0x18,0x00,0x00,0x00,0x00,0x03,0x00,0x00,
  0xff,0xff,0x01,0x00,0x00,0x00,0x00,0x00,0x45,0x00,0x00,0x00,0x00,0x00,0x00,0x00,
  0x00,0xe8,0xff,0xff,0x00,0x00,0x00,0x00,0x00,0x00,0x00,0x00,0x03,0x00,0x00,0x00,
  0x18,0x00,0x00,0x00,0x00,0x03,0x00,0x00,0xff,0xff,0x01,0x00,0x00,0x00,0x00,0x00,
  0x45,0x00,0x00,0x00,0x00,0x00,0x00,0x00,0x80,0xea,0xff,0xff,0x00,0x00,0x00,0x00,
  0x00,0x00,0x00,0x00,0x01,0x00,0x00,0x00,0x18,0x00,0x00,0x00,0x00,0x03,0x00,0x00,
  0xff,0xff,0x01,0x00,0x00,0x00,0x00,0x00,0x45,0x00,0x00,0x00,0x00,0x00,0x00,0x00,
  0x00,0xc3,0xff,0xff,0x00,0x00,0x00,0x00,0x00,0x00,0x00,0x00,0x02,0x00,0x00,0x00,
  0x18,0x00,0x00,0x00,0x00,0x03,0x00,0x00,0xff,0xff,0x01,0x00,0x00,0x00,0x00,0x00,
  0x49,0x04,0x00,0x00,0x00,0x00,0x00,0x00,0x80,0xc5,0xff,0xff,0x00,0x00,0x00,0x00,
  0x00,0x00,0x00,0x00,0x02,0x00,0x00,0x00,0x18,0x00,0x00,0x00,0x00,0x03,0x00,0x00,
  0xff,0xff,0x01,0x00,0x00,0x00,0x00,0x00,0x45,0x00,0x00,0x00,0x00,0x00,0x00,0x00,
  0x00,0xe8,0xff,0xff,0x00,0x00,0x00,0x00,0x00,0x00,0x00,0x00,0x03,0x00,0x00,0x00,
  0x18,0x00,0x00,0x00,0x00,0x03,0x00,0x00,0xff,0xff,0x01,0x00,0x00,0x00,0x00,0x00,
  0x45,0x00,0x00,0x00,0x00,0x00,0x00,0x00,0x80,0xea,0xff,0xff,0x00,0x00,0x00,0x00,
  0x00,0x00,0x00,0x00,0x00,0x00,0x00,0x00,0x00,0x00,0x00,0x00,0x00,0x00,0x00,0x00,
  0x00,0x00,0x00,0x00,0x00,0x00,0x00,0x00,0x00,0x00,0x00,0x00,0x00,0x00,0x00,0x00,
  0x00,0x00,0x00,0x00,0x00,0x00,0x00,0x00,0x00,0x00,0x00,0x00,0x00,0x00,0x00,0x00,
  0x00,0x00,0x00,0x00,0x00,0x00,0x00,0x00,0x00,0x00,0x00,0x00,0x00,0x00,0x00,0x00,
  0x00,0x00,0x00,0x00,0x00,0x00,0x00,0x00,0x00,0x00,0x00,0x00,0x00,0x00,0x00,0x00,
  0x00,0x00,0x00,0x00,0x00,0x00,0x00,0x00,0x00,0x00,0x00,0x00,0x00,0x00,0x00,0x00,
  0x00,0x00,0x00,0x00,0x00,0x00,0x00,0x00,0x00,0x00,0x00,0x00,0x00,0x00,0x00,0x00,
  0x00,0x00,0x00,0x00,0x00,0x00,0x00,0x00,0x00,0x00,0x00,0x00,0x00,0x00,0x00,0x00,
  0x00,0x00,0x00,0x00,0x00,0x00,0x00,0x00,0x00,0x00,0x00,0x00,0x00,0x00,0x00,0x00,
  0x00,0x00,0x00,0x00,0x00,0x00,0x00,0x00,0x00,0x00,0x00,0x00,0x00,0x00,0x00,0x00,
  0x00,0x00,0x00,0x00,0x00,0x00,0x00,0x00,0x00,0x00,0x00,0x00,0x00,0x00,0x00,0x00,
  0x00,0x00,0x00,0x00,0x00,0x00,0x00,0x00,0x00,0x00,0x00,0x00,0x00,0x00,0x00,0x00,
  0x00,0x00,0x00,0x00,0x00,0x00,0x00,0x00,0x00,0x00,0x00,0x00,0x00,0x00,0x00,0x00,
  0x00,0x00,0x00,0x00,0x00,0x00,0x00,0x00,0x00,0x00,0x00,0x00,0x00,0x00,0x00,0x00,
  0x00,0x00,0x00,0x00,0x00,0x00,0x00,0x00,0x00,0x00,0x00,0x00,0x00,0x00,0x00,0x00,
  0x00,0x00,0x00,0x00,0x00,0x00,0x00,0x00,0x00,0x00,0x00,0x00,0x00,0x00,0x00,0x00,
  0x00,0x00,0x00,0x00,0x00,0x00,0x00,0x00,0x00,0x00,0x00,0x00,0x00,0x00,0x00,0x00,
  0x00,0x00,0x00,0x00,0x00,0x00,0x00,0x00,0x00,0x00,0x00,0x00,0x00,0x00,0x00,0x00,
  0x00,0x00,0x00,0x00,0x00,0x00,0x00,0x00,0x00,0x00,0x00,0x00,0x00,0x00,0x00,0x00,
  0x00,0x00,0x00,0x00,0x00,0x00,0x00,0x00,0x00,0x00,0x00,0x00,0x00,0x00,0x00,0x00,
  0x00,0x00,0x00,0x00,0x00,0x00,0x00,0x00,0x00,0x00,0x00,0x00,0x00,0x00,0x00,0x00,
  0x00,0x00,0x00,0x00,0x00,0x00,0x00,0x00,0x00,0x00,0x00,0x00,0x00,0x00,0x00,0x00,
  0x00,0x00,0x00,0x00,0x00,0x00,0x00,0x00,0x00,0x00,0x00,0x00,0x00,0x00,0x00,0x00,
  0x00,0x00,0x00,0x00,0x00,0x00,0x00,0x00,0x00,0x00,0x00,0x00,0x00,0x00,0x00,0x00,
  0x00,0x00,0x00,0x00,0x00,0x00,0x00,0x00,0x00,0x00,0x00,0x00,0x00,0x00,0x00,0x00,
  0x00,0x00,0x00,0x00,0x00,0x00,0x00,0x00,0x00,0x00,0x00,0x00,0x00,0x00,0x00,0x00,
  0x00,0x00,0x00,0x00,0x00,0x00,0x00,0x00,0x00,0x00,0x00,0x00,0x00,0x00,0x00,0x00,
  0x00,0x00,0x00,0x00,0x00,0x00,0x00,0x00,0x00,0x00,0x00,0x00,0x00,0x00,0x00,0x00,
  0x00,0x00,0x00,0x00,0x00,0x00,0x00,0x00,0x00,0x00,0x00,0x00,0x00,0x00,0x00,0x00,
  0x00,0x00,0x00,0x00,0x00,0x00,0x00,0x00,0x00,0x00,0x00,0x00,0x00,0x00,0x00,0x00,
  0x00,0x00,0x00,0x00,0x00,0x00,0x00,0x00,0x00,0x00,0x00,0x00,0x00,0x00,0x00,0x00,
  0x00,0x00,0x00,0x00,0x00,0x00,0x00,0x00,0x00,0x00,0x00,0x00,0x00,0x00,0x00,0x00,
  0x00,0x00,0x00,0x00,0x00,0x00,0x00,0x00,0x00,0x00,0x00,0x00,0x00,0x00,0x00,0x00,
  0x00,0x00,0x00,0x00,0x00,0x00,0x00,0x00,0x00,0x00,0x00,0x00,0x00,0x00,0x00,0x00,
  0x00,0x00,0x00,0x00,0x00,0x00,0x00,0x00,0x00,0x00,0x00,0x00,0x00,0x00,0x00,0x00,
  0x00,0x00,0x00,0x00,0x00,0x00,0x00,0x00,0x00,0x00,0x00,0x00,0x00,0x00,0x00,0x00,
  0x00,0x00,0x00,0x00,0x00,0x00,0x00,0x00,0x00,0x00,0x00,0x00,0x00,0x00,0x00,0x00,
  0x00,0x00,0x00,0x00,0x00,0x00,0x00,0x00,0x00,0x00,0x00,0x00,0x00,0x00,0x00,0x00,
  0x00,0x00,0x00,0x00,0x00,0x00,0x00,0x00,0x00,0x00,0x00,0x00,0x00,0x00,0x00,0x00,
  0x00,0x00,0x00,0x00,0x00,0x00,0x00,0x00,0x00,0x00,0x00,0x00,0x00,0x00,0x00,0x00,
  0x00,0x00,0x00,0x00,0x00,0x00,0x00,0x00,0x00,0x00,0x00,0x00,0x00,0x00,0x00,0x00,
  0x00,0x00,0x00,0x00,0x00,0x00,0x00,0x00,0x00,0x00,0x00,0x00,0x00,0x00,0x00,0x00,
  0x00,0x00,0x00,0x00,0x00,0x00,0x00,0x00,0x00,0x00,0x00,0x00,0x00,0x00,0x00,0x00,
  0x00,0x00,0x00,0x00,0x00,0x00,0x00,0x00,0x00,0x00,0x00,0x00,0x00,0x00,0x00,0x00,
  0x00,0x00,0x00,0x00,0x00,0x00,0x00,0x00,0x00,0x00,0x00,0x00,0x00,0x00,0x00,0x00,
  0x00,0x00,0x00,0x00,0x00,0x00,0x00,0x00,0x00,0x00,0x00,0x00,0x00,0x00,0x00,0x00,
  0x00,0x00,0x00,0x00,0x00,0x00,0x00,0x00,0x00,0x00,0x00,0x00,0x00,0x00,0x00,0x00,
  0x00,0x00,0x00,0x00,0x00,0x00,0x00,0x00,0x00,0x00,0x00,0x00,0x00,0x00,0x00,0x00,
  0x00,0x00,0x00,0x00,0x00,0x00,0x00,0x00,0x00,0x00,0x00,0x00,0x00,0x00,0x00,0x00,
  0x00,0x00,0x00,0x00,0x00,0x00,0x00,0x00,0x00,0x00,0x00,0x00,0x00,0x00,0x00,0x00,
  0x00,0x00,0x00,0x00,0x00,0x00,0x00,0x00,0x00,0x00,0x00,0x00,0x00,0x00,0x00,0x00,
  0x00,0x00,0x00,0x00,0x00,0x00,0x00,0x00,0x00,0x00,0x00,0x00,0x00,0x00,0x00,0x00,
  0x00,0x00,0x00,0x00,0x00,0x00,0x00,0x00,0x00,0x00,0x00,0x00,0x00,0x00,0x00,0x00,
  0x00,0x00,0x00,0x00,0x00,0x00,0x00,0x00,0x00,0x00,0x00,0x00,0x00,0x00,0x00,0x00,
  0x00,0x00,0x00,0x00,0x00,0x00,0x00,0x00,0x00,0x00,0x00,0x00,0x00,0x00,0x00,0x00,
  0x00,0x00,0x00,0x00,0x00,0x00,0x00,0x00,0x00,0x00,0x00,0x00,0x00,0x00,0x00,0x00,
  0x00,0x00,0x00,0x00,0x00,0x00,0x00,0x00,0x00,0x00,0x00,0x00,0x00,0x00,0x00,0x00,
  0x00,0x00,0x00,0x00,0x00,0x00,0x00,0x00,0x00,0x00,0x00,0x00,0x00,0x00,0x00,0x00,
  0x00,0x00,0x00,0x00,0x00,0x00,0x00,0x00,0x00,0x00,0x00,0x00,0x00,0x00,0x00,0x00,
  0x00,0x00,0x00,0x00,0x00,0x00,0x00,0x00,0x00,0x00,0x00,0x00,0x00,0x00,0x00,0x00,
  0x00,0x00,0x00,0x00,0x00,0x00,0x00,0x00,0x00,0x00,0x00,0x00,0x00,0x00,0x00,0x00,
  0x00,0x00,0x00,0x00,0x00,0x00,0x00,0x00,0x00,0x00,0x00,0x00,0x00,0x00,0x00,0x00,
  0x00,0x00,0x00,0x00,0x00,0x00,0x00,0x00,0x00,0x00,0x00,0x00,0x00,0x00,0x00,0x00,
  0x00,0x00,0x00,0x00,0x00,0x00,0x00,0x00,0x00,0x00,0x00,0x00,0x00,0x00,0x00,0x00,
  0x00,0x00,0x00,0x00,0x00,0x00,0x00,0x00,0x00,0x00,0x00,0x00,0x00,0x00,0x00,0x00,
  0x00,0x00,0x00,0x00,0x00,0x00,0x00,0x00,0x00,0x00,0x00,0x00,0x00,0x00,0x00,0x00,
  0x00,0x00,0x00,0x00,0x00,0x00,0x00,0x00,0x00,0x00,0x00,0x00,0x00,0x00,0x00,0x00,
  0x00,0x00,0x00,0x00,0x00,0x00,0x00,0x00,0x00,0x00,0x00,0x00,0x00,0x00,0x00,0x00,
  0x00,0x00,0x00,0x00,0x00,0x00,0x00,0x00,0x00,0x00,0x00,0x00,0x00,0x00,0x00,0x00,
  0x00,0x00,0x00,0x00,0x00,0x00,0x00,0x00,0x00,0x00,0x00,0x00,0x00,0x00,0x00,0x00,
  0x00,0x00,0x00,0x00,0x00,0x00,0x00,0x00,0x00,0x00,0x00,0x00,0x00,0x00,0x00,0x00,
  0x00,0x00,0x00,0x00,0x00,0x00,0x00,0x00,0x00,0x00,0x00,0x00,0x00,0x00,0x00,0x00,
  0x00,0x00,0x00,0x00,0x00,0x00,0x00,0x00,0x00,0x00,0x00,0x00,0x00,0x00,0x00,0x00,
  0x00,0x00,0x00,0x00,0x00,0x00,0x00,0x00,0x00,0x00,0x00,0x00,0x00,0x00,0x00,0x00,
  0x00,0x00,0x00,0x00,0x00,0x00,0x00,0x00,0x00,0x00,0x00,0x00,0x00,0x00,0x00,0x00,
  0x00,0x00,0x00,0x00,0x00,0x00,0x00,0x00,0x00,0x00,0x00,0x00,0x00,0x00,0x00,0x00,
  0x00,0x00,0x00,0x00,0x00,0x00,0x00,0x00,0x00,0x00,0x00,0x00,0x00,0x00,0x00,0x00,
  0x00,0x00,0x00,0x00,0x00,0x00,0x00,0x00,0x00,0x00,0x00,0x00,0x00,0x00,0x00,0x00,
  0x00,0x00,0x00,0x00,0x00,0x00,0x00,0x00,0x00,0x00,0x00,0x00,0x00,0x00,0x00,0x00,
  0x00,0x00,0x00,0x00,0x00,0x00,0x00,0x00,0x00,0x00,0x00,0x00,0x00,0x00,0x00,0x00,
  0x00,0x00,0x00,0x00,0x00,0x00,0x00,0x00,0x00,0x00,0x00,0x00,0x00,0x00,0x00,0x00,
  0x00,0x00,0x00,0x00,0x00,0x00,0x00,0x00,0x00,0x00,0x00,0x00,0x00,0x00,0x00,0x00,
  0x00,0x00,0x00,0x00,0x00,0x00,0x00,0x00,0x00,0x00,0x00,0x00,0x00,0x00,0x00,0x00,
  0x00,0x00,0x00,0x00,0x00,0x00,0x00,0x00,0x00,0x00,0x00,0x00,0x00,0x00,0x00,0x00,
  0x00,0x00,0x00,0x00,0x00,0x00,0x00,0x00,0x00,0x00,0x00,0x00,0x00,0x00,0x00,0x00,
  0x00,0x00,0x00,0x00,0x00,0x00,0x00,0x00,0x00,0x00,0x00,0x00,0x00,0x00,0x00,0x00,
  0x00,0x00,0x00,0x00,0x00,0x00,0x00,0x00,0x00,0x00,0x00,0x00,0x00,0x00,0x00,0x00,
  0x00,0x00,0x00,0x00,0x00,0x00,0x00,0x00,0x00,0x00,0x00,0x00,0x00,0x00,0x00,0x00,
  0x00,0x00,0x00,0x00,0x00,0x00,0x00,0x00,0x00,0x00,0x00,0x00,0x00,0x00,0x00,0x00,
  0x00,0x00,0x00,0x00,0x00,0x00,0x00,0x00,0x00,0x00,0x00,0x00,0x00,0x00,0x00,0x00,
  0x00,0x00,0x00,0x00,0x00,0x00,0x00,0x00,0x00,0x00,0x00,0x00,0x00,0x00,0x00,0x00,
  0x00,0x00,0x00,0x00,0x00,0x00,0x00,0x00,0x00,0x00,0x00,0x00,0x00,0x00,0x00,0x00,
  0x00,0x00,0x00,0x00,0x00,0x00,0x00,0x00,0x00,0x00,0x00,0x00,0x00,0x00,0x00,0x00,
  0x00,0x00,0x00,0x00,0x00,0x00,0x00,0x00,0x00,0x00,0x00,0x00,0x00,0x00,0x00,0x00,
  0x00,0x00,0x00,0x00,0x00,0x00,0x00,0x00,0x00,0x00,0x00,0x00,0x00,0x00,0x00,0x00,
  0x00,0x00,0x00,0x00,0x00,0x00,0x00,0x00,0x00,0x00,0x00,0x00,0x00,0x00,0x00,0x00,
  0x00,0x00,0x00,0x00,0x00,0x00,0x00,0x00,0x00,0x00,0x00,0x00,0x00,0x00,0x00,0x00,
  0x00,0x00,0x00,0x00,0x00,0x00,0x00,0x00,0x00,0x00,0x00,0x00,0x00,0x00,0x00,0x00,
  0x00,0x00,0x00,0x00,0x00,0x00,0x00,0x00,0x00,0x00,0x00,0x00,0x00,0x00,0x00,0x00,
  0x00,0x00,0x00,0x00,0x00,0x00,0x00,0x00,0x00,0x00,0x00,0x00,0x00,0x00,0x00,0x00,
  0x00,0x00,0x00,0x00,0x00,0x00,0x00,0x00,0x00,0x00,0x00,0x00,0x00,0x00,0x00,0x00,
  0x00,0x00,0x00,0x00,0x00,0x00,0x00,0x00,0x00,0x00,0x00,0x00,0x00,0x00,0x00,0x00,
  0x00,0x00,0x00,0x00,0x00,0x00,0x00,0x00,0x00,0x00,0x00,0x00,0x00,0x00,0x00,0x00,
  0x00,0x00,0x00,0x00,0x00,0x00,0x00,0x00,0x00,0x00,0x00,0x00,0x00,0x00,0x00,0x00,
  0x00,0x00,0x00,0x00,0x00,0x00,0x00,0x00,0x00,0x00,0x00,0x00,0x00,0x00,0x00,0x00,
  0x00,0x00,0x00,0x00,0x00,0x00,0x00,0x00,0x00,0x00,0x00,0x00,0x00,0x00,0x00,0x00,
  0x00,0x00,0x00,0x00,0x00,0x00,0x00,0x00,0x00,0x00,0x00,0x00,0x00,0x00,0x00,0x00,
  0x00,0x00,0x00,0x00,0x00,0x00,0x00,0x00,0x00,0x00,0x00,0x00,0x00,0x00,0x00,0x00,
  0x00,0x00,0x00,0x00,0x00,0x00,0x00,0x00,0x00,0x00,0x00,0x00,0x00,0x00,0x00,0x00,
  0x00,0x00,0x00,0x00,0x00,0x00,0x00,0x00,0x00,0x00,0x00,0x00,0x00,0x00,0x00,0x00,
  0x00,0x00,0x00,0x00,0x00,0x00,0x00,0x00,0x00,0x00,0x00,0x00,0x00,0x00,0x00,0x00,
  0x00,0x00,0x00,0x00,0x00,0x00,0x00,0x00,0x00,0x00,0x00,0x00,0x00,0x00,0x00,0x00,
  0x00,0x00,0x00,0x00,0x00,0x00,0x00,0x00,0x00,0x00,0x00,0x00,0x00,0x00,0x00,0x00,
  0x00,0x00,0x00,0x00,0x00,0x00,0x00,0x00,0x00,0x00,0x00,0x00,0x00,0x00,0x00,0x00,
  0x00,0x00,0x00,0x00,0x00,0x00,0x00,0x00,0x00,0x00,0x00,0x00,0x00,0x00,0x00,0x00,
  0x00,0x00,0x00,0x00,0x00,0x00,0x00,0x00,0x00,0x00,0x00,0x00,0x00,0x00,0x00,0x00,
  0x00,0x00,0x00,0x00,0x00,0x00,0x00,0x00,0x00,0x00,0x00,0x00,0x00,0x00,0x00,0x00,
  0x00,0x00,0x00,0x00,0x00,0x00,0x00,0x00,0x00,0x00,0x00,0x00,0x00,0x00,0x00,0x00,
  0x00,0x00,0x00,0x00,0x00,0x00,0x00,0x00,0x00,0x00,0x00,0x00,0x00,0x00,0x00,0x00,
  0x00,0x00,0x00,0x00,0x00,0x00,0x00,0x00,0x00,0x00,0x00,0x00,0x00,0x00,0x00,0x00,
  0x00,0x00,0x00,0x00,0x00,0x00,0x00,0x00,0x00,0x00,0x00,0x00,0x00,0x00,0x00,0x00,
  0x00,0x00,0x00,0x00,0x00,0x00,0x00,0x00,0x00,0x00,0x00,0x00,0x00,0x00,0x00,0x00,
  0x00,0x00,0x00,0x00,0x00,0x00,0x00,0x00,0x00,0x00,0x00,0x00,0x00,0x00,0x00,0x00,
  0x00,0x00,0x00,0x00,0x00,0x00,0x00,0x00,0x00,0x00,0x00,0x00,0x00,0x00,0x00,0x00,
  0x00,0x00,0x00,0x00,0x00,0x00,0x00,0x00,0x00,0x00,0x00,0x00,0x00,0x00,0x00,0x00,
  0x00,0x00,0x00,0x00,0x00,0x00,0x00,0x00,0x00,0x00,0x00,0x00,0x00,0x00,0x00,0x00,
  0x00,0x00,0x00,0x00,0x00,0x00,0x00,0x00,0x00,0x00,0x00,0x00,0x00,0x00,0x00,0x00,
  0x00,0x00,0x00,0x00,0x00,0x00,0x00,0x00,0x00,0x00,0x00,0x00,0x00,0x00,0x00,0x00,
  0x00,0x00,0x00,0x00,0x00,0x00,0x00,0x00,0x00,0x00,0x00,0x00,0x00,0x00,0x00,0x00,
  0x00,0x00,0x00,0x00,0x00,0x00,0x00,0x00,0x00,0x00,0x00,0x00,0x00,0x00,0x00,0x00,
  0x00,0x00,0x00,0x00,0x00,0x00,0x00,0x00,0x00,0x00,0x00,0x00,0x00,0x00,0x00,0x00,
  0x00,0x00,0x00,0x00,0x00,0x00,0x00,0x00,0x00,0x00,0x00,0x00,0x00,0x00,0x00,0x00,
  0x00,0x00,0x00,0x00,0x00,0x00,0x00,0x00,0x00,0x00,0x00,0x00,0x00,0x00,0x00,0x00,
  0x00,0x00,0x00,0x00,0x00,0x00,0x00,0x00,0x00,0x00,0x00,0x00,0x00,0x00,0x00,0x00,
  0x00,0x00,0x00,0x00,0x00,0x00,0x00,0x00,0x00,0x00,0x00,0x00,0x00,0x00,0x00,0x00,
  0x00,0x00,0x00,0x00,0x00,0x00,0x00,0x00,0x00,0x00,0x00,0x00,0x00,0x00,0x00,0x00,
  0x00,0x00,0x00,0x00,0x00,0x00,0x00,0x00,0x00,0x00,0x00,0x00,0x00,0x00,0x00,0x00,
  0x00,0x00,0x00,0x00,0x00,0x00,0x00,0x00,0x00,0x00,0x00,0x00,0x00,0x00,0x00,0x00,
  0x00,0x00,0x00,0x00,0x00,0x00,0x00,0x00,0x00,0x00,0x00,0x00,0x00,0x00,0x00,0x00,
  0x00,0x00,0x00,0x00,0x00,0x00,0x00,0x00,0x00,0x00,0x00,0x00,0x00,0x00,0x00,0x00,
  0x00,0x00,0x00,0x00,0x00,0x00,0x00,0x00,0x00,0x00,0x00,0x00,0x00,0x00,0x00,0x00,
  0x00,0x00,0x00,0x00,0x00,0x00,0x00,0x00,0x00,0x00,0x00,0x00,0x00,0x00,0x00,0x00,
  0x00,0x00,0x00,0x00,0x00,0x00,0x00,0x00,0x00,0x00,0x00,0x00,0x00,0x00,0x00,0x00,
  0x00,0x00,0x00,0x00,0x00,0x00,0x00,0x00,0x00,0x00,0x00,0x00,0x00,0x00,0x00,0x00,
  0x00,0x00,0x00,0x00,0x00,0x00,0x00,0x00,0x00,0x00,0x00,0x00,0x00,0x00,0x00,0x00,
  0x00,0x00,0x00,0x00,0x00,0x00,0x00,0x00,0x00,0x00,0x00,0x00,0x00,0x00,0x00,0x00,
  0x00,0x00,0x00,0x00,0x00,0x00,0x00,0x00,0x00,0x00,0x00,0x00,0x00,0x00,0x00,0x00,
  0x00,0x00,0x00,0x00,0x00,0x00,0x00,0x00,0x00,0x00,0x00,0x00,0x00,0x00,0x00,0x00,
  0x00,0x00,0x00,0x00,0x00,0x00,0x00,0x00,0x00,0x00,0x00,0x00,0x00,0x00,0x00,0x00,
  0x00,0x00,0x00,0x00,0x00,0x00,0x00,0x00,0x00,0x00,0x00,0x00,0x00,0x00,0x00,0x00,
  0x00,0x00,0x00,0x00,0x00,0x00,0x00,0x00,0x00,0x00,0x00,0x00,0x00,0x00,0x00,0x00,
  0x00,0x00,0x00,0x00,0x00,0x00,0x00,0x00,0x00,0x00,0x00,0x00,0x00,0x00,0x00,0x00,
  0x00,0x00,0x00,0x00,0x00,0x00,0x00,0x00,0x00,0x00,0x00,0x00,0x00,0x00,0x00,0x00,
  0x00,0x00,0x00,0x00,0x00,0x00,0x00,0x00,0x00,0x00,0x00,0x00,0x00,0x00,0x00,0x00,
  0x00,0x00,0x00,0x00,0x00,0x00,0x00,0x00,0x00,0x00,0x00,0x00,0x00,0x00,0x00,0x00,
  0x00,0x00,0x00,0x00,0x00,0x00,0x00,0x00,0x00,0x00,0x00,0x00,0x00,0x00,0x00,0x00,
  0x00,0x00,0x00,0x00,0x00,0x00,0x00,0x00,0x00,0x00,0x00,0x00,0x00,0x00,0x00,0x00,
  0x00,0x00,0x00,0x00,0x00,0x00,0x00,0x00,0x00,0x00,0x00,0x00,0x00,0x00,0x00,0x00,
  0x00,0x00,0x00,0x00,0x00,0x00,0x00,0x00,0x00,0x00,0x00,0x00,0x00,0x00,0x00,0x00,
  0x00,0x00,0x00,0x00,0x00,0x00,0x00,0x00,0x00,0x00,0x00,0x00,0x00,0x00,0x00,0x00,
  0x00,0x00,0x00,0x00,0x00,0x00,0x00,0x00,0x00,0x00,0x00,0x00,0x00,0x00,0x00,0x00,
  0x00,0x00,0x00,0x00,0x00,0x00,0x00,0x00,0x00,0x00,0x00,0x00,0x00,0x00,0x00,0x00,
  0x00,0x00,0x00,0x00,0x00,0x00,0x00,0x00,0x00,0x00,0x00,0x00,0x00,0x00,0x00,0x00,
  0x00,0x00,0x00,0x00,0x00,0x00,0x00,0x00,0x00,0x00,0x00,0x00,0x00,0x00,0x00,0x00,
  0x00,0x00,0x00,0x00,0x00,0x00,0x00,0x00,0x00,0x00,0x00,0x00,0x00,0x00,0x00,0x00,
  0x00,0x00,0x00,0x00,0x00,0x00,0x00,0x00,0x00,0x00,0x00,0x00,0x00,0x00,0x00,0x00,
  0x00,0x00,0x00,0x00,0x00,0x00,0x00,0x00,0x00,0x00,0x00,0x00,0x00,0x00,0x00,0x00,
  0x00,0x00,0x00,0x00,0x00,0x00,0x00,0x00,0x00,0x00,0x00,0x00,0x00,0x00,0x00,0x00,
  0x00,0x00,0x00,0x00,0x00,0x00,0x00,0x00,0x00,0x00,0x00,0x00,0x00,0x00,0x00,0x00,
  0x00,0x00,0x00,0x00,0x00,0x00,0x00,0x00,0x00,0x00,0x00,0x00,0x00,0x00,0x00,0x00,
  0x00,0x00,0x00,0x00,0x00,0x00,0x00,0x00,0x00,0x00,0x00,0x00,0x00,0x00,0x00,0x00,
  0x00,0x00,0x00,0x00,0x00,0x00,0x00,0x00,0x00,0x00,0x00,0x00,0x00,0x00,0x00,0x00,
  0x00,0x00,0x00,0x00,0x00,0x00,0x00,0x00,0x00,0x00,0x00,0x00,0x00,0x00,0x00,0x00,
  0x00,0x00,0x00,0x00,0x00,0x00,0x00,0x00,0x00,0x00,0x00,0x00,0x00,0x00,0x00,0x00,
  0x00,0x00,0x00,0x00,0x00,0x00,0x00,0x00,0x00,0x00,0x00,0x00,0x00,0x00,0x00,0x00,
  0x00,0x00,0x00,0x00,0x00,0x00,0x00,0x00,0x00,0x00,0x00,0x00,0x00,0x00,0x00,0x00,
  0x00,0x00,0x00,0x00,0x00,0x00,0x00,0x00,0x00,0x00,0x00,0x00,0x00,0x00,0x00,0x00,
  0x00,0x00,0x00,0x00,0x00,0x00,0x00,0x00,0x00,0x00,0x00,0x00,0x00,0x00,0x00,0x00,
  0x00,0x00,0x00,0x00,0x00,0x00,0x00,0x00,0x00,0x00,0x00,0x00,0x00,0x00,0x00,0x00,
  0x00,0x00,0x00,0x00,0x00,0x00,0x00,0x00,0x00,0x00,0x00,0x00,0x00,0x00,0x00,0x00,
  0x00,0x00,0x00,0x00,0x00,0x00,0x00,0x00,0x00,0x00,0x00,0x00,0x00,0x00,0x00,0x00,
  0x00,0x00,0x00,0x00,0x00,0x00,0x00,0x00,0x00,0x00,0x00,0x00,0x00,0x00,0x00,0x00,
  0x00,0x00,0x00,0x00,0x00,0x00,0x00,0x00,0x00,0x00,0x00,0x00,0x00,0x00,0x00,0x00,
  0x00,0x00,0x00,0x00,0x00,0x00,0x00,0x00,0x00,0x00,0x00,0x00,0x00,0x00,0x00,0x00,
  0x00,0x00,0x00,0x00,0x00,0x00,0x00,0x00,0x00,0x00,0x00,0x00,0x00,0x00,0x00,0x00,
  0x00,0x00,0x00,0x00,0x00,0x00,0x00,0x00,0x00,0x00,0x00,0x00,0x00,0x00,0x00,0x00,
  0x00,0x00,0x00,0x00,0x00,0x00,0x00,0x00,0x00,0x00,0x00,0x00,0x00,0x00,0x00,0x00,
  0x00,0x00,0x00,0x00,0x00,0x00,0x00,0x00,0x00,0x00,0x00,0x00,0x00,0x00,0x00,0x00,
  0x00,0x00,0x00,0x00,0x00,0x00,0x00,0x00,0x00,0x00,0x00,0x00,0x00,0x00,0x00,0x00,
  0x00,0x00,0x00,0x00,0x00,0x00,0x00,0x00,0x00,0x00,0x00,0x00,0x00,0x00,0x00,0x00,
  0x00,0x00,0x00,0x00,0x00,0x00,0x00,0x00,0x00,0x00,0x00,0x00,0x00,0x00,0x00,0x00,
  0x00,0x00,0x00,0x00,0x00,0x00,0x00,0x00,0x00,0x00,0x00,0x00,0x00,0x00,0x00,0x00,
  0x00,0x00,0x00,0x00,0x00,0x00,0x00,0x00,0x00,0x00,0x00,0x00,0x00,0x00,0x00,0x00,
  0x00,0x00,0x00,0x00,0x00,0x00,0x00,0x00,0x00,0x00,0x00,0x00,0x00,0x00,0x00,0x00,
  0x00,0x00,0x00,0x00,0x00,0x00,0x00,0x00,0x00,0x00,0x00,0x00,0x00,0x00,0x00,0x00,
  0x00,0x00,0x00,0x00,0x00,0x00,0x00,0x00,0x00,0x00,0x00,0x00,0x00,0x00,0x00,0x00,
  0x00,0x00,0x00,0x00,0x00,0x00,0x00,0x00,0x00,0x00,0x00,0x00,0x00,0x00,0x00,0x00,
  0x00,0x00,0x00,0x00,0x00,0x00,0x00,0x00,0x00,0x00,0x00,0x00,0x00,0x00,0x00,0x00,
  0x00,0x00,0x00,0x00,0x00,0x00,0x00,0x00,0x00,0x00,0x00,0x00,0x00,0x00,0x00,0x00,
  0x00,0x00,0x00,0x00,0x00,0x00,0x00,0x00,0x00,0x00,0x00,0x00,0x00,0x00,0x00,0x00,
  0x00,0x00,0x00,0x00,0x00,0x00,0x00,0x00,0x00,0x00,0x00,0x00,0x00,0x00,0x00,0x00,
  0x00,0x00,0x00,0x00,0x00,0x00,0x00,0x00,0x00,0x00,0x00,0x00,0x00,0x00,0x00,0x00,
  0x00,0x00,0x00,0x00,0x00,0x00,0x00,0x00,0x00,0x00,0x00,0x00,0x00,0x00,0x00,0x00,
  0x00,0x00,0x00,0x00,0x00,0x00,0x00,0x00,0x00,0x00,0x00,0x00,0x00,0x00,0x00,0x00,
  0x00,0x00,0x00,0x00,0x00,0x00,0x00,0x00,0x00,0x00,0x00,0x00,0x00,0x00,0x00,0x00,
  0x00,0x00,0x00,0x00,0x00,0x00,0x00,0x00,0x00,0x00,0x00,0x00,0x00,0x00,0x00,0x00,
  0x00,0x00,0x00,0x00,0x00,0x00,0x00,0x00,0x00,0x00,0x00,0x00,0x00,0x00,0x00,0x00,
  0x00,0x00,0x00,0x00,0x00,0x00,0x00,0x00,0x00,0x00,0x00,0x00,0x00,0x00,0x00,0x00,
  0x00,0x00,0x00,0x00,0x00,0x00,0x00,0x00,0x00,0x00,0x00,0x00,0x00,0x00,0x00,0x00,
  0x00,0x00,0x00,0x00,0x00,0x00,0x00,0x00,0x00,0x00,0x00,0x00,0x00,0x00,0x00,0x00,
  0x00,0x00,0x00,0x00,0x00,0x00,0x00,0x00,0x00,0x00,0x00,0x00,0x00,0x00,0x00,0x00,
  0x00,0x00,0x00,0x00,0x00,0x00,0x00,0x00,0x00,0x00,0x00,0x00,0x00,0x00,0x00,0x00,
  0x00,0x00,0x00,0x00,0x00,0x00,0x00,0x00,0x00,0x00,0x00,0x00,0x00,0x00,0x00,0x00,
  0x00,0x00,0x00,0x00,0x00,0x00,0x00,0x00,0x00,0x00,0x00,0x00,0x00,0x00,0x00,0x00,
  0x00,0x00,0x00,0x00,0x00,0x00,0x00,0x00,0x00,0x00,0x00,0x00,0x00,0x00,0x00,0x00,
  0x00,0x00,0x00,0x00,0x00,0x00,0x00,0x00,0x00,0x00,0x00,0x00,0x00,0x00,0x00,0x00,
  0x00,0x00,0x00,0x00,0x00,0x00,0x00,0x00,0x00,0x00,0x00,0x00,0x00,0x00,0x00,0x00,
  0x00,0x00,0x00,0x00,0x00,0x00,0x00,0x00,0x00,0x00,0x00,0x00,0x00,0x00,0x00,0x00,
  0x00,0x00,0x00,0x00,0x00,0x00,0x00,0x00,0x00,0x00,0x00,0x00,0x00,0x00,0x00,0x00,
  0x00,0x00,0x00,0x00,0x00,0x00,0x00,0x00,0x00,0x00,0x00,0x00,0x00,0x00,0x00,0x00,
  0x00,0x00,0x00,0x00,0x00,0x00,0x00,0x00,0x00,0x00,0x00,0x00,0x00,0x00,0x00,0x00,
  0x00,0x00,0x00,0x00,0x00,0x00,0x00,0x00,0x00,0x00,0x00,0x00,0x00,0x00,0x00,0x00,
  0x00,0x00,0x00,0x00,0x00,0x00,0x00,0x00,0x00,0x00,0x00,0x00,0x00,0x00,0x00,0x00,
  0x00,0x00,0x00,0x00,0x00,0x00,0x00,0x00,0x00,0x00,0x00,0x00,0x00,0x00,0x00,0x00,
  0x00,0x00,0x00,0x00,0x00,0x00,0x00,0x00,0x00,0x00,0x00,0x00,0x00,0x00,0x00,0x00,
  0x00,0x00,0x00,0x00,0x00,0x00,0x00,0x00,0x00,0x00,0x00,0x00,0x00,0x00,0x00,0x00,
};
static const unsigned char g_tanh_regcmd0[20480] = {
  0x00,0x00,0x04,0x40,0x0e,0x00,0x00,0x00,0x00,0x00,0x04,0x50,0x0e,0x00,0x00,0x00,
  0x00,0x00,0x0c,0x40,0xe5,0x01,0x00,0x00,0x00,0x00,0x10,0x40,0x00,0x00,0x00,0x00,
  0x00,0x00,0x14,0x40,0x00,0x00,0x00,0x00,0x00,0x00,0x20,0x40,0x00,0x00,0x00,0x00,
  0x00,0x00,0x24,0x40,0x10,0x00,0x00,0x00,0x00,0x00,0x30,0x40,0x00,0x00,0x00,0x00,
  0x00,0x00,0x34,0x40,0x00,0x00,0x00,0x00,0x00,0x00,0x38,0x40,0x00,0x00,0x00,0x00,
  0x00,0x00,0x3c,0x40,0x0f,0x00,0x0f,0x00,0x00,0x00,0x40,0x40,0x53,0x00,0x00,0x00,
  0x00,0x00,0x44,0x40,0x00,0x00,0x00,0x00,0x00,0x00,0x48,0x40,0x00,0x00,0x00,0x00,
  0x00,0x00,0x4c,0x40,0x00,0x00,0x00,0x00,0x00,0x00,0x50,0x40,0x02,0x00,0x00,0x00,
  0x00,0x00,0x54,0x40,0x00,0x00,0x00,0x00,0x00,0x00,0x58,0x40,0x0f,0x00,0x00,0x00,
  0x00,0x00,0x5c,0x40,0x00,0x00,0x00,0x00,0x00,0x00,0x60,0x40,0x53,0x00,0x00,0x00,
  0x00,0x00,0x64,0x40,0x00,0x00,0x00,0x00,0x00,0x00,0x68,0x40,0x00,0x00,0x00,0x00,
  0x00,0x00,0x6c,0x40,0x00,0x00,0x00,0x00,0x00,0x00,0x70,0x40,0x83,0x03,0x00,0x00,
  0x00,0x00,0x74,0x40,0x00,0x00,0x00,0x00,0x00,0x00,0x78,0x40,0x01,0x00,0x00,0x00,
  0x00,0x00,0x7c,0x40,0x00,0x00,0x00,0x00,0x00,0x00,0x80,0x40,0x00,0x00,0x00,0x00,
  0x00,0x00,0x84,0x40,0x01,0x00,0x00,0x00,0x00,0x00,0x88,0x40,0x00,0x00,0x00,0x00,
  0x00,0x00,0x90,0x40,0x00,0x00,0x00,0x00,0x00,0x00,0x94,0x40,0x00,0x00,0x00,0x00,
  0x00,0x00,0x98,0x40,0x00,0x00,0x00,0x00,0x00,0x00,0x9c,0x40,0x00,0x00,0x00,0x00,
  0x00,0x00,0xa0,0x40,0x00,0x00,0x00,0x00,0x00,0x00,0xa4,0x40,0x00,0x00,0x00,0x00,
  0x00,0x00,0xa8,0x40,0x00,0x00,0x00,0x00,0x00,0x00,0xac,0x40,0x00,0x00,0x00,0x00,
  0x00,0x00,0xc0,0x40,0x10,0x00,0x00,0x00,0x00,0x00,0xc4,0x40,0x00,0x00,0x00,0x00,
  0x00,0x00,0x00,0x41,0x00,0x00,0x00,0x00,0x00,0x00,0x04,0x41,0x00,0x00,0x00,0x00,
  0x00,0x00,0x08,0x41,0x00,0x00,0x00,0x00,0x00,0x00,0x0c,0x41,0x00,0x00,0x00,0x00,
  0x00,0x00,0x10,0x41,0x00,0x00,0x00,0x00,0x00,0x00,0x14,0x41,0x00,0x00,0x00,0x00,
  0x00,0x00,0x18,0x41,0x00,0x00,0x00,0x00,0x00,0x00,0x1c,0x41,0x00,0x00,0x00,0x00,
  0x00,0x00,0x20,0x41,0x00,0x00,0x00,0x00,0x00,0x00,0x24,0x41,0x00,0x00,0x00,0x00,
  0x00,0x00,0x28,0x41,0x00,0x00,0x00,0x00,0x00,0x00,0x2c,0x41,0x00,0x00,0x00,0x00,
  0x00,0x00,0x0c,0x50,0x00,0x00,0x00,0x00,0x00,0x00,0x10,0x50,0x00,0x00,0x00,0x00,
  0x00,0x00,0x14,0x50,0x0f,0x00,0x00,0x00,0x00,0x00,0x18,0x50,0x00,0x00,0x00,0x00,
  0x00,0x00,0x1c,0x50,0x00,0x00,0x00,0x00,0x00,0x00,0x20,0x50,0x00,0x00,0x00,0x00,
  0x00,0x00,0x28,0x50,0x00,0x00,0x00,0x00,0x00,0x00,0x2c,0x50,0x00,0x00,0x00,0x00,
  0x00,0x00,0x34,0x50,0x01,0x00,0x00,0x00,0x00,0x00,0x38,0x50,0x00,0x00,0x00,0x00,
  0x00,0x00,0x40,0x50,0x00,0x00,0x00,0x00,0x00,0x00,0x44,0x50,0x01,0x78,0x00,0x00,
  0x00,0x00,0x48,0x50,0x00,0x00,0x00,0x00,0x00,0x00,0x4c,0x50,0x00,0x00,0x00,0x00,
  0x00,0x00,0x64,0x50,0x00,0x00,0x00,0x00,0x00,0x00,0x68,0x50,0x01,0x01,0x01,0x01,
  0x00,0x00,0x6c,0x50,0x00,0x00,0x00,0x00,0x00,0x00,0x00,0x41,0x00,0x00,0x02,0x00,
  0x00,0x00,0x04,0x41,0x9d,0x80,0xff,0xff,0x00,0x00,0x04,0x41,0x9f,0x80,0xff,0xff,
  0x00,0x00,0x04,0x41,0xa0,0x80,0xff,0xff,0x00,0x00,0x04,0x41,0xa2,0x80,0xff,0xff,
  0x00,0x00,0x04,0x41,0xa4,0x80,0xff,0xff,0x00,0x00,0x04,0x41,0xa6,0x80,0xff,0xff,
  0x00,0x00,0x04,0x41,0xa8,0x80,0xff,0xff,0x00,0x00,0x04,0x41,0xaa,0x80,0xff,0xff,
  0x00,0x00,0x04,0x41,0xac,0x80,0xff,0xff,0x00,0x00,0x04,0x41,0xae,0x80,0xff,0xff,
  0x00,0x00,0x04,0x41,0xb0,0x80,0xff,0xff,0x00,0x00,0x04,0x41,0xb2,0x80,0xff,0xff,
  0x00,0x00,0x04,0x41,0xb4,0x80,0xff,0xff,0x00,0x00,0x04,0x41,0xb6,0x80,0xff,0xff,
  0x00,0x00,0x04,0x41,0xb9,0x80,0xff,0xff,0x00,0x00,0x04,0x41,0xbb,0x80,0xff,0xff,
  0x00,0x00,0x04,0x41,0xbd,0x80,0xff,0xff,0x00,0x00,0x04,0x41,0xbf,0x80,0xff,0xff,
  0x00,0x00,0x04,0x41,0xc1,0x80,0xff,0xff,0x00,0x00,0x04,0x41,0xc4,0x80,0xff,0xff,
  0x00,0x00,0x04,0x41,0xc6,0x80,0xff,0xff,0x00,0x00,0x04,0x41,0xc8,0x80,0xff,0xff,
  0x00,0x00,0x04,0x41,0xcb,0x80,0xff,0xff,0x00,0x00,0x04,0x41,0xcd,0x80,0xff,0xff,
  0x00,0x00,0x04,0x41,0xcf,0x80,0xff,0xff,0x00,0x00,0x04,0x41,0xd2,0x80,0xff,0xff,
  0x00,0x00,0x04,0x41,0xd4,0x80,0xff,0xff,0x00,0x00,0x04,0x41,0xd7,0x80,0xff,0xff,
  0x00,0x00,0x04,0x41,0xd9,0x80,0xff,0xff,0x00,0x00,0x04,0x41,0xdc,0x80,0xff,0xff,
  0x00,0x00,0x04,0x41,0xdf,0x80,0xff,0xff,0x00,0x00,0x04,0x41,0xe1,0x80,0xff,0xff,
  0x00,0x00,0x04,0x41,0xe4,0x80,0xff,0xff,0x00,0x00,0x04,0x41,0xe7,0x80,0xff,0xff,
  0x00,0x00,0x04,0x41,0xe9,0x80,0xff,0xff,0x00,0x00,0x04,0x41,0xec,0x80,0xff,0xff,
  0x00,0x00,0x04,0x41,0xef,0x80,0xff,0xff,0x00,0x00,0x04,0x41,0xf2,0x80,0xff,0xff,
  0x00,0x00,0x04,0x41,0xf4,0x80,0xff,0xff,0x00,0x00,0x04,0x41,0xf7,0x80,0xff,0xff,
  0x00,0x00,0x04,0x41,0xfa,0x80,0xff,0xff,0x00,0x00,0x04,0x41,0xfd,0x80,0xff,0xff,
  0x00,0x00,0x04,0x41,0x00,0x81,0xff,0xff,0x00,0x00,0x04,0x41,0x03,0x81,0xff,0xff,
  0x00,0x00,0x04,0x41,0x06,0x81,0xff,0xff,0x00,0x00,0x04,0x41,0x09,0x81,0xff,0xff,
  0x00,0x00,0x04,0x41,0x0c,0x81,0xff,0xff,0x00,0x00,0x04,0x41,0x10,0x81,0xff,0xff,
  0x00,0x00,0x04,0x41,0x13,0x81,0xff,0xff,0x00,0x00,0x04,0x41,0x16,0x81,0xff,0xff,
  0x00,0x00,0x04,0x41,0x19,0x81,0xff,0xff,0x00,0x00,0x04,0x41,0x1d,0x81,0xff,0xff,
  0x00,0x00,0x04,0x41,0x20,0x81,0xff,0xff,0x00,0x00,0x04,0x41,0x23,0x81,0xff,0xff,
  0x00,0x00,0x04,0x41,0x27,0x81,0xff,0xff,0x00,0x00,0x04,0x41,0x2a,0x81,0xff,0xff,
  0x00,0x00,0x04,0x41,0x2e,0x81,0xff,0xff,0x00,0x00,0x04,0x41,0x31,0x81,0xff,0xff,
  0x00,0x00,0x04,0x41,0x35,0x81,0xff,0xff,0x00,0x00,0x04,0x41,0x39,0x81,0xff,0xff,
  0x00,0x00,0x04,0x41,0x3c,0x81,0xff,0xff,0x00,0x00,0x04,0x41,0x40,0x81,0xff,0xff,
  0x00,0x00,0x04,0x41,0x44,0x81,0xff,0xff,0x00,0x00,0x04,0x41,0x48,0x81,0xff,0xff,
  0x00,0x00,0x04,0x41,0x4b,0x81,0xff,0xff,0x00,0x00,0x04,0x41,0x4f,0x81,0xff,0xff,
  0x00,0x00,0x04,0x41,0x53,0x81,0xff,0xff,0x00,0x00,0x04,0x41,0x57,0x81,0xff,0xff,
  0x00,0x00,0x04,0x41,0x5b,0x81,0xff,0xff,0x00,0x00,0x04,0x41,0x5f,0x81,0xff,0xff,
  0x00,0x00,0x04,0x41,0x63,0x81,0xff,0xff,0x00,0x00,0x04,0x41,0x68,0x81,0xff,0xff,
  0x00,0x00,0x04,0x41,0x6c,0x81,0xff,0xff,0x00,0x00,0x04,0x41,0x70,0x81,0xff,0xff,
  0x00,0x00,0x04,0x41,0x75,0x81,0xff,0xff,0x00,0x00,0x04,0x41,0x79,0x81,0xff,0xff,
  0x00,0x00,0x04,0x41,0x7d,0x81,0xff,0xff,0x00,0x00,0x04,0x41,0x82,0x81,0xff,0xff,
  0x00,0x00,0x04,0x41,0x86,0x81,0xff,0xff,0x00,0x00,0x04,0x41,0x8b,0x81,0xff,0xff,
  0x00,0x00,0x04,0x41,0x90,0x81,0xff,0xff,0x00,0x00,0x04,0x41,0x94,0x81,0xff,0xff,
  0x00,0x00,0x04,0x41,0x99,0x81,0xff,0xff,0x00,0x00,0x04,0x41,0x9e,0x81,0xff,0xff,
  0x00,0x00,0x04,0x41,0xa3,0x81,0xff,0xff,0x00,0x00,0x04,0x41,0xa8,0x81,0xff,0xff,
  0x00,0x00,0x04,0x41,0xad,0x81,0xff,0xff,0x00,0x00,0x04,0x41,0xb2,0x81,0xff,0xff,
  0x00,0x00,0x04,0x41,0xb7,0x81,0xff,0xff,0x00,0x00,0x04,0x41,0xbc,0x81,0xff,0xff,
  0x00,0x00,0x04,0x41,0xc1,0x81,0xff,0xff,0x00,0x00,0x04,0x41,0xc6,0x81,0xff,0xff,
  0x00,0x00,0x04,0x41,0xcc,0x81,0xff,0xff,0x00,0x00,0x04,0x41,0xd1,0x81,0xff,0xff,
  0x00,0x00,0x04,0x41,0xd7,0x81,0xff,0xff,0x00,0x00,0x04,0x41,0xdc,0x81,0xff,0xff,
  0x00,0x00,0x04,0x41,0xe2,0x81,0xff,0xff,0x00,0x00,0x04,0x41,0xe7,0x81,0xff,0xff,
  0x00,0x00,0x04,0x41,0xed,0x81,0xff,0xff,0x00,0x00,0x04,0x41,0xf3,0x81,0xff,0xff,
  0x00,0x00,0x04,0x41,0xf9,0x81,0xff,0xff,0x00,0x00,0x04,0x41,0xff,0x81,0xff,0xff,
  0x00,0x00,0x04,0x41,0x05,0x82,0xff,0xff,0x00,0x00,0x04,0x41,0x0b,0x82,0xff,0xff,
  0x00,0x00,0x04,0x41,0x11,0x82,0xff,0xff,0x00,0x00,0x04,0x41,0x17,0x82,0xff,0xff,
  0x00,0x00,0x04,0x41,0x1e,0x82,0xff,0xff,0x00,0x00,0x04,0x41,0x24,0x82,0xff,0xff,
  0x00,0x00,0x04,0x41,0x2a,0x82,0xff,0xff,0x00,0x00,0x04,0x41,0x31,0x82,0xff,0xff,
  0x00,0x00,0x04,0x41,0x37,0x82,0xff,0xff,0x00,0x00,0x04,0x41,0x3e,0x82,0xff,0xff,
  0x00,0x00,0x04,0x41,0x45,0x82,0xff,0xff,0x00,0x00,0x04,0x41,0x4c,0x82,0xff,0xff,
  0x00,0x00,0x04,0x41,0x53,0x82,0xff,0xff,0x00,0x00,0x04,0x41,0x5a,0x82,0xff,0xff,
  0x00,0x00,0x04,0x41,0x61,0x82,0xff,0xff,0x00,0x00,0x04,0x41,0x68,0x82,0xff,0xff,
  0x00,0x00,0x04,0x41,0x6f,0x82,0xff,0xff,0x00,0x00,0x04,0x41,0x76,0x82,0xff,0xff,
  0x00,0x00,0x04,0x41,0x7e,0x82,0xff,0xff,0x00,0x00,0x04,0x41,0x85,0x82,0xff,0xff,
  0x00,0x00,0x04,0x41,0x8d,0x82,0xff,0xff,0x00,0x00,0x04,0x41,0x94,0x82,0xff,0xff,
  0x00,0x00,0x04,0x41,0x9c,0x82,0xff,0xff,0x00,0x00,0x04,0x41,0xa4,0x82,0xff,0xff,
  0x00,0x00,0x04,0x41,0xac,0x82,0xff,0xff,0x00,0x00,0x04,0x41,0xb4,0x82,0xff,0xff,
  0x00,0x00,0x04,0x41,0xbc,0x82,0xff,0xff,0x00,0x00,0x04,0x41,0xc4,0x82,0xff,0xff,
  0x00,0x00,0x04,0x41,0xcc,0x82,0xff,0xff,0x00,0x00,0x04,0x41,0xd5,0x82,0xff,0xff,
  0x00,0x00,0x04,0x41,0xdd,0x82,0xff,0xff,0x00,0x00,0x04,0x41,0xe6,0x82,0xff,0xff,
  0x00,0x00,0x04,0x41,0xef,0x82,0xff,0xff,0x00,0x00,0x04,0x41,0xf7,0x82,0xff,0xff,
  0x00,0x00,0x04,0x41,0x00,0x83,0xff,0xff,0x00,0x00,0x04,0x41,0x09,0x83,0xff,0xff,
  0x00,0x00,0x04,0x41,0x12,0x83,0xff,0xff,0x00,0x00,0x04,0x41,0x1c,0x83,0xff,0xff,
  0x00,0x00,0x04,0x41,0x25,0x83,0xff,0xff,0x00,0x00,0x04,0x41,0x2e,0x83,0xff,0xff,
  0x00,0x00,0x04,0x41,0x38,0x83,0xff,0xff,0x00,0x00,0x04,0x41,0x42,0x83,0xff,0xff,
  0x00,0x00,0x04,0x41,0x4b,0x83,0xff,0xff,0x00,0x00,0x04,0x41,0x55,0x83,0xff,0xff,
  0x00,0x00,0x04,0x41,0x5f,0x83,0xff,0xff,0x00,0x00,0x04,0x41,0x69,0x83,0xff,0xff,
  0x00,0x00,0x04,0x41,0x73,0x83,0xff,0xff,0x00,0x00,0x04,0x41,0x7e,0x83,0xff,0xff,
  0x00,0x00,0x04,0x41,0x88,0x83,0xff,0xff,0x00,0x00,0x04,0x41,0x93,0x83,0xff,0xff,
  0x00,0x00,0x04,0x41,0x9d,0x83,0xff,0xff,0x00,0x00,0x04,0x41,0xa8,0x83,0xff,0xff,
  0x00,0x00,0x04,0x41,0xb3,0x83,0xff,0xff,0x00,0x00,0x04,0x41,0xbe,0x83,0xff,0xff,
  0x00,0x00,0x04,0x41,0xca,0x83,0xff,0xff,0x00,0x00,0x04,0x41,0xd5,0x83,0xff,0xff,
  0x00,0x00,0x04,0x41,0xe0,0x83,0xff,0xff,0x00,0x00,0x04,0x41,0xec,0x83,0xff,0xff,
  0x00,0x00,0x04,0x41,0xf8,0x83,0xff,0xff,0x00,0x00,0x04,0x41,0x03,0x84,0xff,0xff,
  0x00,0x00,0x04,0x41,0x0f,0x84,0xff,0xff,0x00,0x00,0x04,0x41,0x1c,0x84,0xff,0xff,
  0x00,0x00,0x04,0x41,0x28,0x84,0xff,0xff,0x00,0x00,0x04,0x41,0x34,0x84,0xff,0xff,
  0x00,0x00,0x04,0x41,0x41,0x84,0xff,0xff,0x00,0x00,0x04,0x41,0x4d,0x84,0xff,0xff,
  0x00,0x00,0x04,0x41,0x5a,0x84,0xff,0xff,0x00,0x00,0x04,0x41,0x67,0x84,0xff,0xff,
  0x00,0x00,0x04,0x41,0x74,0x84,0xff,0xff,0x00,0x00,0x04,0x41,0x82,0x84,0xff,0xff,
  0x00,0x00,0x04,0x41,0x8f,0x84,0xff,0xff,0x00,0x00,0x04,0x41,0x9d,0x84,0xff,0xff,
  0x00,0x00,0x04,0x41,0xaa,0x84,0xff,0xff,0x00,0x00,0x04,0x41,0xb8,0x84,0xff,0xff,
  0x00,0x00,0x04,0x41,0xc6,0x84,0xff,0xff,0x00,0x00,0x04,0x41,0xd5,0x84,0xff,0xff,
  0x00,0x00,0x04,0x41,0xe3,0x84,0xff,0xff,0x00,0x00,0x04,0x41,0xf2,0x84,0xff,0xff,
  0x00,0x00,0x04,0x41,0x00,0x85,0xff,0xff,0x00,0x00,0x04,0x41,0x0f,0x85,0xff,0xff,
  0x00,0x00,0x04,0x41,0x1e,0x85,0xff,0xff,0x00,0x00,0x04,0x41,0x2d,0x85,0xff,0xff,
  0x00,0x00,0x04,0x41,0x3d,0x85,0xff,0xff,0x00,0x00,0x04,0x41,0x4c,0x85,0xff,0xff,
  0x00,0x00,0x04,0x41,0x5c,0x85,0xff,0xff,0x00,0x00,0x04,0x41,0x6c,0x85,0xff,0xff,
  0x00,0x00,0x04,0x41,0x7c,0x85,0xff,0xff,0x00,0x00,0x04,0x41,0x8c,0x85,0xff,0xff,
  0x00,0x00,0x04,0x41,0x9d,0x85,0xff,0xff,0x00,0x00,0x04,0x41,0xae,0x85,0xff,0xff,
  0x00,0x00,0x04,0x41,0xbe,0x85,0xff,0xff,0x00,0x00,0x04,0x41,0xcf,0x85,0xff,0xff,
  0x00,0x00,0x04,0x41,0xe1,0x85,0xff,0xff,0x00,0x00,0x04,0x41,0xf2,0x85,0xff,0xff,
  0x00,0x00,0x04,0x41,0x04,0x86,0xff,0xff,0x00,0x00,0x04,0x41,0x16,0x86,0xff,0xff,
  0x00,0x00,0x04,0x41,0x28,0x86,0xff,0xff,0x00,0x00,0x04,0x41,0x3a,0x86,0xff,0xff,
  0x00,0x00,0x04,0x41,0x4c,0x86,0xff,0xff,0x00,0x00,0x04,0x41,0x5f,0x86,0xff,0xff,
  0x00,0x00,0x04,0x41,0x72,0x86,0xff,0xff,0x00,0x00,0x04,0x41,0x85,0x86,0xff,0xff,
  0x00,0x00,0x04,0x41,0x98,0x86,0xff,0xff,0x00,0x00,0x04,0x41,0xac,0x86,0xff,0xff,
  0x00,0x00,0x04,0x41,0xbf,0x86,0xff,0xff,0x00,0x00,0x04,0x41,0xd3,0x86,0xff,0xff,
  0x00,0x00,0x04,0x41,0xe7,0x86,0xff,0xff,0x00,0x00,0x04,0x41,0xfc,0x86,0xff,0xff,
  0x00,0x00,0x04,0x41,0x10,0x87,0xff,0xff,0x00,0x00,0x04,0x41,0x25,0x87,0xff,0xff,
  0x00,0x00,0x04,0x41,0x3a,0x87,0xff,0xff,0x00,0x00,0x04,0x41,0x50,0x87,0xff,0xff,
  0x00,0x00,0x04,0x41,0x65,0x87,0xff,0xff,0x00,0x00,0x04,0x41,0x7b,0x87,0xff,0xff,
  0x00,0x00,0x04,0x41,0x91,0x87,0xff,0xff,0x00,0x00,0x04,0x41,0xa7,0x87,0xff,0xff,
  0x00,0x00,0x04,0x41,0xbe,0x87,0xff,0xff,0x00,0x00,0x04,0x41,0xd5,0x87,0xff,0xff,
  0x00,0x00,0x04,0x41,0xec,0x87,0xff,0xff,0x00,0x00,0x04,0x41,0x03,0x88,0xff,0xff,
  0x00,0x00,0x04,0x41,0x1b,0x88,0xff,0xff,0x00,0x00,0x04,0x41,0x32,0x88,0xff,0xff,
  0x00,0x00,0x04,0x41,0x4b,0x88,0xff,0xff,0x00,0x00,0x04,0x41,0x63,0x88,0xff,0xff,
  0x00,0x00,0x04,0x41,0x7c,0x88,0xff,0xff,0x00,0x00,0x04,0x41,0x94,0x88,0xff,0xff,
  0x00,0x00,0x04,0x41,0xae,0x88,0xff,0xff,0x00,0x00,0x04,0x41,0xc7,0x88,0xff,0xff,
  0x00,0x00,0x04,0x41,0xe1,0x88,0xff,0xff,0x00,0x00,0x04,0x41,0xfb,0x88,0xff,0xff,
  0x00,0x00,0x04,0x41,0x15,0x89,0xff,0xff,0x00,0x00,0x04,0x41,0x30,0x89,0xff,0xff,
  0x00,0x00,0x04,0x41,0x4b,0x89,0xff,0xff,0x00,0x00,0x04,0x41,0x66,0x89,0xff,0xff,
  0x00,0x00,0x04,0x41,0x81,0x89,0xff,0xff,0x00,0x00,0x04,0x41,0x9d,0x89,0xff,0xff,
  0x00,0x00,0x04,0x41,0xb9,0x89,0xff,0xff,0x00,0x00,0x04,0x41,0xd5,0x89,0xff,0xff,
  0x00,0x00,0x04,0x41,0xf2,0x89,0xff,0xff,0x00,0x00,0x04,0x41,0x0f,0x8a,0xff,0xff,
  0x00,0x00,0x04,0x41,0x2d,0x8a,0xff,0xff,0x00,0x00,0x04,0x41,0x4a,0x8a,0xff,0xff,
  0x00,0x00,0x04,0x41,0x68,0x8a,0xff,0xff,0x00,0x00,0x04,0x41,0x86,0x8a,0xff,0xff,
  0x00,0x00,0x04,0x41,0xa5,0x8a,0xff,0xff,0x00,0x00,0x04,0x41,0xc4,0x8a,0xff,0xff,
  0x00,0x00,0x04,0x41,0xe3,0x8a,0xff,0xff,0x00,0x00,0x04,0x41,0x03,0x8b,0xff,0xff,
  0x00,0x00,0x04,0x41,0x23,0x8b,0xff,0xff,0x00,0x00,0x04,0x41,0x43,0x8b,0xff,0xff,
  0x00,0x00,0x04,0x41,0x64,0x8b,0xff,0xff,0x00,0x00,0x04,0x41,0x85,0x8b,0xff,0xff,
  0x00,0x00,0x04,0x41,0xa6,0x8b,0xff,0xff,0x00,0x00,0x04,0x41,0xc8,0x8b,0xff,0xff,
  0x00,0x00,0x04,0x41,0xea,0x8b,0xff,0xff,0x00,0x00,0x04,0x41,0x0d,0x8c,0xff,0xff,
  0x00,0x00,0x04,0x41,0x30,0x8c,0xff,0xff,0x00,0x00,0x04,0x41,0x53,0x8c,0xff,0xff,
  0x00,0x00,0x04,0x41,0x76,0x8c,0xff,0xff,0x00,0x00,0x04,0x41,0x9a,0x8c,0xff,0xff,
  0x00,0x00,0x04,0x41,0xbf,0x8c,0xff,0xff,0x00,0x00,0x04,0x41,0xe4,0x8c,0xff,0xff,
  0x00,0x00,0x04,0x41,0x09,0x8d,0xff,0xff,0x00,0x00,0x04,0x41,0x2e,0x8d,0xff,0xff,
  0x00,0x00,0x04,0x41,0x54,0x8d,0xff,0xff,0x00,0x00,0x04,0x41,0x7b,0x8d,0xff,0xff,
  0x00,0x00,0x04,0x41,0xa1,0x8d,0xff,0xff,0x00,0x00,0x04,0x41,0xc9,0x8d,0xff,0xff,
  0x00,0x00,0x04,0x41,0xf0,0x8d,0xff,0xff,0x00,0x00,0x04,0x41,0x18,0x8e,0xff,0xff,
  0x00,0x00,0x04,0x41,0x41,0x8e,0xff,0xff,0x00,0x00,0x04,0x41,0x69,0x8e,0xff,0xff,
  0x00,0x00,0x04,0x41,0x93,0x8e,0xff,0xff,0x00,0x00,0x04,0x41,0xbc,0x8e,0xff,0xff,
  0x00,0x00,0x04,0x41,0xe7,0x8e,0xff,0xff,0x00,0x00,0x04,0x41,0x11,0x8f,0xff,0xff,
  0x00,0x00,0x04,0x41,0x3c,0x8f,0xff,0xff,0x00,0x00,0x04,0x41,0x68,0x8f,0xff,0xff,
  0x00,0x00,0x04,0x41,0x94,0x8f,0xff,0xff,0x00,0x00,0x04,0x41,0xc0,0x8f,0xff,0xff,
  0x00,0x00,0x04,0x41,0xed,0x8f,0xff,0xff,0x00,0x00,0x04,0x41,0x1a,0x90,0xff,0xff,
  0x00,0x00,0x04,0x41,0x48,0x90,0xff,0xff,0x00,0x00,0x04,0x41,0x76,0x90,0xff,0xff,
  0x00,0x00,0x04,0x41,0xa5,0x90,0xff,0xff,0x00,0x00,0x04,0x41,0xd4,0x90,0xff,0xff,
  0x00,0x00,0x04,0x41,0x04,0x91,0xff,0xff,0x00,0x00,0x04,0x41,0x34,0x91,0xff,0xff,
  0x00,0x00,0x04,0x41,0x65,0x91,0xff,0xff,0x00,0x00,0x04,0x41,0x96,0x91,0xff,0xff,
  0x00,0x00,0x04,0x41,0xc8,0x91,0xff,0xff,0x00,0x00,0x04,0x41,0xfa,0x91,0xff,0xff,
  0x00,0x00,0x04,0x41,0x2d,0x92,0xff,0xff,0x00,0x00,0x04,0x41,0x60,0x92,0xff,0xff,
  0x00,0x00,0x04,0x41,0x94,0x92,0xff,0xff,0x00,0x00,0x04,0x41,0xc8,0x92,0xff,0xff,
  0x00,0x00,0x04,0x41,0xfd,0x92,0xff,0xff,0x00,0x00,0x04,0x41,0x32,0x93,0xff,0xff,
  0x00,0x00,0x04,0x41,0x68,0x93,0xff,0xff,0x00,0x00,0x04,0x41,0x9e,0x93,0xff,0xff,
  0x00,0x00,0x04,0x41,0xd5,0x93,0xff,0xff,0x00,0x00,0x04,0x41,0x0d,0x94,0xff,0xff,
  0x00,0x00,0x04,0x41,0x45,0x94,0xff,0xff,0x00,0x00,0x04,0x41,0x7e,0x94,0xff,0xff,
  0x00,0x00,0x04,0x41,0xb7,0x94,0xff,0xff,0x00,0x00,0x04,0x41,0xf1,0x94,0xff,0xff,
  0x00,0x00,0x04,0x41,0x2b,0x95,0xff,0xff,0x00,0x00,0x04,0x41,0x66,0x95,0xff,0xff,
  0x00,0x00,0x04,0x41,0xa1,0x95,0xff,0xff,0x00,0x00,0x04,0x41,0xdd,0x95,0xff,0xff,
  0x00,0x00,0x04,0x41,0x1a,0x96,0xff,0xff,0x00,0x00,0x04,0x41,0x57,0x96,0xff,0xff,
  0x00,0x00,0x04,0x41,0x95,0x96,0xff,0xff,0x00,0x00,0x04,0x41,0xd4,0x96,0xff,0xff,
  0x00,0x00,0x04,0x41,0x13,0x97,0xff,0xff,0x00,0x00,0x04,0x41,0x53,0x97,0xff,0xff,
  0x00,0x00,0x04,0x41,0x93,0x97,0xff,0xff,0x00,0x00,0x04,0x41,0xd4,0x97,0xff,0xff,
  0x00,0x00,0x04,0x41,0x15,0x98,0xff,0xff,0x00,0x00,0x04,0x41,0x58,0x98,0xff,0xff,
  0x00,0x00,0x04,0x41,0x9a,0x98,0xff,0xff,0x00,0x00,0x04,0x41,0xde,0x98,0xff,0xff,
  0x00,0x00,0x04,0x41,0x22,0x99,0xff,0xff,0x00,0x00,0x04,0x41,0x67,0x99,0xff,0xff,
  0x00,0x00,0x04,0x41,0xac,0x99,0xff,0xff,0x00,0x00,0x04,0x41,0xf2,0x99,0xff,0xff,
  0x00,0x00,0x04,0x41,0x39,0x9a,0xff,0xff,0x00,0x00,0x04,0x41,0x80,0x9a,0xff,0xff,
  0x00,0x00,0x04,0x41,0xc8,0x9a,0xff,0xff,0x00,0x00,0x04,0x41,0x11,0x9b,0xff,0xff,
  0x00,0x00,0x04,0x41,0x5b,0x9b,0xff,0xff,0x00,0x00,0x04,0x41,0xa5,0x9b,0xff,0xff,
  0x00,0x00,0x04,0x41,0xf0,0x9b,0xff,0xff,0x00,0x00,0x04,0x41,0x3b,0x9c,0xff,0xff,
  0x00,0x00,0x04,0x41,0x87,0x9c,0xff,0xff,0x00,0x00,0x04,0x41,0xd4,0x9c,0xff,0xff,
  0x00,0x00,0x04,0x41,0x22,0x9d,0xff,0xff,0x00,0x00,0x04,0x41,0x70,0x9d,0xff,0xff,
  0x00,0x00,0x04,0x41,0xbf,0x9d,0xff,0xff,0x00,0x00,0x04,0x41,0x0f,0x9e,0xff,0xff,
  0x00,0x00,0x04,0x41,0x5f,0x9e,0xff,0xff,0x00,0x00,0x04,0x41,0xb0,0x9e,0xff,0xff,
  0x00,0x00,0x04,0x41,0x02,0x9f,0xff,0xff,0x00,0x00,0x04,0x41,0x55,0x9f,0xff,0xff,
  0x00,0x00,0x04,0x41,0xa8,0x9f,0xff,0xff,0x00,0x00,0x04,0x41,0xfd,0x9f,0xff,0xff,
  0x00,0x00,0x04,0x41,0x52,0xa0,0xff,0xff,0x00,0x00,0x04,0x41,0xa7,0xa0,0xff,0xff,
  0x00,0x00,0x04,0x41,0xfe,0xa0,0xff,0xff,0x00,0x00,0x04,0x41,0x55,0xa1,0xff,0xff,
  0x00,0x00,0x04,0x41,0xad,0xa1,0xff,0xff,0x00,0x00,0x04,0x41,0x05,0xa2,0xff,0xff,
  0x00,0x00,0x04,0x41,0x5f,0xa2,0xff,0xff,0x00,0x00,0x04,0x41,0xb9,0xa2,0xff,0xff,
  0x00,0x00,0x04,0x41,0x14,0xa3,0xff,0xff,0x00,0x00,0x04,0x41,0x70,0xa3,0xff,0xff,
  0x00,0x00,0x04,0x41,0xcc,0xa3,0xff,0xff,0x00,0x00,0x04,0x41,0x2a,0xa4,0xff,0xff,
  0x00,0x00,0x04,0x41,0x88,0xa4,0xff,0xff,0x00,0x00,0x04,0x41,0xe7,0xa4,0xff,0xff,
  0x00,0x00,0x04,0x41,0x47,0xa5,0xff,0xff,0x00,0x00,0x04,0x41,0xa7,0xa5,0xff,0xff,
  0x00,0x00,0x04,0x41,0x09,0xa6,0xff,0xff,0x00,0x00,0x04,0x41,0x6b,0xa6,0xff,0xff,
  0x00,0x00,0x04,0x41,0xce,0xa6,0xff,0xff,0x00,0x00,0x04,0x41,0x32,0xa7,0xff,0xff,
  0x00,0x00,0x04,0x41,0x96,0xa7,0xff,0xff,0x00,0x00,0x04,0x41,0xfc,0xa7,0xff,0xff,
  0x00,0x00,0x04,0x41,0x62,0xa8,0xff,0xff,0x00,0x00,0x04,0x41,0xc9,0xa8,0xff,0xff,
  0x00,0x00,0x04,0x41,0x31,0xa9,0xff,0xff,0x00,0x00,0x04,0x41,0x9a,0xa9,0xff,0xff,
  0x00,0x00,0x04,0x41,0x04,0xaa,0xff,0xff,0x00,0x00,0x04,0x41,0x6e,0xaa,0xff,0xff,
  0x00,0x00,0x04,0x41,0xd9,0xaa,0xff,0xff,0x00,0x00,0x04,0x41,0x46,0xab,0xff,0xff,
  0x00,0x00,0x04,0x41,0xb3,0xab,0xff,0xff,0x00,0x00,0x04,0x41,0x21,0xac,0xff,0xff,
  0x00,0x00,0x04,0x41,0x8f,0xac,0xff,0xff,0x00,0x00,0x04,0x41,0xff,0xac,0xff,0xff,
  0x00,0x00,0x04,0x41,0x6f,0xad,0xff,0xff,0x00,0x00,0x04,0x41,0xe1,0xad,0xff,0xff,
  0x00,0x00,0x04,0x41,0x53,0xae,0xff,0xff,0x00,0x00,0x04,0x41,0xc6,0xae,0xff,0xff,
  0x00,0x00,0x04,0x41,0x3a,0xaf,0xff,0xff,0x00,0x00,0x04,0x41,0xae,0xaf,0xff,0xff,
  0x00,0x00,0x04,0x41,0x24,0xb0,0xff,0xff,0x00,0x00,0x04,0x41,0x9a,0xb0,0xff,0xff,
  0x00,0x00,0x04,0x41,0x12,0xb1,0xff,0xff,0x00,0x00,0x04,0x41,0x8a,0xb1,0xff,0xff,
  0x00,0x00,0x04,0x41,0x03,0xb2,0xff,0xff,0x00,0x00,0x04,0x41,0x7d,0xb2,0xff,0xff,
  0x00,0x00,0x04,0x41,0xf8,0xb2,0xff,0xff,0x00,0x00,0x04,0x41,0x73,0xb3,0xff,0xff,
  0x00,0x00,0x04,0x41,0xf0,0xb3,0xff,0xff,0x00,0x00,0x04,0x41,0x6d,0xb4,0xff,0xff,
  0x00,0x00,0x04,0x41,0xec,0xb4,0xff,0xff,0x00,0x00,0x04,0x41,0x6b,0xb5,0xff,0xff,
  0x00,0x00,0x04,0x41,0xeb,0xb5,0xff,0xff,0x00,0x00,0x04,0x41,0x6c,0xb6,0xff,0xff,
  0x00,0x00,0x04,0x41,0xee,0xb6,0xff,0xff,0x00,0x00,0x04,0x41,0x71,0xb7,0xff,0xff,
  0x00,0x00,0x04,0x41,0xf4,0xb7,0xff,0xff,0x00,0x00,0x04,0x41,0x79,0xb8,0xff,0xff,
  0x00,0x00,0x04,0x41,0xfe,0xb8,0xff,0xff,0x00,0x00,0x04,0x41,0x84,0xb9,0xff,0xff,
  0x00,0x00,0x04,0x41,0x0b,0xba,0xff,0xff,0x00,0x00,0x04,0x41,0x93,0xba,0xff,0xff,
  0x00,0x00,0x04,0x41,0x1c,0xbb,0xff,0xff,0x00,0x00,0x04,0x41,0xa6,0xbb,0xff,0xff,
  0x00,0x00,0x04,0x41,0x31,0xbc,0xff,0xff,0x00,0x00,0x04,0x41,0xbc,0xbc,0xff,0xff,
  0x00,0x00,0x04,0x41,0x48,0xbd,0xff,0xff,0x00,0x00,0x04,0x41,0xd6,0xbd,0xff,0xff,
  0x00,0x00,0x04,0x41,0x64,0xbe,0xff,0xff,0x00,0x00,0x04,0x41,0xf3,0xbe,0xff,0xff,
  0x00,0x00,0x04,0x41,0x82,0xbf,0xff,0xff,0x00,0x00,0x04,0x41,0x13,0xc0,0xff,0xff,
  0x00,0x00,0x04,0x41,0xa4,0xc0,0xff,0xff,0x00,0x00,0x04,0x41,0x37,0xc1,0xff,0xff,
  0x00,0x00,0x04,0x41,0xca,0xc1,0xff,0xff,0x00,0x00,0x04,0x41,0x5e,0xc2,0xff,0xff,
  0x00,0x00,0x04,0x41,0xf3,0xc2,0xff,0xff,0x00,0x00,0x04,0x41,0x89,0xc3,0xff,0xff,
  0x00,0x00,0x04,0x41,0x1f,0xc4,0xff,0xff,0x00,0x00,0x04,0x41,0xb7,0xc4,0xff,0xff,
  0x00,0x00,0x04,0x41,0x4f,0xc5,0xff,0xff,0x00,0x00,0x04,0x41,0xe8,0xc5,0xff,0xff,
  0x00,0x00,0x04,0x41,0x82,0xc6,0xff,0xff,0x00,0x00,0x04,0x41,0x1c,0xc7,0xff,0xff,
  0x00,0x00,0x04,0x41,0xb8,0xc7,0xff,0xff,0x00,0x00,0x04,0x41,0x54,0xc8,0xff,0xff,
  0x00,0x00,0x04,0x41,0xf1,0xc8,0xff,0xff,0x00,0x00,0x04,0x41,0x8f,0xc9,0xff,0xff,
  0x00,0x00,0x04,0x41,0x2e,0xca,0xff,0xff,0x00,0x00,0x04,0x41,0xcd,0xca,0xff,0xff,
  0x00,0x00,0x04,0x41,0x6e,0xcb,0xff,0xff,0x00,0x00,0x04,0x41,0x0f,0xcc,0xff,0xff,
  0x00,0x00,0x04,0x41,0xb1,0xcc,0xff,0xff,0x00,0x00,0x04,0x41,0x53,0xcd,0xff,0xff,
  0x00,0x00,0x04,0x41,0xf7,0xcd,0xff,0xff,0x00,0x00,0x04,0x41,0x9b,0xce,0xff,0xff,
  0x00,0x00,0x04,0x41,0x40,0xcf,0xff,0xff,0x00,0x00,0x04,0x41,0xe5,0xcf,0xff,0xff,
  0x00,0x00,0x04,0x41,0x8c,0xd0,0xff,0xff,0x00,0x00,0x04,0x41,0x33,0xd1,0xff,0xff,
  0x00,0x00,0x04,0x41,0xda,0xd1,0xff,0xff,0x00,0x00,0x04,0x41,0x83,0xd2,0xff,0xff,
  0x00,0x00,0x04,0x41,0x2c,0xd3,0xff,0xff,0x00,0x00,0x04,0x41,0xd6,0xd3,0xff,0xff,
  0x00,0x00,0x04,0x41,0x81,0xd4,0xff,0xff,0x00,0x00,0x04,0x41,0x2c,0xd5,0xff,0xff,
  0x00,0x00,0x04,0x41,0xd8,0xd5,0xff,0xff,0x00,0x00,0x04,0x41,0x85,0xd6,0xff,0xff,
  0x00,0x00,0x04,0x41,0x32,0xd7,0xff,0xff,0x00,0x00,0x04,0x41,0xe0,0xd7,0xff,0xff,
  0x00,0x00,0x04,0x41,0x8e,0xd8,0xff,0xff,0x00,0x00,0x04,0x41,0x3e,0xd9,0xff,0xff,
  0x00,0x00,0x04,0x41,0xed,0xd9,0xff,0xff,0x00,0x00,0x04,0x41,0x9e,0xda,0xff,0xff,
  0x00,0x00,0x04,0x41,0x4f,0xdb,0xff,0xff,0x00,0x00,0x04,0x41,0x01,0xdc,0xff,0xff,
  0x00,0x00,0x04,0x41,0xb3,0xdc,0xff,0xff,0x00,0x00,0x04,0x41,0x66,0xdd,0xff,0xff,
  0x00,0x00,0x04,0x41,0x19,0xde,0xff,0xff,0x00,0x00,0x04,0x41,0xcd,0xde,0xff,0xff,
  0x00,0x00,0x04,0x41,0x82,0xdf,0xff,0xff,0x00,0x00,0x04,0x41,0x37,0xe0,0xff,0xff,
  0x00,0x00,0x04,0x41,0xed,0xe0,0xff,0xff,0x00,0x00,0x04,0x41,0xa3,0xe1,0xff,0xff,
  0x00,0x00,0x04,0x41,0x59,0xe2,0xff,0xff,0x00,0x00,0x04,0x41,0x11,0xe3,0xff,0xff,
  0x00,0x00,0x04,0x41,0xc8,0xe3,0xff,0xff,0x00,0x00,0x04,0x41,0x80,0xe4,0xff,0xff,
  0x00,0x00,0x04,0x41,0x39,0xe5,0xff,0xff,0x00,0x00,0x04,0x41,0xf2,0xe5,0xff,0xff,
  0x00,0x00,0x04,0x41,0xab,0xe6,0xff,0xff,0x00,0x00,0x04,0x41,0x65,0xe7,0xff,0xff,
  0x00,0x00,0x04,0x41,0x20,0xe8,0xff,0xff,0x00,0x00,0x04,0x41,0xda,0xe8,0xff,0xff,
  0x00,0x00,0x04,0x41,0x96,0xe9,0xff,0xff,0x00,0x00,0x04,0x41,0x51,0xea,0xff,0xff,
  0x00,0x00,0x04,0x41,0x0d,0xeb,0xff,0xff,0x00,0x00,0x04,0x41,0xc9,0xeb,0xff,0xff,
  0x00,0x00,0x04,0x41,0x86,0xec,0xff,0xff,0x00,0x00,0x04,0x41,0x43,0xed,0xff,0xff,
  0x00,0x00,0x04,0x41,0x00,0xee,0xff,0xff,0x00,0x00,0x04,0x41,0xbe,0xee,0xff,0xff,
  0x00,0x00,0x04,0x41,0x7c,0xef,0xff,0xff,0x00,0x00,0x04,0x41,0x3a,0xf0,0xff,0xff,
  0x00,0x00,0x04,0x41,0xf8,0xf0,0xff,0xff,0x00,0x00,0x04,0x41,0xb7,0xf1,0xff,0xff,
  0x00,0x00,0x04,0x41,0x76,0xf2,0xff,0xff,0x00,0x00,0x04,0x41,0x35,0xf3,0xff,0xff,
  0x00,0x00,0x04,0x41,0xf5,0xf3,0xff,0xff,0x00,0x00,0x04,0x41,0xb4,0xf4,0xff,0xff,
  0x00,0x00,0x04,0x41,0x74,0xf5,0xff,0xff,0x00,0x00,0x04,0x41,0x34,0xf6,0xff,0xff,
  0x00,0x00,0x04,0x41,0xf5,0xf6,0xff,0xff,0x00,0x00,0x04,0x41,0xb5,0xf7,0xff,0xff,
  0x00,0x00,0x04,0x41,0x76,0xf8,0xff,0xff,0x00,0x00,0x04,0x41,0x36,0xf9,0xff,0xff,
  0x00,0x00,0x04,0x41,0xf7,0xf9,0xff,0xff,0x00,0x00,0x04,0x41,0xb8,0xfa,0xff,0xff,
  0x00,0x00,0x04,0x41,0x79,0xfb,0xff,0xff,0x00,0x00,0x04,0x41,0x3a,0xfc,0xff,0xff,
  0x00,0x00,0x04,0x41,0xfb,0xfc,0xff,0xff,0x00,0x00,0x04,0x41,0xbc,0xfd,0xff,0xff,
  0x00,0x00,0x04,0x41,0x7d,0xfe,0xff,0xff,0x00,0x00,0x04,0x41,0x3f,0xff,0xff,0xff,
  0x00,0x00,0x04,0x41,0x00,0x00,0x00,0x00,0x00,0x00,0x00,0x41,0x00,0x00,0x03,0x00,
  0x00,0x00,0x04,0x41,0x00,0x00,0x00,0x00,0x00,0x00,0x04,0x41,0xc1,0x00,0x00,0x00,
  0x00,0x00,0x04,0x41,0x83,0x01,0x00,0x00,0x00,0x00,0x04,0x41,0x44,0x02,0x00,0x00,
  0x00,0x00,0x04,0x41,0x05,0x03,0x00,0x00,0x00,0x00,0x04,0x41,0xc6,0x03,0x00,0x00,
  0x00,0x00,0x04,0x41,0x87,0x04,0x00,0x00,0x00,0x00,0x04,0x41,0x48,0x05,0x00,0x00,
  0x00,0x00,0x04,0x41,0x09,0x06,0x00,0x00,0x00,0x00,0x04,0x41,0xca,0x06,0x00,0x00,
  0x00,0x00,0x04,0x41,0x8b,0x07,0x00,0x00,0x00,0x00,0x04,0x41,0x4b,0x08,0x00,0x00,
  0x00,0x00,0x04,0x41,0x0b,0x09,0x00,0x00,0x00,0x00,0x04,0x41,0xcc,0x09,0x00,0x00,
  0x00,0x00,0x04,0x41,0x8c,0x0a,0x00,0x00,0x00,0x00,0x04,0x41,0x4c,0x0b,0x00,0x00,
  0x00,0x00,0x04,0x41,0x0b,0x0c,0x00,0x00,0x00,0x00,0x04,0x41,0xcb,0x0c,0x00,0x00,
  0x00,0x00,0x04,0x41,0x8a,0x0d,0x00,0x00,0x00,0x00,0x04,0x41,0x49,0x0e,0x00,0x00,
  0x00,0x00,0x04,0x41,0x08,0x0f,0x00,0x00,0x00,0x00,0x04,0x41,0xc6,0x0f,0x00,0x00,
  0x00,0x00,0x04,0x41,0x84,0x10,0x00,0x00,0x00,0x00,0x04,0x41,0x42,0x11,0x00,0x00,
  0x00,0x00,0x04,0x41,0x00,0x12,0x00,0x00,0x00,0x00,0x04,0x41,0xbd,0x12,0x00,0x00,
  0x00,0x00,0x04,0x41,0x7a,0x13,0x00,0x00,0x00,0x00,0x04,0x41,0x37,0x14,0x00,0x00,
  0x00,0x00,0x04,0x41,0xf3,0x14,0x00,0x00,0x00,0x00,0x04,0x41,0xaf,0x15,0x00,0x00,
  0x00,0x00,0x04,0x41,0x6a,0x16,0x00,0x00,0x00,0x00,0x04,0x41,0x26,0x17,0x00,0x00,
  0x00,0x00,0x04,0x41,0xe0,0x17,0x00,0x00,0x00,0x00,0x04,0x41,0x9b,0x18,0x00,0x00,
  0x00,0x00,0x04,0x41,0x55,0x19,0x00,0x00,0x00,0x00,0x04,0x41,0x0e,0x1a,0x00,0x00,
  0x00,0x00,0x04,0x41,0xc7,0x1a,0x00,0x00,0x00,0x00,0x04,0x41,0x80,0x1b,0x00,0x00,
  0x00,0x00,0x04,0x41,0x38,0x1c,0x00,0x00,0x00,0x00,0x04,0x41,0xef,0x1c,0x00,0x00,
  0x00,0x00,0x04,0x41,0xa7,0x1d,0x00,0x00,0x00,0x00,0x04,0x41,0x5d,0x1e,0x00,0x00,
  0x00,0x00,0x04,0x41,0x13,0x1f,0x00,0x00,0x00,0x00,0x04,0x41,0xc9,0x1f,0x00,0x00,
  0x00,0x00,0x04,0x41,0x7e,0x20,0x00,0x00,0x00,0x00,0x04,0x41,0x33,0x21,0x00,0x00,
  0x00,0x00,0x04,0x41,0xe7,0x21,0x00,0x00,0x00,0x00,0x04,0x41,0x9a,0x22,0x00,0x00,
  0x00,0x00,0x04,0x41,0x4d,0x23,0x00,0x00,0x00,0x00,0x04,0x41,0xff,0x23,0x00,0x00,
  0x00,0x00,0x04,0x41,0xb1,0x24,0x00,0x00,0x00,0x00,0x04,0x41,0x62,0x25,0x00,0x00,
  0x00,0x00,0x04,0x41,0x13,0x26,0x00,0x00,0x00,0x00,0x04,0x41,0xc2,0x26,0x00,0x00,
  0x00,0x00,0x04,0x41,0x72,0x27,0x00,0x00,0x00,0x00,0x04,0x41,0x20,0x28,0x00,0x00,
  0x00,0x00,0x04,0x41,0xce,0x28,0x00,0x00,0x00,0x00,0x04,0x41,0x7b,0x29,0x00,0x00,
  0x00,0x00,0x04,0x41,0x28,0x2a,0x00,0x00,0x00,0x00,0x04,0x41,0xd4,0x2a,0x00,0x00,
  0x00,0x00,0x04,0x41,0x7f,0x2b,0x00,0x00,0x00,0x00,0x04,0x41,0x2a,0x2c,0x00,0x00,
  0x00,0x00,0x04,0x41,0xd4,0x2c,0x00,0x00,0x00,0x00,0x04,0x41,0x7d,0x2d,0x00,0x00,
  0x00,0x00,0x04,0x41,0x26,0x2e,0x00,0x00,0x00,0x00,0x04,0x41,0xcd,0x2e,0x00,0x00,
  0x00,0x00,0x04,0x41,0x74,0x2f,0x00,0x00,0x00,0x00,0x04,0x41,0x1b,0x30,0x00,0x00,
  0x00,0x00,0x04,0x41,0xc0,0x30,0x00,0x00,0x00,0x00,0x04,0x41,0x65,0x31,0x00,0x00,
  0x00,0x00,0x04,0x41,0x09,0x32,0x00,0x00,0x00,0x00,0x04,0x41,0xad,0x32,0x00,0x00,
  0x00,0x00,0x04,0x41,0x4f,0x33,0x00,0x00,0x00,0x00,0x04,0x41,0xf1,0x33,0x00,0x00,
  0x00,0x00,0x04,0x41,0x92,0x34,0x00,0x00,0x00,0x00,0x04,0x41,0x33,0x35,0x00,0x00,
  0x00,0x00,0x04,0x41,0xd2,0x35,0x00,0x00,0x00,0x00,0x04,0x41,0x71,0x36,0x00,0x00,
  0x00,0x00,0x04,0x41,0x0f,0x37,0x00,0x00,0x00,0x00,0x04,0x41,0xac,0x37,0x00,0x00,
  0x00,0x00,0x04,0x41,0x48,0x38,0x00,0x00,0x00,0x00,0x04,0x41,0xe4,0x38,0x00,0x00,
  0x00,0x00,0x04,0x41,0x7e,0x39,0x00,0x00,0x00,0x00,0x04,0x41,0x18,0x3a,0x00,0x00,
  0x00,0x00,0x04,0x41,0xb1,0x3a,0x00,0x00,0x00,0x00,0x04,0x41,0x49,0x3b,0x00,0x00,
  0x00,0x00,0x04,0x41,0xe1,0x3b,0x00,0x00,0x00,0x00,0x04,0x41,0x77,0x3c,0x00,0x00,
  0x00,0x00,0x04,0x41,0x0d,0x3d,0x00,0x00,0x00,0x00,0x04,0x41,0xa2,0x3d,0x00,0x00,
  0x00,0x00,0x04,0x41,0x36,0x3e,0x00,0x00,0x00,0x00,0x04,0x41,0xc9,0x3e,0x00,0x00,
  0x00,0x00,0x04,0x41,0x5c,0x3f,0x00,0x00,0x00,0x00,0x04,0x41,0xed,0x3f,0x00,0x00,
  0x00,0x00,0x04,0x41,0x7e,0x40,0x00,0x00,0x00,0x00,0x04,0x41,0x0d,0x41,0x00,0x00,
  0x00,0x00,0x04,0x41,0x9c,0x41,0x00,0x00,0x00,0x00,0x04,0x41,0x2a,0x42,0x00,0x00,
  0x00,0x00,0x04,0x41,0xb8,0x42,0x00,0x00,0x00,0x00,0x04,0x41,0x44,0x43,0x00,0x00,
  0x00,0x00,0x04,0x41,0xcf,0x43,0x00,0x00,0x00,0x00,0x04,0x41,0x5a,0x44,0x00,0x00,
  0x00,0x00,0x04,0x41,0xe4,0x44,0x00,0x00,0x00,0x00,0x04,0x41,0x6d,0x45,0x00,0x00,
  0x00,0x00,0x04,0x41,0xf5,0x45,0x00,0x00,0x00,0x00,0x04,0x41,0x7c,0x46,0x00,0x00,
  0x00,0x00,0x04,0x41,0x02,0x47,0x00,0x00,0x00,0x00,0x04,0x41,0x87,0x47,0x00,0x00,
  0x00,0x00,0x04,0x41,0x0c,0x48,0x00,0x00,0x00,0x00,0x04,0x41,0x8f,0x48,0x00,0x00,
  0x00,0x00,0x04,0x41,0x12,0x49,0x00,0x00,0x00,0x00,0x04,0x41,0x94,0x49,0x00,0x00,
  0x00,0x00,0x04,0x41,0x15,0x4a,0x00,0x00,0x00,0x00,0x04,0x41,0x95,0x4a,0x00,0x00,
  0x00,0x00,0x04,0x41,0x14,0x4b,0x00,0x00,0x00,0x00,0x04,0x41,0x92,0x4b,0x00,0x00,
  0x00,0x00,0x04,0x41,0x10,0x4c,0x00,0x00,0x00,0x00,0x04,0x41,0x8d,0x4c,0x00,0x00,
  0x00,0x00,0x04,0x41,0x08,0x4d,0x00,0x00,0x00,0x00,0x04,0x41,0x83,0x4d,0x00,0x00,
  0x00,0x00,0x04,0x41,0xfd,0x4d,0x00,0x00,0x00,0x00,0x04,0x41,0x76,0x4e,0x00,0x00,
  0x00,0x00,0x04,0x41,0xee,0x4e,0x00,0x00,0x00,0x00,0x04,0x41,0x66,0x4f,0x00,0x00,
  0x00,0x00,0x04,0x41,0xdc,0x4f,0x00,0x00,0x00,0x00,0x04,0x41,0x52,0x50,0x00,0x00,
  0x00,0x00,0x04,0x41,0xc6,0x50,0x00,0x00,0x00,0x00,0x04,0x41,0x3a,0x51,0x00,0x00,
  0x00,0x00,0x04,0x41,0xad,0x51,0x00,0x00,0x00,0x00,0x04,0x41,0x1f,0x52,0x00,0x00,
  0x00,0x00,0x04,0x41,0x91,0x52,0x00,0x00,0x00,0x00,0x04,0x41,0x01,0x53,0x00,0x00,
  0x00,0x00,0x04,0x41,0x71,0x53,0x00,0x00,0x00,0x00,0x04,0x41,0xdf,0x53,0x00,0x00,
  0x00,0x00,0x04,0x41,0x4d,0x54,0x00,0x00,0x00,0x00,0x04,0x41,0xba,0x54,0x00,0x00,
  0x00,0x00,0x04,0x41,0x27,0x55,0x00,0x00,0x00,0x00,0x04,0x41,0x92,0x55,0x00,0x00,
  0x00,0x00,0x04,0x41,0xfc,0x55,0x00,0x00,0x00,0x00,0x04,0x41,0x66,0x56,0x00,0x00,
  0x00,0x00,0x04,0x41,0xcf,0x56,0x00,0x00,0x00,0x00,0x04,0x41,0x37,0x57,0x00,0x00,
  0x00,0x00,0x04,0x41,0x9e,0x57,0x00,0x00,0x00,0x00,0x04,0x41,0x04,0x58,0x00,0x00,
  0x00,0x00,0x04,0x41,0x6a,0x58,0x00,0x00,0x00,0x00,0x04,0x41,0xce,0x58,0x00,0x00,
  0x00,0x00,0x04,0x41,0x32,0x59,0x00,0x00,0x00,0x00,0x04,0x41,0x95,0x59,0x00,0x00,
  0x00,0x00,0x04,0x41,0xf7,0x59,0x00,0x00,0x00,0x00,0x04,0x41,0x59,0x5a,0x00,0x00,
  0x00,0x00,0x04,0x41,0xb9,0x5a,0x00,0x00,0x00,0x00,0x04,0x41,0x19,0x5b,0x00,0x00,
  0x00,0x00,0x04,0x41,0x78,0x5b,0x00,0x00,0x00,0x00,0x04,0x41,0xd6,0x5b,0x00,0x00,
  0x00,0x00,0x04,0x41,0x34,0x5c,0x00,0x00,0x00,0x00,0x04,0x41,0x90,0x5c,0x00,0x00,
  0x00,0x00,0x04,0x41,0xec,0x5c,0x00,0x00,0x00,0x00,0x04,0x41,0x47,0x5d,0x00,0x00,
  0x00,0x00,0x04,0x41,0xa1,0x5d,0x00,0x00,0x00,0x00,0x04,0x41,0xfb,0x5d,0x00,0x00,
  0x00,0x00,0x04,0x41,0x53,0x5e,0x00,0x00,0x00,0x00,0x04,0x41,0xab,0x5e,0x00,0x00,
  0x00,0x00,0x04,0x41,0x02,0x5f,0x00,0x00,0x00,0x00,0x04,0x41,0x59,0x5f,0x00,0x00,
  0x00,0x00,0x04,0x41,0xae,0x5f,0x00,0x00,0x00,0x00,0x04,0x41,0x03,0x60,0x00,0x00,
  0x00,0x00,0x04,0x41,0x58,0x60,0x00,0x00,0x00,0x00,0x04,0x41,0xab,0x60,0x00,0x00,
  0x00,0x00,0x04,0x41,0xfe,0x60,0x00,0x00,0x00,0x00,0x04,0x41,0x50,0x61,0x00,0x00,
  0x00,0x00,0x04,0x41,0xa1,0x61,0x00,0x00,0x00,0x00,0x04,0x41,0xf1,0x61,0x00,0x00,
  0x00,0x00,0x04,0x41,0x41,0x62,0x00,0x00,0x00,0x00,0x04,0x41,0x90,0x62,0x00,0x00,
  0x00,0x00,0x04,0x41,0xde,0x62,0x00,0x00,0x00,0x00,0x04,0x41,0x2c,0x63,0x00,0x00,
  0x00,0x00,0x04,0x41,0x79,0x63,0x00,0x00,0x00,0x00,0x04,0x41,0xc5,0x63,0x00,0x00,
  0x00,0x00,0x04,0x41,0x10,0x64,0x00,0x00,0x00,0x00,0x04,0x41,0x5b,0x64,0x00,0x00,
  0x00,0x00,0x04,0x41,0xa5,0x64,0x00,0x00,0x00,0x00,0x04,0x41,0xef,0x64,0x00,0x00,
  0x00,0x00,0x04,0x41,0x38,0x65,0x00,0x00,0x00,0x00,0x04,0x41,0x80,0x65,0x00,0x00,
  0x00,0x00,0x04,0x41,0xc7,0x65,0x00,0x00,0x00,0x00,0x04,0x41,0x0e,0x66,0x00,0x00,
  0x00,0x00,0x04,0x41,0x54,0x66,0x00,0x00,0x00,0x00,0x04,0x41,0x99,0x66,0x00,0x00,
  0x00,0x00,0x04,0x41,0xde,0x66,0x00,0x00,0x00,0x00,0x04,0x41,0x22,0x67,0x00,0x00,
  0x00,0x00,0x04,0x41,0x66,0x67,0x00,0x00,0x00,0x00,0x04,0x41,0xa8,0x67,0x00,0x00,
  0x00,0x00,0x04,0x41,0xeb,0x67,0x00,0x00,0x00,0x00,0x04,0x41,0x2c,0x68,0x00,0x00,
  0x00,0x00,0x04,0x41,0x6d,0x68,0x00,0x00,0x00,0x00,0x04,0x41,0xad,0x68,0x00,0x00,
  0x00,0x00,0x04,0x41,0xed,0x68,0x00,0x00,0x00,0x00,0x04,0x41,0x2c,0x69,0x00,0x00,
  0x00,0x00,0x04,0x41,0x6b,0x69,0x00,0x00,0x00,0x00,0x04,0x41,0xa9,0x69,0x00,0x00,
  0x00,0x00,0x04,0x41,0xe6,0x69,0x00,0x00,0x00,0x00,0x04,0x41,0x23,0x6a,0x00,0x00,
  0x00,0x00,0x04,0x41,0x5f,0x6a,0x00,0x00,0x00,0x00,0x04,0x41,0x9a,0x6a,0x00,0x00,
  0x00,0x00,0x04,0x41,0xd5,0x6a,0x00,0x00,0x00,0x00,0x04,0x41,0x0f,0x6b,0x00,0x00,
  0x00,0x00,0x04,0x41,0x49,0x6b,0x00,0x00,0x00,0x00,0x04,0x41,0x82,0x6b,0x00,0x00,
  0x00,0x00,0x04,0x41,0xbb,0x6b,0x00,0x00,0x00,0x00,0x04,0x41,0xf3,0x6b,0x00,0x00,
  0x00,0x00,0x04,0x41,0x2b,0x6c,0x00,0x00,0x00,0x00,0x04,0x41,0x62,0x6c,0x00,0x00,
  0x00,0x00,0x04,0x41,0x98,0x6c,0x00,0x00,0x00,0x00,0x04,0x41,0xce,0x6c,0x00,0x00,
  0x00,0x00,0x04,0x41,0x03,0x6d,0x00,0x00,0x00,0x00,0x04,0x41,0x38,0x6d,0x00,0x00,
  0x00,0x00,0x04,0x41,0x6c,0x6d,0x00,0x00,0x00,0x00,0x04,0x41,0xa0,0x6d,0x00,0x00,
  0x00,0x00,0x04,0x41,0xd3,0x6d,0x00,0x00,0x00,0x00,0x04,0x41,0x06,0x6e,0x00,0x00,
  0x00,0x00,0x04,0x41,0x38,0x6e,0x00,0x00,0x00,0x00,0x04,0x41,0x6a,0x6e,0x00,0x00,
  0x00,0x00,0x04,0x41,0x9b,0x6e,0x00,0x00,0x00,0x00,0x04,0x41,0xcc,0x6e,0x00,0x00,
  0x00,0x00,0x04,0x41,0xfc,0x6e,0x00,0x00,0x00,0x00,0x04,0x41,0x2c,0x6f,0x00,0x00,
  0x00,0x00,0x04,0x41,0x5b,0x6f,0x00,0x00,0x00,0x00,0x04,0x41,0x8a,0x6f,0x00,0x00,
  0x00,0x00,0x04,0x41,0xb8,0x6f,0x00,0x00,0x00,0x00,0x04,0x41,0xe6,0x6f,0x00,0x00,
  0x00,0x00,0x04,0x41,0x13,0x70,0x00,0x00,0x00,0x00,0x04,0x41,0x40,0x70,0x00,0x00,
  0x00,0x00,0x04,0x41,0x6c,0x70,0x00,0x00,0x00,0x00,0x04,0x41,0x98,0x70,0x00,0x00,
  0x00,0x00,0x04,0x41,0xc4,0x70,0x00,0x00,0x00,0x00,0x04,0x41,0xef,0x70,0x00,0x00,
  0x00,0x00,0x04,0x41,0x19,0x71,0x00,0x00,0x00,0x00,0x04,0x41,0x44,0x71,0x00,0x00,
  0x00,0x00,0x04,0x41,0x6d,0x71,0x00,0x00,0x00,0x00,0x04,0x41,0x97,0x71,0x00,0x00,
  0x00,0x00,0x04,0x41,0xbf,0x71,0x00,0x00,0x00,0x00,0x04,0x41,0xe8,0x71,0x00,0x00,
  0x00,0x00,0x04,0x41,0x10,0x72,0x00,0x00,0x00,0x00,0x04,0x41,0x37,0x72,0x00,0x00,
  0x00,0x00,0x04,0x41,0x5f,0x72,0x00,0x00,0x00,0x00,0x04,0x41,0x85,0x72,0x00,0x00,
  0x00,0x00,0x04,0x41,0xac,0x72,0x00,0x00,0x00,0x00,0x04,0x41,0xd2,0x72,0x00,0x00,
  0x00,0x00,0x04,0x41,0xf7,0x72,0x00,0x00,0x00,0x00,0x04,0x41,0x1c,0x73,0x00,0x00,
  0x00,0x00,0x04,0x41,0x41,0x73,0x00,0x00,0x00,0x00,0x04,0x41,0x66,0x73,0x00,0x00,
  0x00,0x00,0x04,0x41,0x8a,0x73,0x00,0x00,0x00,0x00,0x04,0x41,0xad,0x73,0x00,0x00,
  0x00,0x00,0x04,0x41,0xd0,0x73,0x00,0x00,0x00,0x00,0x04,0x41,0xf3,0x73,0x00,0x00,
  0x00,0x00,0x04,0x41,0x16,0x74,0x00,0x00,0x00,0x00,0x04,0x41,0x38,0x74,0x00,0x00,
  0x00,0x00,0x04,0x41,0x5a,0x74,0x00,0x00,0x00,0x00,0x04,0x41,0x7b,0x74,0x00,0x00,
  0x00,0x00,0x04,0x41,0x9c,0x74,0x00,0x00,0x00,0x00,0x04,0x41,0xbd,0x74,0x00,0x00,
  0x00,0x00,0x04,0x41,0xdd,0x74,0x00,0x00,0x00,0x00,0x04,0x41,0xfd,0x74,0x00,0x00,
  0x00,0x00,0x04,0x41,0x1d,0x75,0x00,0x00,0x00,0x00,0x04,0x41,0x3c,0x75,0x00,0x00,
  0x00,0x00,0x04,0x41,0x5b,0x75,0x00,0x00,0x00,0x00,0x04,0x41,0x7a,0x75,0x00,0x00,
  0x00,0x00,0x04,0x41,0x98,0x75,0x00,0x00,0x00,0x00,0x04,0x41,0xb6,0x75,0x00,0x00,
  0x00,0x00,0x04,0x41,0xd3,0x75,0x00,0x00,0x00,0x00,0x04,0x41,0xf1,0x75,0x00,0x00,
  0x00,0x00,0x04,0x41,0x0e,0x76,0x00,0x00,0x00,0x00,0x04,0x41,0x2b,0x76,0x00,0x00,
  0x00,0x00,0x04,0x41,0x47,0x76,0x00,0x00,0x00,0x00,0x04,0x41,0x63,0x76,0x00,0x00,
  0x00,0x00,0x04,0x41,0x7f,0x76,0x00,0x00,0x00,0x00,0x04,0x41,0x9a,0x76,0x00,0x00,
  0x00,0x00,0x04,0x41,0xb5,0x76,0x00,0x00,0x00,0x00,0x04,0x41,0xd0,0x76,0x00,0x00,
  0x00,0x00,0x04,0x41,0xeb,0x76,0x00,0x00,0x00,0x00,0x04,0x41,0x05,0x77,0x00,0x00,
  0x00,0x00,0x04,0x41,0x1f,0x77,0x00,0x00,0x00,0x00,0x04,0x41,0x39,0x77,0x00,0x00,
  0x00,0x00,0x04,0x41,0x52,0x77,0x00,0x00,0x00,0x00,0x04,0x41,0x6c,0x77,0x00,0x00,
  0x00,0x00,0x04,0x41,0x84,0x77,0x00,0x00,0x00,0x00,0x04,0x41,0x9d,0x77,0x00,0x00,
  0x00,0x00,0x04,0x41,0xb5,0x77,0x00,0x00,0x00,0x00,0x04,0x41,0xce,0x77,0x00,0x00,
  0x00,0x00,0x04,0x41,0xe5,0x77,0x00,0x00,0x00,0x00,0x04,0x41,0xfd,0x77,0x00,0x00,
  0x00,0x00,0x04,0x41,0x14,0x78,0x00,0x00,0x00,0x00,0x04,0x41,0x2b,0x78,0x00,0x00,
  0x00,0x00,0x04,0x41,0x42,0x78,0x00,0x00,0x00,0x00,0x04,0x41,0x59,0x78,0x00,0x00,
  0x00,0x00,0x04,0x41,0x6f,0x78,0x00,0x00,0x00,0x00,0x04,0x41,0x85,0x78,0x00,0x00,
  0x00,0x00,0x04,0x41,0x9b,0x78,0x00,0x00,0x00,0x00,0x04,0x41,0xb0,0x78,0x00,0x00,
  0x00,0x00,0x04,0x41,0xc6,0x78,0x00,0x00,0x00,0x00,0x04,0x41,0xdb,0x78,0x00,0x00,
  0x00,0x00,0x04,0x41,0xf0,0x78,0x00,0x00,0x00,0x00,0x04,0x41,0x04,0x79,0x00,0x00,
  0x00,0x00,0x04,0x41,0x19,0x79,0x00,0x00,0x00,0x00,0x04,0x41,0x2d,0x79,0x00,0x00,
  0x00,0x00,0x04,0x41,0x41,0x79,0x00,0x00,0x00,0x00,0x04,0x41,0x54,0x79,0x00,0x00,
  0x00,0x00,0x04,0x41,0x68,0x79,0x00,0x00,0x00,0x00,0x04,0x41,0x7b,0x79,0x00,0x00,
  0x00,0x00,0x04,0x41,0x8e,0x79,0x00,0x00,0x00,0x00,0x04,0x41,0xa1,0x79,0x00,0x00,
  0x00,0x00,0x04,0x41,0xb4,0x79,0x00,0x00,0x00,0x00,0x04,0x41,0xc6,0x79,0x00,0x00,
  0x00,0x00,0x04,0x41,0xd8,0x79,0x00,0x00,0x00,0x00,0x04,0x41,0xea,0x79,0x00,0x00,
  0x00,0x00,0x04,0x41,0xfc,0x79,0x00,0x00,0x00,0x00,0x04,0x41,0x0e,0x7a,0x00,0x00,
  0x00,0x00,0x04,0x41,0x1f,0x7a,0x00,0x00,0x00,0x00,0x04,0x41,0x31,0x7a,0x00,0x00,
  0x00,0x00,0x04,0x41,0x42,0x7a,0x00,0x00,0x00,0x00,0x04,0x41,0x52,0x7a,0x00,0x00,
  0x00,0x00,0x04,0x41,0x63,0x7a,0x00,0x00,0x00,0x00,0x04,0x41,0x74,0x7a,0x00,0x00,
  0x00,0x00,0x04,0x41,0x84,0x7a,0x00,0x00,0x00,0x00,0x04,0x41,0x94,0x7a,0x00,0x00,
  0x00,0x00,0x04,0x41,0xa4,0x7a,0x00,0x00,0x00,0x00,0x04,0x41,0xb4,0x7a,0x00,0x00,
  0x00,0x00,0x04,0x41,0xc3,0x7a,0x00,0x00,0x00,0x00,0x04,0x41,0xd3,0x7a,0x00,0x00,
  0x00,0x00,0x04,0x41,0xe2,0x7a,0x00,0x00,0x00,0x00,0x04,0x41,0xf1,0x7a,0x00,0x00,
  0x00,0x00,0x04,0x41,0x00,0x7b,0x00,0x00,0x00,0x00,0x04,0x41,0x0e,0x7b,0x00,0x00,
  0x00,0x00,0x04,0x41,0x1d,0x7b,0x00,0x00,0x00,0x00,0x04,0x41,0x2b,0x7b,0x00,0x00,
  0x00,0x00,0x04,0x41,0x3a,0x7b,0x00,0x00,0x00,0x00,0x04,0x41,0x48,0x7b,0x00,0x00,
  0x00,0x00,0x04,0x41,0x56,0x7b,0x00,0x00,0x00,0x00,0x04,0x41,0x63,0x7b,0x00,0x00,
  0x00,0x00,0x04,0x41,0x71,0x7b,0x00,0x00,0x00,0x00,0x04,0x41,0x7e,0x7b,0x00,0x00,
  0x00,0x00,0x04,0x41,0x8c,0x7b,0x00,0x00,0x00,0x00,0x04,0x41,0x99,0x7b,0x00,0x00,
  0x00,0x00,0x04,0x41,0xa6,0x7b,0x00,0x00,0x00,0x00,0x04,0x41,0xb3,0x7b,0x00,0x00,
  0x00,0x00,0x04,0x41,0xbf,0x7b,0x00,0x00,0x00,0x00,0x04,0x41,0xcc,0x7b,0x00,0x00,
  0x00,0x00,0x04,0x41,0xd8,0x7b,0x00,0x00,0x00,0x00,0x04,0x41,0xe4,0x7b,0x00,0x00,
  0x00,0x00,0x04,0x41,0xf1,0x7b,0x00,0x00,0x00,0x00,0x04,0x41,0xfd,0x7b,0x00,0x00,
  0x00,0x00,0x04,0x41,0x08,0x7c,0x00,0x00,0x00,0x00,0x04,0x41,0x14,0x7c,0x00,0x00,
  0x00,0x00,0x04,0x41,0x20,0x7c,0x00,0x00,0x00,0x00,0x04,0x41,0x2b,0x7c,0x00,0x00,
  0x00,0x00,0x04,0x41,0x36,0x7c,0x00,0x00,0x00,0x00,0x04,0x41,0x42,0x7c,0x00,0x00,
  0x00,0x00,0x04,0x41,0x4d,0x7c,0x00,0x00,0x00,0x00,0x04,0x41,0x58,0x7c,0x00,0x00,
  0x00,0x00,0x04,0x41,0x63,0x7c,0x00,0x00,0x00,0x00,0x04,0x41,0x6d,0x7c,0x00,0x00,
  0x00,0x00,0x04,0x41,0x78,0x7c,0x00,0x00,0x00,0x00,0x04,0x41,0x82,0x7c,0x00,0x00,
  0x00,0x00,0x04,0x41,0x8d,0x7c,0x00,0x00,0x00,0x00,0x04,0x41,0x97,0x7c,0x00,0x00,
  0x00,0x00,0x04,0x41,0xa1,0x7c,0x00,0x00,0x00,0x00,0x04,0x41,0xab,0x7c,0x00,0x00,
  0x00,0x00,0x04,0x41,0xb5,0x7c,0x00,0x00,0x00,0x00,0x04,0x41,0xbe,0x7c,0x00,0x00,
  0x00,0x00,0x04,0x41,0xc8,0x7c,0x00,0x00,0x00,0x00,0x04,0x41,0xd2,0x7c,0x00,0x00,
  0x00,0x00,0x04,0x41,0xdb,0x7c,0x00,0x00,0x00,0x00,0x04,0x41,0xe4,0x7c,0x00,0x00,
  0x00,0x00,0x04,0x41,0xee,0x7c,0x00,0x00,0x00,0x00,0x04,0x41,0xf7,0x7c,0x00,0x00,
  0x00,0x00,0x04,0x41,0x00,0x7d,0x00,0x00,0x00,0x00,0x04,0x41,0x09,0x7d,0x00,0x00,
  0x00,0x00,0x04,0x41,0x11,0x7d,0x00,0x00,0x00,0x00,0x04,0x41,0x1a,0x7d,0x00,0x00,
  0x00,0x00,0x04,0x41,0x23,0x7d,0x00,0x00,0x00,0x00,0x04,0x41,0x2b,0x7d,0x00,0x00,
  0x00,0x00,0x04,0x41,0x34,0x7d,0x00,0x00,0x00,0x00,0x04,0x41,0x3c,0x7d,0x00,0x00,
  0x00,0x00,0x04,0x41,0x44,0x7d,0x00,0x00,0x00,0x00,0x04,0x41,0x4c,0x7d,0x00,0x00,
  0x00,0x00,0x04,0x41,0x54,0x7d,0x00,0x00,0x00,0x00,0x04,0x41,0x5c,0x7d,0x00,0x00,
  0x00,0x00,0x04,0x41,0x64,0x7d,0x00,0x00,0x00,0x00,0x04,0x41,0x6c,0x7d,0x00,0x00,
  0x00,0x00,0x04,0x41,0x73,0x7d,0x00,0x00,0x00,0x00,0x04,0x41,0x7b,0x7d,0x00,0x00,
  0x00,0x00,0x04,0x41,0x82,0x7d,0x00,0x00,0x00,0x00,0x04,0x41,0x8a,0x7d,0x00,0x00,
  0x00,0x00,0x04,0x41,0x91,0x7d,0x00,0x00,0x00,0x00,0x04,0x41,0x98,0x7d,0x00,0x00,
  0x00,0x00,0x04,0x41,0x9f,0x7d,0x00,0x00,0x00,0x00,0x04,0x41,0xa6,0x7d,0x00,0x00,
  0x00,0x00,0x04,0x41,0xad,0x7d,0x00,0x00,0x00,0x00,0x04,0x41,0xb4,0x7d,0x00,0x00,
  0x00,0x00,0x04,0x41,0xbb,0x7d,0x00,0x00,0x00,0x00,0x04,0x41,0xc2,0x7d,0x00,0x00,
  0x00,0x00,0x04,0x41,0xc9,0x7d,0x00,0x00,0x00,0x00,0x04,0x41,0xcf,0x7d,0x00,0x00,
  0x00,0x00,0x04,0x41,0xd6,0x7d,0x00,0x00,0x00,0x00,0x04,0x41,0xdc,0x7d,0x00,0x00,
  0x00,0x00,0x04,0x41,0xe2,0x7d,0x00,0x00,0x00,0x00,0x04,0x41,0xe9,0x7d,0x00,0x00,
  0x00,0x00,0x04,0x41,0xef,0x7d,0x00,0x00,0x00,0x00,0x04,0x41,0xf5,0x7d,0x00,0x00,
  0x00,0x00,0x04,0x41,0xfb,0x7d,0x00,0x00,0x00,0x00,0x04,0x41,0x01,0x7e,0x00,0x00,
  0x00,0x00,0x04,0x41,0x07,0x7e,0x00,0x00,0x00,0x00,0x04,0x41,0x0d,0x7e,0x00,0x00,
  0x00,0x00,0x04,0x41,0x13,0x7e,0x00,0x00,0x00,0x00,0x04,0x41,0x19,0x7e,0x00,0x00,
  0x00,0x00,0x04,0x41,0x1e,0x7e,0x00,0x00,0x00,0x00,0x04,0x41,0x24,0x7e,0x00,0x00,
  0x00,0x00,0x04,0x41,0x29,0x7e,0x00,0x00,0x00,0x00,0x04,0x41,0x2f,0x7e,0x00,0x00,
  0x00,0x00,0x04,0x41,0x34,0x7e,0x00,0x00,0x00,0x00,0x04,0x41,0x3a,0x7e,0x00,0x00,
  0x00,0x00,0x04,0x41,0x3f,0x7e,0x00,0x00,0x00,0x00,0x04,0x41,0x44,0x7e,0x00,0x00,
  0x00,0x00,0x04,0x41,0x49,0x7e,0x00,0x00,0x00,0x00,0x04,0x41,0x4e,0x7e,0x00,0x00,
  0x00,0x00,0x04,0x41,0x53,0x7e,0x00,0x00,0x00,0x00,0x04,0x41,0x58,0x7e,0x00,0x00,
  0x00,0x00,0x04,0x41,0x5d,0x7e,0x00,0x00,0x00,0x00,0x04,0x41,0x62,0x7e,0x00,0x00,
  0x00,0x00,0x04,0x41,0x67,0x7e,0x00,0x00,0x00,0x00,0x04,0x41,0x6c,0x7e,0x00,0x00,
  0x00,0x00,0x04,0x41,0x70,0x7e,0x00,0x00,0x00,0x00,0x04,0x41,0x75,0x7e,0x00,0x00,
  0x00,0x00,0x04,0x41,0x7a,0x7e,0x00,0x00,0x00,0x00,0x04,0x41,0x7e,0x7e,0x00,0x00,
  0x00,0x00,0x04,0x41,0x83,0x7e,0x00,0x00,0x00,0x00,0x04,0x41,0x87,0x7e,0x00,0x00,
  0x00,0x00,0x04,0x41,0x8b,0x7e,0x00,0x00,0x00,0x00,0x04,0x41,0x90,0x7e,0x00,0x00,
  0x00,0x00,0x04,0x41,0x94,0x7e,0x00,0x00,0x00,0x00,0x04,0x41,0x98,0x7e,0x00,0x00,
  0x00,0x00,0x04,0x41,0x9d,0x7e,0x00,0x00,0x00,0x00,0x04,0x41,0xa1,0x7e,0x00,0x00,
  0x00,0x00,0x04,0x41,0xa5,0x7e,0x00,0x00,0x00,0x00,0x04,0x41,0xa9,0x7e,0x00,0x00,
  0x00,0x00,0x04,0x41,0xad,0x7e,0x00,0x00,0x00,0x00,0x04,0x41,0xb1,0x7e,0x00,0x00,
  0x00,0x00,0x04,0x41,0xb5,0x7e,0x00,0x00,0x00,0x00,0x04,0x41,0xb8,0x7e,0x00,0x00,
  0x00,0x00,0x04,0x41,0xbc,0x7e,0x00,0x00,0x00,0x00,0x04,0x41,0xc0,0x7e,0x00,0x00,
  0x00,0x00,0x04,0x41,0xc4,0x7e,0x00,0x00,0x00,0x00,0x04,0x41,0xc7,0x7e,0x00,0x00,
  0x00,0x00,0x04,0x41,0xcb,0x7e,0x00,0x00,0x00,0x00,0x04,0x41,0xcf,0x7e,0x00,0x00,
  0x00,0x00,0x04,0x41,0xd2,0x7e,0x00,0x00,0x00,0x00,0x04,0x41,0xd6,0x7e,0x00,0x00,
  0x00,0x00,0x04,0x41,0xd9,0x7e,0x00,0x00,0x00,0x00,0x04,0x41,0xdd,0x7e,0x00,0x00,
  0x00,0x00,0x04,0x41,0xe0,0x7e,0x00,0x00,0x00,0x00,0x04,0x41,0xe3,0x7e,0x00,0x00,
  0x00,0x00,0x04,0x41,0xe7,0x7e,0x00,0x00,0x00,0x00,0x04,0x41,0xea,0x7e,0x00,0x00,
  0x00,0x00,0x04,0x41,0xed,0x7e,0x00,0x00,0x00,0x00,0x04,0x41,0xf0,0x7e,0x00,0x00,
  0x00,0x00,0x04,0x41,0xf4,0x7e,0x00,0x00,0x00,0x00,0x04,0x41,0xf7,0x7e,0x00,0x00,
  0x00,0x00,0x04,0x41,0xfa,0x7e,0x00,0x00,0x00,0x00,0x04,0x41,0xfd,0x7e,0x00,0x00,
  0x00,0x00,0x04,0x41,0x00,0x7f,0x00,0x00,0x00,0x00,0x04,0x41,0x03,0x7f,0x00,0x00,
  0x00,0x00,0x04,0x41,0x06,0x7f,0x00,0x00,0x00,0x00,0x04,0x41,0x09,0x7f,0x00,0x00,
  0x00,0x00,0x04,0x41,0x0c,0x7f,0x00,0x00,0x00,0x00,0x04,0x41,0x0e,0x7f,0x00,0x00,
  0x00,0x00,0x04,0x41,0x11,0x7f,0x00,0x00,0x00,0x00,0x04,0x41,0x14,0x7f,0x00,0x00,
  0x00,0x00,0x04,0x41,0x17,0x7f,0x00,0x00,0x00,0x00,0x04,0x41,0x19,0x7f,0x00,0x00,
  0x00,0x00,0x04,0x41,0x1c,0x7f,0x00,0x00,0x00,0x00,0x04,0x41,0x1f,0x7f,0x00,0x00,
  0x00,0x00,0x04,0x41,0x21,0x7f,0x00,0x00,0x00,0x00,0x04,0x41,0x24,0x7f,0x00,0x00,
  0x00,0x00,0x04,0x41,0x27,0x7f,0x00,0x00,0x00,0x00,0x04,0x41,0x29,0x7f,0x00,0x00,
  0x00,0x00,0x04,0x41,0x2c,0x7f,0x00,0x00,0x00,0x00,0x04,0x41,0x2e,0x7f,0x00,0x00,
  0x00,0x00,0x04,0x41,0x31,0x7f,0x00,0x00,0x00,0x00,0x04,0x41,0x33,0x7f,0x00,0x00,
  0x00,0x00,0x04,0x41,0x35,0x7f,0x00,0x00,0x00,0x00,0x04,0x41,0x38,0x7f,0x00,0x00,
  0x00,0x00,0x04,0x41,0x3a,0x7f,0x00,0x00,0x00,0x00,0x04,0x41,0x3c,0x7f,0x00,0x00,
  0x00,0x00,0x04,0x41,0x3f,0x7f,0x00,0x00,0x00,0x00,0x04,0x41,0x41,0x7f,0x00,0x00,
  0x00,0x00,0x04,0x41,0x43,0x7f,0x00,0x00,0x00,0x00,0x04,0x41,0x45,0x7f,0x00,0x00,
  0x00,0x00,0x04,0x41,0x47,0x7f,0x00,0x00,0x00,0x00,0x04,0x41,0x4a,0x7f,0x00,0x00,
  0x00,0x00,0x04,0x41,0x4c,0x7f,0x00,0x00,0x00,0x00,0x04,0x41,0x4e,0x7f,0x00,0x00,
  0x00,0x00,0x04,0x41,0x50,0x7f,0x00,0x00,0x00,0x00,0x04,0x41,0x52,0x7f,0x00,0x00,
  0x00,0x00,0x04,0x41,0x54,0x7f,0x00,0x00,0x00,0x00,0x04,0x41,0x56,0x7f,0x00,0x00,
  0x00,0x00,0x04,0x41,0x58,0x7f,0x00,0x00,0x00,0x00,0x04,0x41,0x5a,0x7f,0x00,0x00,
  0x00,0x00,0x04,0x41,0x5c,0x7f,0x00,0x00,0x00,0x00,0x04,0x41,0x5e,0x7f,0x00,0x00,
  0x00,0x00,0x04,0x41,0x60,0x7f,0x00,0x00,0x00,0x00,0x04,0x41,0x61,0x7f,0x00,0x00,
  0x00,0x00,0x04,0x41,0x63,0x7f,0x00,0x00,0x00,0x00,0x00,0x00,0x00,0x00,0x00,0x00,
  0x00,0x00,0x00,0x00,0x00,0x00,0x00,0x00,0x00,0x00,0x00,0x00,0x00,0x00,0x00,0x00,
  0x00,0x00,0x00,0x00,0x00,0x00,0x00,0x00,0x00,0x00,0x00,0x00,0x00,0x00,0x00,0x00,
  0x00,0x00,0x00,0x00,0x00,0x00,0x00,0x00,0x00,0x00,0x00,0x00,0x00,0x00,0x00,0x00,
  0x01,0x00,0x00,0x00,0x00,0x00,0x00,0x00,0x40,0x00,0x00,0x00,0x00,0x00,0x00,0x00,
  0x01,0x00,0x00,0x00,0x00,0x00,0x00,0x00,0x00,0x03,0x00,0x00,0x00,0x00,0x00,0x00,
  0x00,0x00,0x00,0x00,0x00,0x00,0x00,0x00,0x00,0x00,0x00,0x00,0x00,0x00,0x00,0x00,
  0x00,0x00,0x00,0x00,0x00,0x00,0x00,0x00,0x00,0x00,0x00,0x00,0x00,0x00,0x00,0x00,
  0x01,0x00,0x00,0x00,0x00,0x00,0x00,0x00,0x40,0x00,0x00,0x00,0x00,0x00,0x00,0x00,
  0x00,0x03,0x00,0x00,0x00,0x00,0x00,0x00,0x00,0x00,0x00,0x00,0x00,0x00,0x00,0x00,
  0x00,0x00,0x00,0x00,0x00,0x00,0x00,0x00,0x00,0x00,0x00,0x00,0x00,0x00,0x00,0x00,
  0x00,0x00,0x00,0x00,0x00,0x00,0x00,0x00,0x00,0x00,0x00,0x00,0x00,0x00,0x00,0x00,
  0x04,0x40,0x0e,0x00,0x00,0x00,0x01,0x10,0x04,0x50,0x0e,0x00,0x00,0x00,0x01,0x20,
  0x0c,0x40,0xe5,0x01,0x00,0x00,0x01,0x10,0x10,0x40,0x02,0x00,0x00,0x48,0x01,0x10,
  0x14,0x40,0x00,0x00,0x00,0x00,0x01,0x10,0x20,0x40,0x00,0xa0,0xfc,0xff,0x01,0x10,
  0x24,0x40,0x00,0x08,0x00,0x00,0x01,0x10,0x30,0x40,0x0f,0x00,0x00,0x00,0x01,0x10,
  0x34,0x40,0x07,0x00,0x00,0x00,0x01,0x10,0x38,0x40,0x00,0x00,0x00,0x00,0x01,0x10,
  0x3c,0x40,0x7f,0x01,0x7f,0x01,0x01,0x10,0x40,0x40,0x53,0x00,0x00,0x00,0x01,0x10,
  0x44,0x40,0x00,0x00,0x00,0x00,0x01,0x10,0x48,0x40,0x00,0x00,0x00,0x00,0x01,0x10,
  0x4c,0x40,0x00,0x00,0x00,0x00,0x01,0x10,0x50,0x40,0x02,0x00,0x00,0x00,0x01,0x10,
  0x54,0x40,0x00,0x00,0x00,0x00,0x01,0x10,0x58,0x40,0x7f,0x01,0x00,0x00,0x01,0x10,
  0x5c,0x40,0x0f,0x00,0x07,0x00,0x01,0x10,0x60,0x40,0x53,0x00,0x00,0x00,0x01,0x10,
  0x64,0x40,0x00,0x00,0x00,0x00,0x01,0x10,0x68,0x40,0x00,0x00,0x00,0x00,0x01,0x10,
  0x6c,0x40,0x00,0x00,0x00,0x00,0x01,0x10,0x70,0x40,0x83,0x03,0x00,0x00,0x01,0x10,
  0x74,0x40,0x00,0x00,0x00,0x00,0x01,0x10,0x78,0x40,0x01,0x00,0x00,0x00,0x01,0x10,
  0x7c,0x40,0x00,0x00,0x00,0x00,0x01,0x10,0x80,0x40,0x00,0x00,0x00,0x00,0x01,0x10,
  0x84,0x40,0x01,0x00,0x01,0x00,0x01,0x10,0x88,0x40,0x00,0x00,0x00,0x00,0x01,0x10,
  0x90,0x40,0x00,0x00,0x00,0x00,0x01,0x10,0x94,0x40,0x00,0x00,0x00,0x00,0x01,0x10,
  0x98,0x40,0x00,0x00,0x00,0x00,0x01,0x10,0x9c,0x40,0x00,0x00,0x00,0x00,0x01,0x10,
  0xa0,0x40,0x00,0x00,0x00,0x00,0x01,0x10,0xa4,0x40,0x00,0x00,0x00,0x00,0x01,0x10,
  0xa8,0x40,0x00,0x00,0x00,0x00,0x01,0x10,0xac,0x40,0x00,0x00,0x00,0x00,0x01,0x10,
  0xc0,0x40,0x00,0x08,0x00,0x00,0x01,0x10,0xc4,0x40,0x00,0x00,0x00,0x00,0x01,0x10,
  0x00,0x41,0x00,0x00,0x00,0x00,0x01,0x10,0x04,0x41,0x00,0x00,0x00,0x00,0x01,0x10,
  0x08,0x41,0x00,0x00,0x00,0x00,0x01,0x10,0x0c,0x41,0x00,0x00,0x00,0x00,0x01,0x10,
  0x10,0x41,0x00,0x00,0x00,0x00,0x01,0x10,0x14,0x41,0x00,0x00,0x00,0x00,0x01,0x10,
  0x18,0x41,0x00,0x00,0x00,0x00,0x01,0x10,0x1c,0x41,0x00,0x00,0x00,0x00,0x01,0x10,
  0x20,0x41,0x00,0x00,0x00,0x00,0x01,0x10,0x24,0x41,0x00,0x00,0x00,0x00,0x01,0x10,
  0x28,0x41,0x00,0x00,0x00,0x00,0x01,0x10,0x2c,0x41,0x00,0x00,0x00,0x00,0x01,0x10,
  0x0c,0x50,0x0f,0x00,0x00,0x00,0x01,0x20,0x10,0x50,0x07,0x00,0x00,0x00,0x01,0x20,
  0x14,0x50,0x7f,0x01,0x00,0x00,0x01,0x20,0x18,0x50,0x00,0x20,0xf8,0xff,0x01,0x20,
  0x1c,0x50,0x00,0x00,0x00,0x00,0x01,0x20,0x20,0x50,0x00,0x00,0x00,0x00,0x01,0x20,
  0x28,0x50,0x00,0x00,0x00,0x00,0x01,0x20,0x2c,0x50,0x00,0x00,0x00,0x00,0x01,0x20,
  0x34,0x50,0x01,0x00,0x00,0x00,0x01,0x20,0x38,0x50,0x00,0x00,0x00,0x00,0x01,0x20,
  0x40,0x50,0x00,0x00,0x00,0x00,0x01,0x20,0x44,0x50,0x49,0x78,0x01,0x00,0x01,0x20,
  0x48,0x50,0x00,0x00,0x00,0x00,0x01,0x20,0x4c,0x50,0x00,0x00,0x00,0x00,0x01,0x20,
  0x64,0x50,0x00,0x00,0x00,0x00,0x01,0x20,0x68,0x50,0x01,0x01,0x01,0x01,0x01,0x20,
  0x6c,0x50,0x00,0x00,0x00,0x00,0x01,0x20,0x10,0x00,0x80,0xc5,0xff,0xff,0x01,0x01,
  0x14,0x00,0x26,0x02,0x00,0x00,0x01,0x01,0x00,0x00,0x00,0x00,0x00,0x00,0x41,0x00,
  0x08,0x00,0x18,0x00,0x00,0x00,0x81,0x00,0x00,0x00,0x00,0x00,0x00,0x00,0x00,0x00,
  0x00,0x00,0x00,0x00,0x00,0x00,0x00,0x00,0x00,0x00,0x00,0x00,0x00,0x00,0x00,0x00,
  0x00,0x00,0x00,0x00,0x00,0x00,0x00,0x00,0x00,0x00,0x00,0x00,0x00,0x00,0x00,0x00,
  0x00,0x00,0x00,0x00,0x00,0x00,0x00,0x00,0x00,0x00,0x00,0x00,0x00,0x00,0x00,0x00,
  0x04,0x40,0x0e,0x00,0x00,0x00,0x01,0x10,0x04,0x50,0x0e,0x00,0x00,0x00,0x01,0x20,
  0x0c,0x40,0xe5,0x01,0x00,0x00,0x01,0x10,0x10,0x40,0x00,0x00,0x00,0x00,0x01,0x10,
  0x14,0x40,0x00,0x00,0x00,0x00,0x01,0x10,0x20,0x40,0x00,0xc3,0xff,0xff,0x01,0x10,
  0x24,0x40,0x10,0x00,0x00,0x00,0x01,0x10,0x30,0x40,0x00,0x00,0x00,0x00,0x01,0x10,
  0x34,0x40,0x00,0x00,0x00,0x00,0x01,0x10,0x38,0x40,0x00,0x00,0x00,0x00,0x01,0x10,
  0x3c,0x40,0x0f,0x00,0x0f,0x00,0x01,0x10,0x40,0x40,0x53,0x00,0x00,0x00,0x01,0x10,
  0x44,0x40,0x00,0x00,0x00,0x00,0x01,0x10,0x48,0x40,0x00,0x00,0x00,0x00,0x01,0x10,
  0x4c,0x40,0x00,0x00,0x00,0x00,0x01,0x10,0x50,0x40,0x02,0x00,0x00,0x00,0x01,0x10,
  0x54,0x40,0x00,0x00,0x00,0x00,0x01,0x10,0x58,0x40,0x0f,0x00,0x00,0x00,0x01,0x10,
  0x5c,0x40,0x00,0x00,0x00,0x00,0x01,0x10,0x60,0x40,0x53,0x00,0x00,0x00,0x01,0x10,
  0x64,0x40,0x00,0x00,0x00,0x00,0x01,0x10,0x68,0x40,0x00,0x00,0x00,0x00,0x01,0x10,
  0x6c,0x40,0x00,0x00,0x00,0x00,0x01,0x10,0x70,0x40,0x83,0x03,0x00,0x00,0x01,0x10,
  0x74,0x40,0x00,0x00,0x00,0x00,0x01,0x10,0x78,0x40,0x01,0x00,0x00,0x00,0x01,0x10,
  0x7c,0x40,0x00,0x00,0x00,0x00,0x01,0x10,0x80,0x40,0x00,0x00,0x00,0x00,0x01,0x10,
  0x84,0x40,0x01,0x00,0x00,0x00,0x01,0x10,0x88,0x40,0x00,0x00,0x00,0x00,0x01,0x10,
  0x90,0x40,0x00,0x00,0x00,0x00,0x01,0x10,0x94,0x40,0x00,0x00,0x00,0x00,0x01,0x10,
  0x98,0x40,0x00,0x00,0x00,0x00,0x01,0x10,0x9c,0x40,0x00,0x00,0x00,0x00,0x01,0x10,
  0xa0,0x40,0x00,0x00,0x00,0x00,0x01,0x10,0xa4,0x40,0x00,0x00,0x00,0x00,0x01,0x10,
  0xa8,0x40,0x00,0x00,0x00,0x00,0x01,0x10,0xac,0x40,0x00,0x00,0x00,0x00,0x01,0x10,
  0xc0,0x40,0x10,0x00,0x00,0x00,0x01,0x10,0xc4,0x40,0x00,0x00,0x00,0x00,0x01,0x10,
  0x00,0x41,0x00,0x00,0x00,0x00,0x01,0x10,0x04,0x41,0x00,0x00,0x00,0x00,0x01,0x10,
  0x08,0x41,0x00,0x00,0x00,0x00,0x01,0x10,0x0c,0x41,0x00,0x00,0x00,0x00,0x01,0x10,
  0x10,0x41,0x00,0x00,0x00,0x00,0x01,0x10,0x14,0x41,0x00,0x00,0x00,0x00,0x01,0x10,
  0x18,0x41,0x00,0x00,0x00,0x00,0x01,0x10,0x1c,0x41,0x00,0x00,0x00,0x00,0x01,0x10,
  0x20,0x41,0x00,0x00,0x00,0x00,0x01,0x10,0x24,0x41,0x00,0x00,0x00,0x00,0x01,0x10,
  0x28,0x41,0x00,0x00,0x00,0x00,0x01,0x10,0x2c,0x41,0x00,0x00,0x00,0x00,0x01,0x10,
  0x0c,0x50,0x00,0x00,0x00,0x00,0x01,0x20,0x10,0x50,0x00,0x00,0x00,0x00,0x01,0x20,
  0x14,0x50,0x0f,0x00,0x00,0x00,0x01,0x20,0x18,0x50,0x00,0xc3,0xff,0xff,0x01,0x20,
  0x1c,0x50,0x00,0x00,0x00,0x00,0x01,0x20,0x20,0x50,0x00,0x00,0x00,0x00,0x01,0x20,
  0x28,0x50,0x00,0x00,0x00,0x00,0x01,0x20,0x2c,0x50,0x00,0x00,0x00,0x00,0x01,0x20,
  0x34,0x50,0x01,0x00,0x00,0x00,0x01,0x20,0x38,0x50,0x00,0x00,0x00,0x00,0x01,0x20,
  0x40,0x50,0x00,0x00,0x00,0x00,0x01,0x20,0x44,0x50,0x01,0x78,0x00,0x00,0x01,0x20,
  0x48,0x50,0x00,0x00,0x00,0x00,0x01,0x20,0x4c,0x50,0x00,0x00,0x00,0x00,0x01,0x20,
  0x64,0x50,0x00,0x00,0x00,0x00,0x01,0x20,0x68,0x50,0x01,0x01,0x01,0x01,0x01,0x20,
  0x6c,0x50,0x00,0x00,0x00,0x00,0x01,0x20,0x00,0x41,0x00,0x00,0x02,0x00,0x01,0x10,
  0x04,0x41,0x9d,0x80,0xff,0xff,0x01,0x10,0x04,0x41,0x9f,0x80,0xff,0xff,0x01,0x10,
  0x04,0x41,0xa0,0x80,0xff,0xff,0x01,0x10,0x04,0x41,0xa2,0x80,0xff,0xff,0x01,0x10,
  0x04,0x41,0xa4,0x80,0xff,0xff,0x01,0x10,0x04,0x41,0xa6,0x80,0xff,0xff,0x01,0x10,
  0x04,0x41,0xa8,0x80,0xff,0xff,0x01,0x10,0x04,0x41,0xaa,0x80,0xff,0xff,0x01,0x10,
  0x04,0x41,0xac,0x80,0xff,0xff,0x01,0x10,0x04,0x41,0xae,0x80,0xff,0xff,0x01,0x10,
  0x04,0x41,0xb0,0x80,0xff,0xff,0x01,0x10,0x04,0x41,0xb2,0x80,0xff,0xff,0x01,0x10,
  0x04,0x41,0xb4,0x80,0xff,0xff,0x01,0x10,0x04,0x41,0xb6,0x80,0xff,0xff,0x01,0x10,
  0x04,0x41,0xb9,0x80,0xff,0xff,0x01,0x10,0x04,0x41,0xbb,0x80,0xff,0xff,0x01,0x10,
  0x04,0x41,0xbd,0x80,0xff,0xff,0x01,0x10,0x04,0x41,0xbf,0x80,0xff,0xff,0x01,0x10,
  0x04,0x41,0xc1,0x80,0xff,0xff,0x01,0x10,0x04,0x41,0xc4,0x80,0xff,0xff,0x01,0x10,
  0x04,0x41,0xc6,0x80,0xff,0xff,0x01,0x10,0x04,0x41,0xc8,0x80,0xff,0xff,0x01,0x10,
  0x04,0x41,0xcb,0x80,0xff,0xff,0x01,0x10,0x04,0x41,0xcd,0x80,0xff,0xff,0x01,0x10,
  0x04,0x41,0xcf,0x80,0xff,0xff,0x01,0x10,0x04,0x41,0xd2,0x80,0xff,0xff,0x01,0x10,
  0x04,0x41,0xd4,0x80,0xff,0xff,0x01,0x10,0x04,0x41,0xd7,0x80,0xff,0xff,0x01,0x10,
  0x04,0x41,0xd9,0x80,0xff,0xff,0x01,0x10,0x04,0x41,0xdc,0x80,0xff,0xff,0x01,0x10,
  0x04,0x41,0xdf,0x80,0xff,0xff,0x01,0x10,0x04,0x41,0xe1,0x80,0xff,0xff,0x01,0x10,
  0x04,0x41,0xe4,0x80,0xff,0xff,0x01,0x10,0x04,0x41,0xe7,0x80,0xff,0xff,0x01,0x10,
  0x04,0x41,0xe9,0x80,0xff,0xff,0x01,0x10,0x04,0x41,0xec,0x80,0xff,0xff,0x01,0x10,
  0x04,0x41,0xef,0x80,0xff,0xff,0x01,0x10,0x04,0x41,0xf2,0x80,0xff,0xff,0x01,0x10,
  0x04,0x41,0xf4,0x80,0xff,0xff,0x01,0x10,0x04,0x41,0xf7,0x80,0xff,0xff,0x01,0x10,
  0x04,0x41,0xfa,0x80,0xff,0xff,0x01,0x10,0x04,0x41,0xfd,0x80,0xff,0xff,0x01,0x10,
  0x04,0x41,0x00,0x81,0xff,0xff,0x01,0x10,0x04,0x41,0x03,0x81,0xff,0xff,0x01,0x10,
  0x04,0x41,0x06,0x81,0xff,0xff,0x01,0x10,0x04,0x41,0x09,0x81,0xff,0xff,0x01,0x10,
  0x04,0x41,0x0c,0x81,0xff,0xff,0x01,0x10,0x04,0x41,0x10,0x81,0xff,0xff,0x01,0x10,
  0x04,0x41,0x13,0x81,0xff,0xff,0x01,0x10,0x04,0x41,0x16,0x81,0xff,0xff,0x01,0x10,
  0x04,0x41,0x19,0x81,0xff,0xff,0x01,0x10,0x04,0x41,0x1d,0x81,0xff,0xff,0x01,0x10,
  0x04,0x41,0x20,0x81,0xff,0xff,0x01,0x10,0x04,0x41,0x23,0x81,0xff,0xff,0x01,0x10,
  0x04,0x41,0x27,0x81,0xff,0xff,0x01,0x10,0x04,0x41,0x2a,0x81,0xff,0xff,0x01,0x10,
  0x04,0x41,0x2e,0x81,0xff,0xff,0x01,0x10,0x04,0x41,0x31,0x81,0xff,0xff,0x01,0x10,
  0x04,0x41,0x35,0x81,0xff,0xff,0x01,0x10,0x04,0x41,0x39,0x81,0xff,0xff,0x01,0x10,
  0x04,0x41,0x3c,0x81,0xff,0xff,0x01,0x10,0x04,0x41,0x40,0x81,0xff,0xff,0x01,0x10,
  0x04,0x41,0x44,0x81,0xff,0xff,0x01,0x10,0x04,0x41,0x48,0x81,0xff,0xff,0x01,0x10,
  0x04,0x41,0x4b,0x81,0xff,0xff,0x01,0x10,0x04,0x41,0x4f,0x81,0xff,0xff,0x01,0x10,
  0x04,0x41,0x53,0x81,0xff,0xff,0x01,0x10,0x04,0x41,0x57,0x81,0xff,0xff,0x01,0x10,
  0x04,0x41,0x5b,0x81,0xff,0xff,0x01,0x10,0x04,0x41,0x5f,0x81,0xff,0xff,0x01,0x10,
  0x04,0x41,0x63,0x81,0xff,0xff,0x01,0x10,0x04,0x41,0x68,0x81,0xff,0xff,0x01,0x10,
  0x04,0x41,0x6c,0x81,0xff,0xff,0x01,0x10,0x04,0x41,0x70,0x81,0xff,0xff,0x01,0x10,
  0x04,0x41,0x75,0x81,0xff,0xff,0x01,0x10,0x04,0x41,0x79,0x81,0xff,0xff,0x01,0x10,
  0x04,0x41,0x7d,0x81,0xff,0xff,0x01,0x10,0x04,0x41,0x82,0x81,0xff,0xff,0x01,0x10,
  0x04,0x41,0x86,0x81,0xff,0xff,0x01,0x10,0x04,0x41,0x8b,0x81,0xff,0xff,0x01,0x10,
  0x04,0x41,0x90,0x81,0xff,0xff,0x01,0x10,0x04,0x41,0x94,0x81,0xff,0xff,0x01,0x10,
  0x04,0x41,0x99,0x81,0xff,0xff,0x01,0x10,0x04,0x41,0x9e,0x81,0xff,0xff,0x01,0x10,
  0x04,0x41,0xa3,0x81,0xff,0xff,0x01,0x10,0x04,0x41,0xa8,0x81,0xff,0xff,0x01,0x10,
  0x04,0x41,0xad,0x81,0xff,0xff,0x01,0x10,0x04,0x41,0xb2,0x81,0xff,0xff,0x01,0x10,
  0x04,0x41,0xb7,0x81,0xff,0xff,0x01,0x10,0x04,0x41,0xbc,0x81,0xff,0xff,0x01,0x10,
  0x04,0x41,0xc1,0x81,0xff,0xff,0x01,0x10,0x04,0x41,0xc6,0x81,0xff,0xff,0x01,0x10,
  0x04,0x41,0xcc,0x81,0xff,0xff,0x01,0x10,0x04,0x41,0xd1,0x81,0xff,0xff,0x01,0x10,
  0x04,0x41,0xd7,0x81,0xff,0xff,0x01,0x10,0x04,0x41,0xdc,0x81,0xff,0xff,0x01,0x10,
  0x04,0x41,0xe2,0x81,0xff,0xff,0x01,0x10,0x04,0x41,0xe7,0x81,0xff,0xff,0x01,0x10,
  0x04,0x41,0xed,0x81,0xff,0xff,0x01,0x10,0x04,0x41,0xf3,0x81,0xff,0xff,0x01,0x10,
  0x04,0x41,0xf9,0x81,0xff,0xff,0x01,0x10,0x04,0x41,0xff,0x81,0xff,0xff,0x01,0x10,
  0x04,0x41,0x05,0x82,0xff,0xff,0x01,0x10,0x04,0x41,0x0b,0x82,0xff,0xff,0x01,0x10,
  0x04,0x41,0x11,0x82,0xff,0xff,0x01,0x10,0x04,0x41,0x17,0x82,0xff,0xff,0x01,0x10,
  0x04,0x41,0x1e,0x82,0xff,0xff,0x01,0x10,0x04,0x41,0x24,0x82,0xff,0xff,0x01,0x10,
  0x04,0x41,0x2a,0x82,0xff,0xff,0x01,0x10,0x04,0x41,0x31,0x82,0xff,0xff,0x01,0x10,
  0x04,0x41,0x37,0x82,0xff,0xff,0x01,0x10,0x04,0x41,0x3e,0x82,0xff,0xff,0x01,0x10,
  0x04,0x41,0x45,0x82,0xff,0xff,0x01,0x10,0x04,0x41,0x4c,0x82,0xff,0xff,0x01,0x10,
  0x04,0x41,0x53,0x82,0xff,0xff,0x01,0x10,0x04,0x41,0x5a,0x82,0xff,0xff,0x01,0x10,
  0x04,0x41,0x61,0x82,0xff,0xff,0x01,0x10,0x04,0x41,0x68,0x82,0xff,0xff,0x01,0x10,
  0x04,0x41,0x6f,0x82,0xff,0xff,0x01,0x10,0x04,0x41,0x76,0x82,0xff,0xff,0x01,0x10,
  0x04,0x41,0x7e,0x82,0xff,0xff,0x01,0x10,0x04,0x41,0x85,0x82,0xff,0xff,0x01,0x10,
  0x04,0x41,0x8d,0x82,0xff,0xff,0x01,0x10,0x04,0x41,0x94,0x82,0xff,0xff,0x01,0x10,
  0x04,0x41,0x9c,0x82,0xff,0xff,0x01,0x10,0x04,0x41,0xa4,0x82,0xff,0xff,0x01,0x10,
  0x04,0x41,0xac,0x82,0xff,0xff,0x01,0x10,0x04,0x41,0xb4,0x82,0xff,0xff,0x01,0x10,
  0x04,0x41,0xbc,0x82,0xff,0xff,0x01,0x10,0x04,0x41,0xc4,0x82,0xff,0xff,0x01,0x10,
  0x04,0x41,0xcc,0x82,0xff,0xff,0x01,0x10,0x04,0x41,0xd5,0x82,0xff,0xff,0x01,0x10,
  0x04,0x41,0xdd,0x82,0xff,0xff,0x01,0x10,0x04,0x41,0xe6,0x82,0xff,0xff,0x01,0x10,
  0x04,0x41,0xef,0x82,0xff,0xff,0x01,0x10,0x04,0x41,0xf7,0x82,0xff,0xff,0x01,0x10,
  0x04,0x41,0x00,0x83,0xff,0xff,0x01,0x10,0x04,0x41,0x09,0x83,0xff,0xff,0x01,0x10,
  0x04,0x41,0x12,0x83,0xff,0xff,0x01,0x10,0x04,0x41,0x1c,0x83,0xff,0xff,0x01,0x10,
  0x04,0x41,0x25,0x83,0xff,0xff,0x01,0x10,0x04,0x41,0x2e,0x83,0xff,0xff,0x01,0x10,
  0x04,0x41,0x38,0x83,0xff,0xff,0x01,0x10,0x04,0x41,0x42,0x83,0xff,0xff,0x01,0x10,
  0x04,0x41,0x4b,0x83,0xff,0xff,0x01,0x10,0x04,0x41,0x55,0x83,0xff,0xff,0x01,0x10,
  0x04,0x41,0x5f,0x83,0xff,0xff,0x01,0x10,0x04,0x41,0x69,0x83,0xff,0xff,0x01,0x10,
  0x04,0x41,0x73,0x83,0xff,0xff,0x01,0x10,0x04,0x41,0x7e,0x83,0xff,0xff,0x01,0x10,
  0x04,0x41,0x88,0x83,0xff,0xff,0x01,0x10,0x04,0x41,0x93,0x83,0xff,0xff,0x01,0x10,
  0x04,0x41,0x9d,0x83,0xff,0xff,0x01,0x10,0x04,0x41,0xa8,0x83,0xff,0xff,0x01,0x10,
  0x04,0x41,0xb3,0x83,0xff,0xff,0x01,0x10,0x04,0x41,0xbe,0x83,0xff,0xff,0x01,0x10,
  0x04,0x41,0xca,0x83,0xff,0xff,0x01,0x10,0x04,0x41,0xd5,0x83,0xff,0xff,0x01,0x10,
  0x04,0x41,0xe0,0x83,0xff,0xff,0x01,0x10,0x04,0x41,0xec,0x83,0xff,0xff,0x01,0x10,
  0x04,0x41,0xf8,0x83,0xff,0xff,0x01,0x10,0x04,0x41,0x03,0x84,0xff,0xff,0x01,0x10,
  0x04,0x41,0x0f,0x84,0xff,0xff,0x01,0x10,0x04,0x41,0x1c,0x84,0xff,0xff,0x01,0x10,
  0x04,0x41,0x28,0x84,0xff,0xff,0x01,0x10,0x04,0x41,0x34,0x84,0xff,0xff,0x01,0x10,
  0x04,0x41,0x41,0x84,0xff,0xff,0x01,0x10,0x04,0x41,0x4d,0x84,0xff,0xff,0x01,0x10,
  0x04,0x41,0x5a,0x84,0xff,0xff,0x01,0x10,0x04,0x41,0x67,0x84,0xff,0xff,0x01,0x10,
  0x04,0x41,0x74,0x84,0xff,0xff,0x01,0x10,0x04,0x41,0x82,0x84,0xff,0xff,0x01,0x10,
  0x04,0x41,0x8f,0x84,0xff,0xff,0x01,0x10,0x04,0x41,0x9d,0x84,0xff,0xff,0x01,0x10,
  0x04,0x41,0xaa,0x84,0xff,0xff,0x01,0x10,0x04,0x41,0xb8,0x84,0xff,0xff,0x01,0x10,
  0x04,0x41,0xc6,0x84,0xff,0xff,0x01,0x10,0x04,0x41,0xd5,0x84,0xff,0xff,0x01,0x10,
  0x04,0x41,0xe3,0x84,0xff,0xff,0x01,0x10,0x04,0x41,0xf2,0x84,0xff,0xff,0x01,0x10,
  0x04,0x41,0x00,0x85,0xff,0xff,0x01,0x10,0x04,0x41,0x0f,0x85,0xff,0xff,0x01,0x10,
  0x04,0x41,0x1e,0x85,0xff,0xff,0x01,0x10,0x04,0x41,0x2d,0x85,0xff,0xff,0x01,0x10,
  0x04,0x41,0x3d,0x85,0xff,0xff,0x01,0x10,0x04,0x41,0x4c,0x85,0xff,0xff,0x01,0x10,
  0x04,0x41,0x5c,0x85,0xff,0xff,0x01,0x10,0x04,0x41,0x6c,0x85,0xff,0xff,0x01,0x10,
  0x04,0x41,0x7c,0x85,0xff,0xff,0x01,0x10,0x04,0x41,0x8c,0x85,0xff,0xff,0x01,0x10,
  0x04,0x41,0x9d,0x85,0xff,0xff,0x01,0x10,0x04,0x41,0xae,0x85,0xff,0xff,0x01,0x10,
  0x04,0x41,0xbe,0x85,0xff,0xff,0x01,0x10,0x04,0x41,0xcf,0x85,0xff,0xff,0x01,0x10,
  0x04,0x41,0xe1,0x85,0xff,0xff,0x01,0x10,0x04,0x41,0xf2,0x85,0xff,0xff,0x01,0x10,
  0x04,0x41,0x04,0x86,0xff,0xff,0x01,0x10,0x04,0x41,0x16,0x86,0xff,0xff,0x01,0x10,
  0x04,0x41,0x28,0x86,0xff,0xff,0x01,0x10,0x04,0x41,0x3a,0x86,0xff,0xff,0x01,0x10,
  0x04,0x41,0x4c,0x86,0xff,0xff,0x01,0x10,0x04,0x41,0x5f,0x86,0xff,0xff,0x01,0x10,
  0x04,0x41,0x72,0x86,0xff,0xff,0x01,0x10,0x04,0x41,0x85,0x86,0xff,0xff,0x01,0x10,
  0x04,0x41,0x98,0x86,0xff,0xff,0x01,0x10,0x04,0x41,0xac,0x86,0xff,0xff,0x01,0x10,
  0x04,0x41,0xbf,0x86,0xff,0xff,0x01,0x10,0x04,0x41,0xd3,0x86,0xff,0xff,0x01,0x10,
  0x04,0x41,0xe7,0x86,0xff,0xff,0x01,0x10,0x04,0x41,0xfc,0x86,0xff,0xff,0x01,0x10,
  0x04,0x41,0x10,0x87,0xff,0xff,0x01,0x10,0x04,0x41,0x25,0x87,0xff,0xff,0x01,0x10,
  0x04,0x41,0x3a,0x87,0xff,0xff,0x01,0x10,0x04,0x41,0x50,0x87,0xff,0xff,0x01,0x10,
  0x04,0x41,0x65,0x87,0xff,0xff,0x01,0x10,0x04,0x41,0x7b,0x87,0xff,0xff,0x01,0x10,
  0x04,0x41,0x91,0x87,0xff,0xff,0x01,0x10,0x04,0x41,0xa7,0x87,0xff,0xff,0x01,0x10,
  0x04,0x41,0xbe,0x87,0xff,0xff,0x01,0x10,0x04,0x41,0xd5,0x87,0xff,0xff,0x01,0x10,
  0x04,0x41,0xec,0x87,0xff,0xff,0x01,0x10,0x04,0x41,0x03,0x88,0xff,0xff,0x01,0x10,
  0x04,0x41,0x1b,0x88,0xff,0xff,0x01,0x10,0x04,0x41,0x32,0x88,0xff,0xff,0x01,0x10,
  0x04,0x41,0x4b,0x88,0xff,0xff,0x01,0x10,0x04,0x41,0x63,0x88,0xff,0xff,0x01,0x10,
  0x04,0x41,0x7c,0x88,0xff,0xff,0x01,0x10,0x04,0x41,0x94,0x88,0xff,0xff,0x01,0x10,
  0x04,0x41,0xae,0x88,0xff,0xff,0x01,0x10,0x04,0x41,0xc7,0x88,0xff,0xff,0x01,0x10,
  0x04,0x41,0xe1,0x88,0xff,0xff,0x01,0x10,0x04,0x41,0xfb,0x88,0xff,0xff,0x01,0x10,
  0x04,0x41,0x15,0x89,0xff,0xff,0x01,0x10,0x04,0x41,0x30,0x89,0xff,0xff,0x01,0x10,
  0x04,0x41,0x4b,0x89,0xff,0xff,0x01,0x10,0x04,0x41,0x66,0x89,0xff,0xff,0x01,0x10,
  0x04,0x41,0x81,0x89,0xff,0xff,0x01,0x10,0x04,0x41,0x9d,0x89,0xff,0xff,0x01,0x10,
  0x04,0x41,0xb9,0x89,0xff,0xff,0x01,0x10,0x04,0x41,0xd5,0x89,0xff,0xff,0x01,0x10,
  0x04,0x41,0xf2,0x89,0xff,0xff,0x01,0x10,0x04,0x41,0x0f,0x8a,0xff,0xff,0x01,0x10,
  0x04,0x41,0x2d,0x8a,0xff,0xff,0x01,0x10,0x04,0x41,0x4a,0x8a,0xff,0xff,0x01,0x10,
  0x04,0x41,0x68,0x8a,0xff,0xff,0x01,0x10,0x04,0x41,0x86,0x8a,0xff,0xff,0x01,0x10,
  0x04,0x41,0xa5,0x8a,0xff,0xff,0x01,0x10,0x04,0x41,0xc4,0x8a,0xff,0xff,0x01,0x10,
  0x04,0x41,0xe3,0x8a,0xff,0xff,0x01,0x10,0x04,0x41,0x03,0x8b,0xff,0xff,0x01,0x10,
  0x04,0x41,0x23,0x8b,0xff,0xff,0x01,0x10,0x04,0x41,0x43,0x8b,0xff,0xff,0x01,0x10,
  0x04,0x41,0x64,0x8b,0xff,0xff,0x01,0x10,0x04,0x41,0x85,0x8b,0xff,0xff,0x01,0x10,
  0x04,0x41,0xa6,0x8b,0xff,0xff,0x01,0x10,0x04,0x41,0xc8,0x8b,0xff,0xff,0x01,0x10,
  0x04,0x41,0xea,0x8b,0xff,0xff,0x01,0x10,0x04,0x41,0x0d,0x8c,0xff,0xff,0x01,0x10,
  0x04,0x41,0x30,0x8c,0xff,0xff,0x01,0x10,0x04,0x41,0x53,0x8c,0xff,0xff,0x01,0x10,
  0x04,0x41,0x76,0x8c,0xff,0xff,0x01,0x10,0x04,0x41,0x9a,0x8c,0xff,0xff,0x01,0x10,
  0x04,0x41,0xbf,0x8c,0xff,0xff,0x01,0x10,0x04,0x41,0xe4,0x8c,0xff,0xff,0x01,0x10,
  0x04,0x41,0x09,0x8d,0xff,0xff,0x01,0x10,0x04,0x41,0x2e,0x8d,0xff,0xff,0x01,0x10,
  0x04,0x41,0x54,0x8d,0xff,0xff,0x01,0x10,0x04,0x41,0x7b,0x8d,0xff,0xff,0x01,0x10,
  0x04,0x41,0xa1,0x8d,0xff,0xff,0x01,0x10,0x04,0x41,0xc9,0x8d,0xff,0xff,0x01,0x10,
  0x04,0x41,0xf0,0x8d,0xff,0xff,0x01,0x10,0x04,0x41,0x18,0x8e,0xff,0xff,0x01,0x10,
  0x04,0x41,0x41,0x8e,0xff,0xff,0x01,0x10,0x04,0x41,0x69,0x8e,0xff,0xff,0x01,0x10,
  0x04,0x41,0x93,0x8e,0xff,0xff,0x01,0x10,0x04,0x41,0xbc,0x8e,0xff,0xff,0x01,0x10,
  0x04,0x41,0xe7,0x8e,0xff,0xff,0x01,0x10,0x04,0x41,0x11,0x8f,0xff,0xff,0x01,0x10,
  0x04,0x41,0x3c,0x8f,0xff,0xff,0x01,0x10,0x04,0x41,0x68,0x8f,0xff,0xff,0x01,0x10,
  0x04,0x41,0x94,0x8f,0xff,0xff,0x01,0x10,0x04,0x41,0xc0,0x8f,0xff,0xff,0x01,0x10,
  0x04,0x41,0xed,0x8f,0xff,0xff,0x01,0x10,0x04,0x41,0x1a,0x90,0xff,0xff,0x01,0x10,
  0x04,0x41,0x48,0x90,0xff,0xff,0x01,0x10,0x04,0x41,0x76,0x90,0xff,0xff,0x01,0x10,
  0x04,0x41,0xa5,0x90,0xff,0xff,0x01,0x10,0x04,0x41,0xd4,0x90,0xff,0xff,0x01,0x10,
  0x04,0x41,0x04,0x91,0xff,0xff,0x01,0x10,0x04,0x41,0x34,0x91,0xff,0xff,0x01,0x10,
  0x04,0x41,0x65,0x91,0xff,0xff,0x01,0x10,0x04,0x41,0x96,0x91,0xff,0xff,0x01,0x10,
  0x04,0x41,0xc8,0x91,0xff,0xff,0x01,0x10,0x04,0x41,0xfa,0x91,0xff,0xff,0x01,0x10,
  0x04,0x41,0x2d,0x92,0xff,0xff,0x01,0x10,0x04,0x41,0x60,0x92,0xff,0xff,0x01,0x10,
  0x04,0x41,0x94,0x92,0xff,0xff,0x01,0x10,0x04,0x41,0xc8,0x92,0xff,0xff,0x01,0x10,
  0x04,0x41,0xfd,0x92,0xff,0xff,0x01,0x10,0x04,0x41,0x32,0x93,0xff,0xff,0x01,0x10,
  0x04,0x41,0x68,0x93,0xff,0xff,0x01,0x10,0x04,0x41,0x9e,0x93,0xff,0xff,0x01,0x10,
  0x04,0x41,0xd5,0x93,0xff,0xff,0x01,0x10,0x04,0x41,0x0d,0x94,0xff,0xff,0x01,0x10,
  0x04,0x41,0x45,0x94,0xff,0xff,0x01,0x10,0x04,0x41,0x7e,0x94,0xff,0xff,0x01,0x10,
  0x04,0x41,0xb7,0x94,0xff,0xff,0x01,0x10,0x04,0x41,0xf1,0x94,0xff,0xff,0x01,0x10,
  0x04,0x41,0x2b,0x95,0xff,0xff,0x01,0x10,0x04,0x41,0x66,0x95,0xff,0xff,0x01,0x10,
  0x04,0x41,0xa1,0x95,0xff,0xff,0x01,0x10,0x04,0x41,0xdd,0x95,0xff,0xff,0x01,0x10,
  0x04,0x41,0x1a,0x96,0xff,0xff,0x01,0x10,0x04,0x41,0x57,0x96,0xff,0xff,0x01,0x10,
  0x04,0x41,0x95,0x96,0xff,0xff,0x01,0x10,0x04,0x41,0xd4,0x96,0xff,0xff,0x01,0x10,
  0x04,0x41,0x13,0x97,0xff,0xff,0x01,0x10,0x04,0x41,0x53,0x97,0xff,0xff,0x01,0x10,
  0x04,0x41,0x93,0x97,0xff,0xff,0x01,0x10,0x04,0x41,0xd4,0x97,0xff,0xff,0x01,0x10,
  0x04,0x41,0x15,0x98,0xff,0xff,0x01,0x10,0x04,0x41,0x58,0x98,0xff,0xff,0x01,0x10,
  0x04,0x41,0x9a,0x98,0xff,0xff,0x01,0x10,0x04,0x41,0xde,0x98,0xff,0xff,0x01,0x10,
  0x04,0x41,0x22,0x99,0xff,0xff,0x01,0x10,0x04,0x41,0x67,0x99,0xff,0xff,0x01,0x10,
  0x04,0x41,0xac,0x99,0xff,0xff,0x01,0x10,0x04,0x41,0xf2,0x99,0xff,0xff,0x01,0x10,
  0x04,0x41,0x39,0x9a,0xff,0xff,0x01,0x10,0x04,0x41,0x80,0x9a,0xff,0xff,0x01,0x10,
  0x04,0x41,0xc8,0x9a,0xff,0xff,0x01,0x10,0x04,0x41,0x11,0x9b,0xff,0xff,0x01,0x10,
  0x04,0x41,0x5b,0x9b,0xff,0xff,0x01,0x10,0x04,0x41,0xa5,0x9b,0xff,0xff,0x01,0x10,
  0x04,0x41,0xf0,0x9b,0xff,0xff,0x01,0x10,0x04,0x41,0x3b,0x9c,0xff,0xff,0x01,0x10,
  0x04,0x41,0x87,0x9c,0xff,0xff,0x01,0x10,0x04,0x41,0xd4,0x9c,0xff,0xff,0x01,0x10,
  0x04,0x41,0x22,0x9d,0xff,0xff,0x01,0x10,0x04,0x41,0x70,0x9d,0xff,0xff,0x01,0x10,
  0x04,0x41,0xbf,0x9d,0xff,0xff,0x01,0x10,0x04,0x41,0x0f,0x9e,0xff,0xff,0x01,0x10,
  0x04,0x41,0x5f,0x9e,0xff,0xff,0x01,0x10,0x04,0x41,0xb0,0x9e,0xff,0xff,0x01,0x10,
  0x04,0x41,0x02,0x9f,0xff,0xff,0x01,0x10,0x04,0x41,0x55,0x9f,0xff,0xff,0x01,0x10,
  0x04,0x41,0xa8,0x9f,0xff,0xff,0x01,0x10,0x04,0x41,0xfd,0x9f,0xff,0xff,0x01,0x10,
  0x04,0x41,0x52,0xa0,0xff,0xff,0x01,0x10,0x04,0x41,0xa7,0xa0,0xff,0xff,0x01,0x10,
  0x04,0x41,0xfe,0xa0,0xff,0xff,0x01,0x10,0x04,0x41,0x55,0xa1,0xff,0xff,0x01,0x10,
  0x04,0x41,0xad,0xa1,0xff,0xff,0x01,0x10,0x04,0x41,0x05,0xa2,0xff,0xff,0x01,0x10,
  0x04,0x41,0x5f,0xa2,0xff,0xff,0x01,0x10,0x04,0x41,0xb9,0xa2,0xff,0xff,0x01,0x10,
  0x04,0x41,0x14,0xa3,0xff,0xff,0x01,0x10,0x04,0x41,0x70,0xa3,0xff,0xff,0x01,0x10,
  0x04,0x41,0xcc,0xa3,0xff,0xff,0x01,0x10,0x04,0x41,0x2a,0xa4,0xff,0xff,0x01,0x10,
  0x04,0x41,0x88,0xa4,0xff,0xff,0x01,0x10,0x04,0x41,0xe7,0xa4,0xff,0xff,0x01,0x10,
  0x04,0x41,0x47,0xa5,0xff,0xff,0x01,0x10,0x04,0x41,0xa7,0xa5,0xff,0xff,0x01,0x10,
  0x04,0x41,0x09,0xa6,0xff,0xff,0x01,0x10,0x04,0x41,0x6b,0xa6,0xff,0xff,0x01,0x10,
  0x04,0x41,0xce,0xa6,0xff,0xff,0x01,0x10,0x04,0x41,0x32,0xa7,0xff,0xff,0x01,0x10,
  0x04,0x41,0x96,0xa7,0xff,0xff,0x01,0x10,0x04,0x41,0xfc,0xa7,0xff,0xff,0x01,0x10,
  0x04,0x41,0x62,0xa8,0xff,0xff,0x01,0x10,0x04,0x41,0xc9,0xa8,0xff,0xff,0x01,0x10,
  0x04,0x41,0x31,0xa9,0xff,0xff,0x01,0x10,0x04,0x41,0x9a,0xa9,0xff,0xff,0x01,0x10,
  0x04,0x41,0x04,0xaa,0xff,0xff,0x01,0x10,0x04,0x41,0x6e,0xaa,0xff,0xff,0x01,0x10,
  0x04,0x41,0xd9,0xaa,0xff,0xff,0x01,0x10,0x04,0x41,0x46,0xab,0xff,0xff,0x01,0x10,
  0x04,0x41,0xb3,0xab,0xff,0xff,0x01,0x10,0x04,0x41,0x21,0xac,0xff,0xff,0x01,0x10,
  0x04,0x41,0x8f,0xac,0xff,0xff,0x01,0x10,0x04,0x41,0xff,0xac,0xff,0xff,0x01,0x10,
  0x04,0x41,0x6f,0xad,0xff,0xff,0x01,0x10,0x04,0x41,0xe1,0xad,0xff,0xff,0x01,0x10,
  0x04,0x41,0x53,0xae,0xff,0xff,0x01,0x10,0x04,0x41,0xc6,0xae,0xff,0xff,0x01,0x10,
  0x04,0x41,0x3a,0xaf,0xff,0xff,0x01,0x10,0x04,0x41,0xae,0xaf,0xff,0xff,0x01,0x10,
  0x04,0x41,0x24,0xb0,0xff,0xff,0x01,0x10,0x04,0x41,0x9a,0xb0,0xff,0xff,0x01,0x10,
  0x04,0x41,0x12,0xb1,0xff,0xff,0x01,0x10,0x04,0x41,0x8a,0xb1,0xff,0xff,0x01,0x10,
  0x04,0x41,0x03,0xb2,0xff,0xff,0x01,0x10,0x04,0x41,0x7d,0xb2,0xff,0xff,0x01,0x10,
  0x04,0x41,0xf8,0xb2,0xff,0xff,0x01,0x10,0x04,0x41,0x73,0xb3,0xff,0xff,0x01,0x10,
  0x04,0x41,0xf0,0xb3,0xff,0xff,0x01,0x10,0x04,0x41,0x6d,0xb4,0xff,0xff,0x01,0x10,
  0x04,0x41,0xec,0xb4,0xff,0xff,0x01,0x10,0x04,0x41,0x6b,0xb5,0xff,0xff,0x01,0x10,
  0x04,0x41,0xeb,0xb5,0xff,0xff,0x01,0x10,0x04,0x41,0x6c,0xb6,0xff,0xff,0x01,0x10,
  0x04,0x41,0xee,0xb6,0xff,0xff,0x01,0x10,0x04,0x41,0x71,0xb7,0xff,0xff,0x01,0x10,
  0x04,0x41,0xf4,0xb7,0xff,0xff,0x01,0x10,0x04,0x41,0x79,0xb8,0xff,0xff,0x01,0x10,
  0x04,0x41,0xfe,0xb8,0xff,0xff,0x01,0x10,0x04,0x41,0x84,0xb9,0xff,0xff,0x01,0x10,
  0x04,0x41,0x0b,0xba,0xff,0xff,0x01,0x10,0x04,0x41,0x93,0xba,0xff,0xff,0x01,0x10,
  0x04,0x41,0x1c,0xbb,0xff,0xff,0x01,0x10,0x04,0x41,0xa6,0xbb,0xff,0xff,0x01,0x10,
  0x04,0x41,0x31,0xbc,0xff,0xff,0x01,0x10,0x04,0x41,0xbc,0xbc,0xff,0xff,0x01,0x10,
  0x04,0x41,0x48,0xbd,0xff,0xff,0x01,0x10,0x04,0x41,0xd6,0xbd,0xff,0xff,0x01,0x10,
  0x04,0x41,0x64,0xbe,0xff,0xff,0x01,0x10,0x04,0x41,0xf3,0xbe,0xff,0xff,0x01,0x10,
  0x04,0x41,0x82,0xbf,0xff,0xff,0x01,0x10,0x04,0x41,0x13,0xc0,0xff,0xff,0x01,0x10,
  0x04,0x41,0xa4,0xc0,0xff,0xff,0x01,0x10,0x04,0x41,0x37,0xc1,0xff,0xff,0x01,0x10,
  0x04,0x41,0xca,0xc1,0xff,0xff,0x01,0x10,0x04,0x41,0x5e,0xc2,0xff,0xff,0x01,0x10,
  0x04,0x41,0xf3,0xc2,0xff,0xff,0x01,0x10,0x04,0x41,0x89,0xc3,0xff,0xff,0x01,0x10,
  0x04,0x41,0x1f,0xc4,0xff,0xff,0x01,0x10,0x04,0x41,0xb7,0xc4,0xff,0xff,0x01,0x10,
  0x04,0x41,0x4f,0xc5,0xff,0xff,0x01,0x10,0x04,0x41,0xe8,0xc5,0xff,0xff,0x01,0x10,
  0x04,0x41,0x82,0xc6,0xff,0xff,0x01,0x10,0x04,0x41,0x1c,0xc7,0xff,0xff,0x01,0x10,
  0x04,0x41,0xb8,0xc7,0xff,0xff,0x01,0x10,0x04,0x41,0x54,0xc8,0xff,0xff,0x01,0x10,
  0x04,0x41,0xf1,0xc8,0xff,0xff,0x01,0x10,0x04,0x41,0x8f,0xc9,0xff,0xff,0x01,0x10,
  0x04,0x41,0x2e,0xca,0xff,0xff,0x01,0x10,0x04,0x41,0xcd,0xca,0xff,0xff,0x01,0x10,
  0x04,0x41,0x6e,0xcb,0xff,0xff,0x01,0x10,0x04,0x41,0x0f,0xcc,0xff,0xff,0x01,0x10,
  0x04,0x41,0xb1,0xcc,0xff,0xff,0x01,0x10,0x04,0x41,0x53,0xcd,0xff,0xff,0x01,0x10,
  0x04,0x41,0xf7,0xcd,0xff,0xff,0x01,0x10,0x04,0x41,0x9b,0xce,0xff,0xff,0x01,0x10,
  0x04,0x41,0x40,0xcf,0xff,0xff,0x01,0x10,0x04,0x41,0xe5,0xcf,0xff,0xff,0x01,0x10,
  0x04,0x41,0x8c,0xd0,0xff,0xff,0x01,0x10,0x04,0x41,0x33,0xd1,0xff,0xff,0x01,0x10,
  0x04,0x41,0xda,0xd1,0xff,0xff,0x01,0x10,0x04,0x41,0x83,0xd2,0xff,0xff,0x01,0x10,
  0x04,0x41,0x2c,0xd3,0xff,0xff,0x01,0x10,0x04,0x41,0xd6,0xd3,0xff,0xff,0x01,0x10,
  0x04,0x41,0x81,0xd4,0xff,0xff,0x01,0x10,0x04,0x41,0x2c,0xd5,0xff,0xff,0x01,0x10,
  0x04,0x41,0xd8,0xd5,0xff,0xff,0x01,0x10,0x04,0x41,0x85,0xd6,0xff,0xff,0x01,0x10,
  0x04,0x41,0x32,0xd7,0xff,0xff,0x01,0x10,0x04,0x41,0xe0,0xd7,0xff,0xff,0x01,0x10,
  0x04,0x41,0x8e,0xd8,0xff,0xff,0x01,0x10,0x04,0x41,0x3e,0xd9,0xff,0xff,0x01,0x10,
  0x04,0x41,0xed,0xd9,0xff,0xff,0x01,0x10,0x04,0x41,0x9e,0xda,0xff,0xff,0x01,0x10,
  0x04,0x41,0x4f,0xdb,0xff,0xff,0x01,0x10,0x04,0x41,0x01,0xdc,0xff,0xff,0x01,0x10,
  0x04,0x41,0xb3,0xdc,0xff,0xff,0x01,0x10,0x04,0x41,0x66,0xdd,0xff,0xff,0x01,0x10,
  0x04,0x41,0x19,0xde,0xff,0xff,0x01,0x10,0x04,0x41,0xcd,0xde,0xff,0xff,0x01,0x10,
  0x04,0x41,0x82,0xdf,0xff,0xff,0x01,0x10,0x04,0x41,0x37,0xe0,0xff,0xff,0x01,0x10,
  0x04,0x41,0xed,0xe0,0xff,0xff,0x01,0x10,0x04,0x41,0xa3,0xe1,0xff,0xff,0x01,0x10,
  0x04,0x41,0x59,0xe2,0xff,0xff,0x01,0x10,0x04,0x41,0x11,0xe3,0xff,0xff,0x01,0x10,
  0x04,0x41,0xc8,0xe3,0xff,0xff,0x01,0x10,0x04,0x41,0x80,0xe4,0xff,0xff,0x01,0x10,
  0x04,0x41,0x39,0xe5,0xff,0xff,0x01,0x10,0x04,0x41,0xf2,0xe5,0xff,0xff,0x01,0x10,
  0x04,0x41,0xab,0xe6,0xff,0xff,0x01,0x10,0x04,0x41,0x65,0xe7,0xff,0xff,0x01,0x10,
  0x04,0x41,0x20,0xe8,0xff,0xff,0x01,0x10,0x04,0x41,0xda,0xe8,0xff,0xff,0x01,0x10,
  0x04,0x41,0x96,0xe9,0xff,0xff,0x01,0x10,0x04,0x41,0x51,0xea,0xff,0xff,0x01,0x10,
  0x04,0x41,0x0d,0xeb,0xff,0xff,0x01,0x10,0x04,0x41,0xc9,0xeb,0xff,0xff,0x01,0x10,
  0x04,0x41,0x86,0xec,0xff,0xff,0x01,0x10,0x04,0x41,0x43,0xed,0xff,0xff,0x01,0x10,
  0x04,0x41,0x00,0xee,0xff,0xff,0x01,0x10,0x04,0x41,0xbe,0xee,0xff,0xff,0x01,0x10,
  0x04,0x41,0x7c,0xef,0xff,0xff,0x01,0x10,0x04,0x41,0x3a,0xf0,0xff,0xff,0x01,0x10,
  0x04,0x41,0xf8,0xf0,0xff,0xff,0x01,0x10,0x04,0x41,0xb7,0xf1,0xff,0xff,0x01,0x10,
  0x04,0x41,0x76,0xf2,0xff,0xff,0x01,0x10,0x04,0x41,0x35,0xf3,0xff,0xff,0x01,0x10,
  0x04,0x41,0xf5,0xf3,0xff,0xff,0x01,0x10,0x04,0x41,0xb4,0xf4,0xff,0xff,0x01,0x10,
  0x04,0x41,0x74,0xf5,0xff,0xff,0x01,0x10,0x04,0x41,0x34,0xf6,0xff,0xff,0x01,0x10,
  0x04,0x41,0xf5,0xf6,0xff,0xff,0x01,0x10,0x04,0x41,0xb5,0xf7,0xff,0xff,0x01,0x10,
  0x04,0x41,0x76,0xf8,0xff,0xff,0x01,0x10,0x04,0x41,0x36,0xf9,0xff,0xff,0x01,0x10,
  0x04,0x41,0xf7,0xf9,0xff,0xff,0x01,0x10,0x04,0x41,0xb8,0xfa,0xff,0xff,0x01,0x10,
  0x04,0x41,0x79,0xfb,0xff,0xff,0x01,0x10,0x04,0x41,0x3a,0xfc,0xff,0xff,0x01,0x10,
  0x04,0x41,0xfb,0xfc,0xff,0xff,0x01,0x10,0x04,0x41,0xbc,0xfd,0xff,0xff,0x01,0x10,
  0x04,0x41,0x7d,0xfe,0xff,0xff,0x01,0x10,0x04,0x41,0x3f,0xff,0xff,0xff,0x01,0x10,
  0x04,0x41,0x00,0x00,0x00,0x00,0x01,0x10,0x00,0x41,0x00,0x00,0x03,0x00,0x01,0x10,
  0x04,0x41,0x00,0x00,0x00,0x00,0x01,0x10,0x04,0x41,0xc1,0x00,0x00,0x00,0x01,0x10,
  0x04,0x41,0x83,0x01,0x00,0x00,0x01,0x10,0x04,0x41,0x44,0x02,0x00,0x00,0x01,0x10,
  0x04,0x41,0x05,0x03,0x00,0x00,0x01,0x10,0x04,0x41,0xc6,0x03,0x00,0x00,0x01,0x10,
  0x04,0x41,0x87,0x04,0x00,0x00,0x01,0x10,0x04,0x41,0x48,0x05,0x00,0x00,0x01,0x10,
  0x04,0x41,0x09,0x06,0x00,0x00,0x01,0x10,0x04,0x41,0xca,0x06,0x00,0x00,0x01,0x10,
  0x04,0x41,0x8b,0x07,0x00,0x00,0x01,0x10,0x04,0x41,0x4b,0x08,0x00,0x00,0x01,0x10,
  0x04,0x41,0x0b,0x09,0x00,0x00,0x01,0x10,0x04,0x41,0xcc,0x09,0x00,0x00,0x01,0x10,
  0x04,0x41,0x8c,0x0a,0x00,0x00,0x01,0x10,0x04,0x41,0x4c,0x0b,0x00,0x00,0x01,0x10,
  0x04,0x41,0x0b,0x0c,0x00,0x00,0x01,0x10,0x04,0x41,0xcb,0x0c,0x00,0x00,0x01,0x10,
  0x04,0x41,0x8a,0x0d,0x00,0x00,0x01,0x10,0x04,0x41,0x49,0x0e,0x00,0x00,0x01,0x10,
  0x04,0x41,0x08,0x0f,0x00,0x00,0x01,0x10,0x04,0x41,0xc6,0x0f,0x00,0x00,0x01,0x10,
  0x04,0x41,0x84,0x10,0x00,0x00,0x01,0x10,0x04,0x41,0x42,0x11,0x00,0x00,0x01,0x10,
  0x04,0x41,0x00,0x12,0x00,0x00,0x01,0x10,0x04,0x41,0xbd,0x12,0x00,0x00,0x01,0x10,
  0x04,0x41,0x7a,0x13,0x00,0x00,0x01,0x10,0x04,0x41,0x37,0x14,0x00,0x00,0x01,0x10,
  0x04,0x41,0xf3,0x14,0x00,0x00,0x01,0x10,0x04,0x41,0xaf,0x15,0x00,0x00,0x01,0x10,
  0x04,0x41,0x6a,0x16,0x00,0x00,0x01,0x10,0x04,0x41,0x26,0x17,0x00,0x00,0x01,0x10,
  0x04,0x41,0xe0,0x17,0x00,0x00,0x01,0x10,0x04,0x41,0x9b,0x18,0x00,0x00,0x01,0x10,
  0x04,0x41,0x55,0x19,0x00,0x00,0x01,0x10,0x04,0x41,0x0e,0x1a,0x00,0x00,0x01,0x10,
  0x04,0x41,0xc7,0x1a,0x00,0x00,0x01,0x10,0x04,0x41,0x80,0x1b,0x00,0x00,0x01,0x10,
  0x04,0x41,0x38,0x1c,0x00,0x00,0x01,0x10,0x04,0x41,0xef,0x1c,0x00,0x00,0x01,0x10,
  0x04,0x41,0xa7,0x1d,0x00,0x00,0x01,0x10,0x04,0x41,0x5d,0x1e,0x00,0x00,0x01,0x10,
  0x04,0x41,0x13,0x1f,0x00,0x00,0x01,0x10,0x04,0x41,0xc9,0x1f,0x00,0x00,0x01,0x10,
  0x04,0x41,0x7e,0x20,0x00,0x00,0x01,0x10,0x04,0x41,0x33,0x21,0x00,0x00,0x01,0x10,
  0x04,0x41,0xe7,0x21,0x00,0x00,0x01,0x10,0x04,0x41,0x9a,0x22,0x00,0x00,0x01,0x10,
  0x04,0x41,0x4d,0x23,0x00,0x00,0x01,0x10,0x04,0x41,0xff,0x23,0x00,0x00,0x01,0x10,
  0x04,0x41,0xb1,0x24,0x00,0x00,0x01,0x10,0x04,0x41,0x62,0x25,0x00,0x00,0x01,0x10,
  0x04,0x41,0x13,0x26,0x00,0x00,0x01,0x10,0x04,0x41,0xc2,0x26,0x00,0x00,0x01,0x10,
  0x04,0x41,0x72,0x27,0x00,0x00,0x01,0x10,0x04,0x41,0x20,0x28,0x00,0x00,0x01,0x10,
  0x04,0x41,0xce,0x28,0x00,0x00,0x01,0x10,0x04,0x41,0x7b,0x29,0x00,0x00,0x01,0x10,
  0x04,0x41,0x28,0x2a,0x00,0x00,0x01,0x10,0x04,0x41,0xd4,0x2a,0x00,0x00,0x01,0x10,
  0x04,0x41,0x7f,0x2b,0x00,0x00,0x01,0x10,0x04,0x41,0x2a,0x2c,0x00,0x00,0x01,0x10,
  0x04,0x41,0xd4,0x2c,0x00,0x00,0x01,0x10,0x04,0x41,0x7d,0x2d,0x00,0x00,0x01,0x10,
  0x04,0x41,0x26,0x2e,0x00,0x00,0x01,0x10,0x04,0x41,0xcd,0x2e,0x00,0x00,0x01,0x10,
  0x04,0x41,0x74,0x2f,0x00,0x00,0x01,0x10,0x04,0x41,0x1b,0x30,0x00,0x00,0x01,0x10,
  0x04,0x41,0xc0,0x30,0x00,0x00,0x01,0x10,0x04,0x41,0x65,0x31,0x00,0x00,0x01,0x10,
  0x04,0x41,0x09,0x32,0x00,0x00,0x01,0x10,0x04,0x41,0xad,0x32,0x00,0x00,0x01,0x10,
  0x04,0x41,0x4f,0x33,0x00,0x00,0x01,0x10,0x04,0x41,0xf1,0x33,0x00,0x00,0x01,0x10,
  0x04,0x41,0x92,0x34,0x00,0x00,0x01,0x10,0x04,0x41,0x33,0x35,0x00,0x00,0x01,0x10,
  0x04,0x41,0xd2,0x35,0x00,0x00,0x01,0x10,0x04,0x41,0x71,0x36,0x00,0x00,0x01,0x10,
  0x04,0x41,0x0f,0x37,0x00,0x00,0x01,0x10,0x04,0x41,0xac,0x37,0x00,0x00,0x01,0x10,
  0x04,0x41,0x48,0x38,0x00,0x00,0x01,0x10,0x04,0x41,0xe4,0x38,0x00,0x00,0x01,0x10,
  0x04,0x41,0x7e,0x39,0x00,0x00,0x01,0x10,0x04,0x41,0x18,0x3a,0x00,0x00,0x01,0x10,
  0x04,0x41,0xb1,0x3a,0x00,0x00,0x01,0x10,0x04,0x41,0x49,0x3b,0x00,0x00,0x01,0x10,
  0x04,0x41,0xe1,0x3b,0x00,0x00,0x01,0x10,0x04,0x41,0x77,0x3c,0x00,0x00,0x01,0x10,
  0x04,0x41,0x0d,0x3d,0x00,0x00,0x01,0x10,0x04,0x41,0xa2,0x3d,0x00,0x00,0x01,0x10,
  0x04,0x41,0x36,0x3e,0x00,0x00,0x01,0x10,0x04,0x41,0xc9,0x3e,0x00,0x00,0x01,0x10,
  0x04,0x41,0x5c,0x3f,0x00,0x00,0x01,0x10,0x04,0x41,0xed,0x3f,0x00,0x00,0x01,0x10,
  0x04,0x41,0x7e,0x40,0x00,0x00,0x01,0x10,0x04,0x41,0x0d,0x41,0x00,0x00,0x01,0x10,
  0x04,0x41,0x9c,0x41,0x00,0x00,0x01,0x10,0x04,0x41,0x2a,0x42,0x00,0x00,0x01,0x10,
  0x04,0x41,0xb8,0x42,0x00,0x00,0x01,0x10,0x04,0x41,0x44,0x43,0x00,0x00,0x01,0x10,
  0x04,0x41,0xcf,0x43,0x00,0x00,0x01,0x10,0x04,0x41,0x5a,0x44,0x00,0x00,0x01,0x10,
  0x04,0x41,0xe4,0x44,0x00,0x00,0x01,0x10,0x04,0x41,0x6d,0x45,0x00,0x00,0x01,0x10,
  0x04,0x41,0xf5,0x45,0x00,0x00,0x01,0x10,0x04,0x41,0x7c,0x46,0x00,0x00,0x01,0x10,
  0x04,0x41,0x02,0x47,0x00,0x00,0x01,0x10,0x04,0x41,0x87,0x47,0x00,0x00,0x01,0x10,
  0x04,0x41,0x0c,0x48,0x00,0x00,0x01,0x10,0x04,0x41,0x8f,0x48,0x00,0x00,0x01,0x10,
  0x04,0x41,0x12,0x49,0x00,0x00,0x01,0x10,0x04,0x41,0x94,0x49,0x00,0x00,0x01,0x10,
  0x04,0x41,0x15,0x4a,0x00,0x00,0x01,0x10,0x04,0x41,0x95,0x4a,0x00,0x00,0x01,0x10,
  0x04,0x41,0x14,0x4b,0x00,0x00,0x01,0x10,0x04,0x41,0x92,0x4b,0x00,0x00,0x01,0x10,
  0x04,0x41,0x10,0x4c,0x00,0x00,0x01,0x10,0x04,0x41,0x8d,0x4c,0x00,0x00,0x01,0x10,
  0x04,0x41,0x08,0x4d,0x00,0x00,0x01,0x10,0x04,0x41,0x83,0x4d,0x00,0x00,0x01,0x10,
  0x04,0x41,0xfd,0x4d,0x00,0x00,0x01,0x10,0x04,0x41,0x76,0x4e,0x00,0x00,0x01,0x10,
  0x04,0x41,0xee,0x4e,0x00,0x00,0x01,0x10,0x04,0x41,0x66,0x4f,0x00,0x00,0x01,0x10,
  0x04,0x41,0xdc,0x4f,0x00,0x00,0x01,0x10,0x04,0x41,0x52,0x50,0x00,0x00,0x01,0x10,
  0x04,0x41,0xc6,0x50,0x00,0x00,0x01,0x10,0x04,0x41,0x3a,0x51,0x00,0x00,0x01,0x10,
  0x04,0x41,0xad,0x51,0x00,0x00,0x01,0x10,0x04,0x41,0x1f,0x52,0x00,0x00,0x01,0x10,
  0x04,0x41,0x91,0x52,0x00,0x00,0x01,0x10,0x04,0x41,0x01,0x53,0x00,0x00,0x01,0x10,
  0x04,0x41,0x71,0x53,0x00,0x00,0x01,0x10,0x04,0x41,0xdf,0x53,0x00,0x00,0x01,0x10,
  0x04,0x41,0x4d,0x54,0x00,0x00,0x01,0x10,0x04,0x41,0xba,0x54,0x00,0x00,0x01,0x10,
  0x04,0x41,0x27,0x55,0x00,0x00,0x01,0x10,0x04,0x41,0x92,0x55,0x00,0x00,0x01,0x10,
  0x04,0x41,0xfc,0x55,0x00,0x00,0x01,0x10,0x04,0x41,0x66,0x56,0x00,0x00,0x01,0x10,
  0x04,0x41,0xcf,0x56,0x00,0x00,0x01,0x10,0x04,0x41,0x37,0x57,0x00,0x00,0x01,0x10,
  0x04,0x41,0x9e,0x57,0x00,0x00,0x01,0x10,0x04,0x41,0x04,0x58,0x00,0x00,0x01,0x10,
  0x04,0x41,0x6a,0x58,0x00,0x00,0x01,0x10,0x04,0x41,0xce,0x58,0x00,0x00,0x01,0x10,
  0x04,0x41,0x32,0x59,0x00,0x00,0x01,0x10,0x04,0x41,0x95,0x59,0x00,0x00,0x01,0x10,
  0x04,0x41,0xf7,0x59,0x00,0x00,0x01,0x10,0x04,0x41,0x59,0x5a,0x00,0x00,0x01,0x10,
  0x04,0x41,0xb9,0x5a,0x00,0x00,0x01,0x10,0x04,0x41,0x19,0x5b,0x00,0x00,0x01,0x10,
  0x04,0x41,0x78,0x5b,0x00,0x00,0x01,0x10,0x04,0x41,0xd6,0x5b,0x00,0x00,0x01,0x10,
  0x04,0x41,0x34,0x5c,0x00,0x00,0x01,0x10,0x04,0x41,0x90,0x5c,0x00,0x00,0x01,0x10,
  0x04,0x41,0xec,0x5c,0x00,0x00,0x01,0x10,0x04,0x41,0x47,0x5d,0x00,0x00,0x01,0x10,
  0x04,0x41,0xa1,0x5d,0x00,0x00,0x01,0x10,0x04,0x41,0xfb,0x5d,0x00,0x00,0x01,0x10,
  0x04,0x41,0x53,0x5e,0x00,0x00,0x01,0x10,0x04,0x41,0xab,0x5e,0x00,0x00,0x01,0x10,
  0x04,0x41,0x02,0x5f,0x00,0x00,0x01,0x10,0x04,0x41,0x59,0x5f,0x00,0x00,0x01,0x10,
  0x04,0x41,0xae,0x5f,0x00,0x00,0x01,0x10,0x04,0x41,0x03,0x60,0x00,0x00,0x01,0x10,
  0x04,0x41,0x58,0x60,0x00,0x00,0x01,0x10,0x04,0x41,0xab,0x60,0x00,0x00,0x01,0x10,
  0x04,0x41,0xfe,0x60,0x00,0x00,0x01,0x10,0x04,0x41,0x50,0x61,0x00,0x00,0x01,0x10,
  0x04,0x41,0xa1,0x61,0x00,0x00,0x01,0x10,0x04,0x41,0xf1,0x61,0x00,0x00,0x01,0x10,
  0x04,0x41,0x41,0x62,0x00,0x00,0x01,0x10,0x04,0x41,0x90,0x62,0x00,0x00,0x01,0x10,
  0x04,0x41,0xde,0x62,0x00,0x00,0x01,0x10,0x04,0x41,0x2c,0x63,0x00,0x00,0x01,0x10,
  0x04,0x41,0x79,0x63,0x00,0x00,0x01,0x10,0x04,0x41,0xc5,0x63,0x00,0x00,0x01,0x10,
  0x04,0x41,0x10,0x64,0x00,0x00,0x01,0x10,0x04,0x41,0x5b,0x64,0x00,0x00,0x01,0x10,
  0x04,0x41,0xa5,0x64,0x00,0x00,0x01,0x10,0x04,0x41,0xef,0x64,0x00,0x00,0x01,0x10,
  0x04,0x41,0x38,0x65,0x00,0x00,0x01,0x10,0x04,0x41,0x80,0x65,0x00,0x00,0x01,0x10,
  0x04,0x41,0xc7,0x65,0x00,0x00,0x01,0x10,0x04,0x41,0x0e,0x66,0x00,0x00,0x01,0x10,
  0x04,0x41,0x54,0x66,0x00,0x00,0x01,0x10,0x04,0x41,0x99,0x66,0x00,0x00,0x01,0x10,
  0x04,0x41,0xde,0x66,0x00,0x00,0x01,0x10,0x04,0x41,0x22,0x67,0x00,0x00,0x01,0x10,
  0x04,0x41,0x66,0x67,0x00,0x00,0x01,0x10,0x04,0x41,0xa8,0x67,0x00,0x00,0x01,0x10,
  0x04,0x41,0xeb,0x67,0x00,0x00,0x01,0x10,0x04,0x41,0x2c,0x68,0x00,0x00,0x01,0x10,
  0x04,0x41,0x6d,0x68,0x00,0x00,0x01,0x10,0x04,0x41,0xad,0x68,0x00,0x00,0x01,0x10,
  0x04,0x41,0xed,0x68,0x00,0x00,0x01,0x10,0x04,0x41,0x2c,0x69,0x00,0x00,0x01,0x10,
  0x04,0x41,0x6b,0x69,0x00,0x00,0x01,0x10,0x04,0x41,0xa9,0x69,0x00,0x00,0x01,0x10,
  0x04,0x41,0xe6,0x69,0x00,0x00,0x01,0x10,0x04,0x41,0x23,0x6a,0x00,0x00,0x01,0x10,
  0x04,0x41,0x5f,0x6a,0x00,0x00,0x01,0x10,0x04,0x41,0x9a,0x6a,0x00,0x00,0x01,0x10,
  0x04,0x41,0xd5,0x6a,0x00,0x00,0x01,0x10,0x04,0x41,0x0f,0x6b,0x00,0x00,0x01,0x10,
  0x04,0x41,0x49,0x6b,0x00,0x00,0x01,0x10,0x04,0x41,0x82,0x6b,0x00,0x00,0x01,0x10,
  0x04,0x41,0xbb,0x6b,0x00,0x00,0x01,0x10,0x04,0x41,0xf3,0x6b,0x00,0x00,0x01,0x10,
  0x04,0x41,0x2b,0x6c,0x00,0x00,0x01,0x10,0x04,0x41,0x62,0x6c,0x00,0x00,0x01,0x10,
  0x04,0x41,0x98,0x6c,0x00,0x00,0x01,0x10,0x04,0x41,0xce,0x6c,0x00,0x00,0x01,0x10,
  0x04,0x41,0x03,0x6d,0x00,0x00,0x01,0x10,0x04,0x41,0x38,0x6d,0x00,0x00,0x01,0x10,
  0x04,0x41,0x6c,0x6d,0x00,0x00,0x01,0x10,0x04,0x41,0xa0,0x6d,0x00,0x00,0x01,0x10,
  0x04,0x41,0xd3,0x6d,0x00,0x00,0x01,0x10,0x04,0x41,0x06,0x6e,0x00,0x00,0x01,0x10,
  0x04,0x41,0x38,0x6e,0x00,0x00,0x01,0x10,0x04,0x41,0x6a,0x6e,0x00,0x00,0x01,0x10,
  0x04,0x41,0x9b,0x6e,0x00,0x00,0x01,0x10,0x04,0x41,0xcc,0x6e,0x00,0x00,0x01,0x10,
  0x04,0x41,0xfc,0x6e,0x00,0x00,0x01,0x10,0x04,0x41,0x2c,0x6f,0x00,0x00,0x01,0x10,
  0x04,0x41,0x5b,0x6f,0x00,0x00,0x01,0x10,0x04,0x41,0x8a,0x6f,0x00,0x00,0x01,0x10,
  0x04,0x41,0xb8,0x6f,0x00,0x00,0x01,0x10,0x04,0x41,0xe6,0x6f,0x00,0x00,0x01,0x10,
  0x04,0x41,0x13,0x70,0x00,0x00,0x01,0x10,0x04,0x41,0x40,0x70,0x00,0x00,0x01,0x10,
  0x04,0x41,0x6c,0x70,0x00,0x00,0x01,0x10,0x04,0x41,0x98,0x70,0x00,0x00,0x01,0x10,
  0x04,0x41,0xc4,0x70,0x00,0x00,0x01,0x10,0x04,0x41,0xef,0x70,0x00,0x00,0x01,0x10,
  0x04,0x41,0x19,0x71,0x00,0x00,0x01,0x10,0x04,0x41,0x44,0x71,0x00,0x00,0x01,0x10,
  0x04,0x41,0x6d,0x71,0x00,0x00,0x01,0x10,0x04,0x41,0x97,0x71,0x00,0x00,0x01,0x10,
  0x04,0x41,0xbf,0x71,0x00,0x00,0x01,0x10,0x04,0x41,0xe8,0x71,0x00,0x00,0x01,0x10,
  0x04,0x41,0x10,0x72,0x00,0x00,0x01,0x10,0x04,0x41,0x37,0x72,0x00,0x00,0x01,0x10,
  0x04,0x41,0x5f,0x72,0x00,0x00,0x01,0x10,0x04,0x41,0x85,0x72,0x00,0x00,0x01,0x10,
  0x04,0x41,0xac,0x72,0x00,0x00,0x01,0x10,0x04,0x41,0xd2,0x72,0x00,0x00,0x01,0x10,
  0x04,0x41,0xf7,0x72,0x00,0x00,0x01,0x10,0x04,0x41,0x1c,0x73,0x00,0x00,0x01,0x10,
  0x04,0x41,0x41,0x73,0x00,0x00,0x01,0x10,0x04,0x41,0x66,0x73,0x00,0x00,0x01,0x10,
  0x04,0x41,0x8a,0x73,0x00,0x00,0x01,0x10,0x04,0x41,0xad,0x73,0x00,0x00,0x01,0x10,
  0x04,0x41,0xd0,0x73,0x00,0x00,0x01,0x10,0x04,0x41,0xf3,0x73,0x00,0x00,0x01,0x10,
  0x04,0x41,0x16,0x74,0x00,0x00,0x01,0x10,0x04,0x41,0x38,0x74,0x00,0x00,0x01,0x10,
  0x04,0x41,0x5a,0x74,0x00,0x00,0x01,0x10,0x04,0x41,0x7b,0x74,0x00,0x00,0x01,0x10,
  0x04,0x41,0x9c,0x74,0x00,0x00,0x01,0x10,0x04,0x41,0xbd,0x74,0x00,0x00,0x01,0x10,
  0x04,0x41,0xdd,0x74,0x00,0x00,0x01,0x10,0x04,0x41,0xfd,0x74,0x00,0x00,0x01,0x10,
  0x04,0x41,0x1d,0x75,0x00,0x00,0x01,0x10,0x04,0x41,0x3c,0x75,0x00,0x00,0x01,0x10,
  0x04,0x41,0x5b,0x75,0x00,0x00,0x01,0x10,0x04,0x41,0x7a,0x75,0x00,0x00,0x01,0x10,
  0x04,0x41,0x98,0x75,0x00,0x00,0x01,0x10,0x04,0x41,0xb6,0x75,0x00,0x00,0x01,0x10,
  0x04,0x41,0xd3,0x75,0x00,0x00,0x01,0x10,0x04,0x41,0xf1,0x75,0x00,0x00,0x01,0x10,
  0x04,0x41,0x0e,0x76,0x00,0x00,0x01,0x10,0x04,0x41,0x2b,0x76,0x00,0x00,0x01,0x10,
  0x04,0x41,0x47,0x76,0x00,0x00,0x01,0x10,0x04,0x41,0x63,0x76,0x00,0x00,0x01,0x10,
  0x04,0x41,0x7f,0x76,0x00,0x00,0x01,0x10,0x04,0x41,0x9a,0x76,0x00,0x00,0x01,0x10,
  0x04,0x41,0xb5,0x76,0x00,0x00,0x01,0x10,0x04,0x41,0xd0,0x76,0x00,0x00,0x01,0x10,
  0x04,0x41,0xeb,0x76,0x00,0x00,0x01,0x10,0x04,0x41,0x05,0x77,0x00,0x00,0x01,0x10,
  0x04,0x41,0x1f,0x77,0x00,0x00,0x01,0x10,0x04,0x41,0x39,0x77,0x00,0x00,0x01,0x10,
  0x04,0x41,0x52,0x77,0x00,0x00,0x01,0x10,0x04,0x41,0x6c,0x77,0x00,0x00,0x01,0x10,
  0x04,0x41,0x84,0x77,0x00,0x00,0x01,0x10,0x04,0x41,0x9d,0x77,0x00,0x00,0x01,0x10,
  0x04,0x41,0xb5,0x77,0x00,0x00,0x01,0x10,0x04,0x41,0xce,0x77,0x00,0x00,0x01,0x10,
  0x04,0x41,0xe5,0x77,0x00,0x00,0x01,0x10,0x04,0x41,0xfd,0x77,0x00,0x00,0x01,0x10,
  0x04,0x41,0x14,0x78,0x00,0x00,0x01,0x10,0x04,0x41,0x2b,0x78,0x00,0x00,0x01,0x10,
  0x04,0x41,0x42,0x78,0x00,0x00,0x01,0x10,0x04,0x41,0x59,0x78,0x00,0x00,0x01,0x10,
  0x04,0x41,0x6f,0x78,0x00,0x00,0x01,0x10,0x04,0x41,0x85,0x78,0x00,0x00,0x01,0x10,
  0x04,0x41,0x9b,0x78,0x00,0x00,0x01,0x10,0x04,0x41,0xb0,0x78,0x00,0x00,0x01,0x10,
  0x04,0x41,0xc6,0x78,0x00,0x00,0x01,0x10,0x04,0x41,0xdb,0x78,0x00,0x00,0x01,0x10,
  0x04,0x41,0xf0,0x78,0x00,0x00,0x01,0x10,0x04,0x41,0x04,0x79,0x00,0x00,0x01,0x10,
  0x04,0x41,0x19,0x79,0x00,0x00,0x01,0x10,0x04,0x41,0x2d,0x79,0x00,0x00,0x01,0x10,
  0x04,0x41,0x41,0x79,0x00,0x00,0x01,0x10,0x04,0x41,0x54,0x79,0x00,0x00,0x01,0x10,
  0x04,0x41,0x68,0x79,0x00,0x00,0x01,0x10,0x04,0x41,0x7b,0x79,0x00,0x00,0x01,0x10,
  0x04,0x41,0x8e,0x79,0x00,0x00,0x01,0x10,0x04,0x41,0xa1,0x79,0x00,0x00,0x01,0x10,
  0x04,0x41,0xb4,0x79,0x00,0x00,0x01,0x10,0x04,0x41,0xc6,0x79,0x00,0x00,0x01,0x10,
  0x04,0x41,0xd8,0x79,0x00,0x00,0x01,0x10,0x04,0x41,0xea,0x79,0x00,0x00,0x01,0x10,
  0x04,0x41,0xfc,0x79,0x00,0x00,0x01,0x10,0x04,0x41,0x0e,0x7a,0x00,0x00,0x01,0x10,
  0x04,0x41,0x1f,0x7a,0x00,0x00,0x01,0x10,0x04,0x41,0x31,0x7a,0x00,0x00,0x01,0x10,
  0x04,0x41,0x42,0x7a,0x00,0x00,0x01,0x10,0x04,0x41,0x52,0x7a,0x00,0x00,0x01,0x10,
  0x04,0x41,0x63,0x7a,0x00,0x00,0x01,0x10,0x04,0x41,0x74,0x7a,0x00,0x00,0x01,0x10,
  0x04,0x41,0x84,0x7a,0x00,0x00,0x01,0x10,0x04,0x41,0x94,0x7a,0x00,0x00,0x01,0x10,
  0x04,0x41,0xa4,0x7a,0x00,0x00,0x01,0x10,0x04,0x41,0xb4,0x7a,0x00,0x00,0x01,0x10,
  0x04,0x41,0xc3,0x7a,0x00,0x00,0x01,0x10,0x04,0x41,0xd3,0x7a,0x00,0x00,0x01,0x10,
  0x04,0x41,0xe2,0x7a,0x00,0x00,0x01,0x10,0x04,0x41,0xf1,0x7a,0x00,0x00,0x01,0x10,
  0x04,0x41,0x00,0x7b,0x00,0x00,0x01,0x10,0x04,0x41,0x0e,0x7b,0x00,0x00,0x01,0x10,
  0x04,0x41,0x1d,0x7b,0x00,0x00,0x01,0x10,0x04,0x41,0x2b,0x7b,0x00,0x00,0x01,0x10,
  0x04,0x41,0x3a,0x7b,0x00,0x00,0x01,0x10,0x04,0x41,0x48,0x7b,0x00,0x00,0x01,0x10,
  0x04,0x41,0x56,0x7b,0x00,0x00,0x01,0x10,0x04,0x41,0x63,0x7b,0x00,0x00,0x01,0x10,
  0x04,0x41,0x71,0x7b,0x00,0x00,0x01,0x10,0x04,0x41,0x7e,0x7b,0x00,0x00,0x01,0x10,
  0x04,0x41,0x8c,0x7b,0x00,0x00,0x01,0x10,0x04,0x41,0x99,0x7b,0x00,0x00,0x01,0x10,
  0x04,0x41,0xa6,0x7b,0x00,0x00,0x01,0x10,0x04,0x41,0xb3,0x7b,0x00,0x00,0x01,0x10,
  0x04,0x41,0xbf,0x7b,0x00,0x00,0x01,0x10,0x04,0x41,0xcc,0x7b,0x00,0x00,0x01,0x10,
  0x04,0x41,0xd8,0x7b,0x00,0x00,0x01,0x10,0x04,0x41,0xe4,0x7b,0x00,0x00,0x01,0x10,
  0x04,0x41,0xf1,0x7b,0x00,0x00,0x01,0x10,0x04,0x41,0xfd,0x7b,0x00,0x00,0x01,0x10,
  0x04,0x41,0x08,0x7c,0x00,0x00,0x01,0x10,0x04,0x41,0x14,0x7c,0x00,0x00,0x01,0x10,
  0x04,0x41,0x20,0x7c,0x00,0x00,0x01,0x10,0x04,0x41,0x2b,0x7c,0x00,0x00,0x01,0x10,
  0x04,0x41,0x36,0x7c,0x00,0x00,0x01,0x10,0x04,0x41,0x42,0x7c,0x00,0x00,0x01,0x10,
  0x04,0x41,0x4d,0x7c,0x00,0x00,0x01,0x10,0x04,0x41,0x58,0x7c,0x00,0x00,0x01,0x10,
  0x04,0x41,0x63,0x7c,0x00,0x00,0x01,0x10,0x04,0x41,0x6d,0x7c,0x00,0x00,0x01,0x10,
  0x04,0x41,0x78,0x7c,0x00,0x00,0x01,0x10,0x04,0x41,0x82,0x7c,0x00,0x00,0x01,0x10,
  0x04,0x41,0x8d,0x7c,0x00,0x00,0x01,0x10,0x04,0x41,0x97,0x7c,0x00,0x00,0x01,0x10,
  0x04,0x41,0xa1,0x7c,0x00,0x00,0x01,0x10,0x04,0x41,0xab,0x7c,0x00,0x00,0x01,0x10,
  0x04,0x41,0xb5,0x7c,0x00,0x00,0x01,0x10,0x04,0x41,0xbe,0x7c,0x00,0x00,0x01,0x10,
  0x04,0x41,0xc8,0x7c,0x00,0x00,0x01,0x10,0x04,0x41,0xd2,0x7c,0x00,0x00,0x01,0x10,
  0x04,0x41,0xdb,0x7c,0x00,0x00,0x01,0x10,0x04,0x41,0xe4,0x7c,0x00,0x00,0x01,0x10,
  0x04,0x41,0xee,0x7c,0x00,0x00,0x01,0x10,0x04,0x41,0xf7,0x7c,0x00,0x00,0x01,0x10,
  0x04,0x41,0x00,0x7d,0x00,0x00,0x01,0x10,0x04,0x41,0x09,0x7d,0x00,0x00,0x01,0x10,
  0x04,0x41,0x11,0x7d,0x00,0x00,0x01,0x10,0x04,0x41,0x1a,0x7d,0x00,0x00,0x01,0x10,
  0x04,0x41,0x23,0x7d,0x00,0x00,0x01,0x10,0x04,0x41,0x2b,0x7d,0x00,0x00,0x01,0x10,
  0x04,0x41,0x34,0x7d,0x00,0x00,0x01,0x10,0x04,0x41,0x3c,0x7d,0x00,0x00,0x01,0x10,
  0x04,0x41,0x44,0x7d,0x00,0x00,0x01,0x10,0x04,0x41,0x4c,0x7d,0x00,0x00,0x01,0x10,
  0x04,0x41,0x54,0x7d,0x00,0x00,0x01,0x10,0x04,0x41,0x5c,0x7d,0x00,0x00,0x01,0x10,
  0x04,0x41,0x64,0x7d,0x00,0x00,0x01,0x10,0x04,0x41,0x6c,0x7d,0x00,0x00,0x01,0x10,
  0x04,0x41,0x73,0x7d,0x00,0x00,0x01,0x10,0x04,0x41,0x7b,0x7d,0x00,0x00,0x01,0x10,
  0x04,0x41,0x82,0x7d,0x00,0x00,0x01,0x10,0x04,0x41,0x8a,0x7d,0x00,0x00,0x01,0x10,
  0x04,0x41,0x91,0x7d,0x00,0x00,0x01,0x10,0x04,0x41,0x98,0x7d,0x00,0x00,0x01,0x10,
  0x04,0x41,0x9f,0x7d,0x00,0x00,0x01,0x10,0x04,0x41,0xa6,0x7d,0x00,0x00,0x01,0x10,
  0x04,0x41,0xad,0x7d,0x00,0x00,0x01,0x10,0x04,0x41,0xb4,0x7d,0x00,0x00,0x01,0x10,
  0x04,0x41,0xbb,0x7d,0x00,0x00,0x01,0x10,0x04,0x41,0xc2,0x7d,0x00,0x00,0x01,0x10,
  0x04,0x41,0xc9,0x7d,0x00,0x00,0x01,0x10,0x04,0x41,0xcf,0x7d,0x00,0x00,0x01,0x10,
  0x04,0x41,0xd6,0x7d,0x00,0x00,0x01,0x10,0x04,0x41,0xdc,0x7d,0x00,0x00,0x01,0x10,
  0x04,0x41,0xe2,0x7d,0x00,0x00,0x01,0x10,0x04,0x41,0xe9,0x7d,0x00,0x00,0x01,0x10,
  0x04,0x41,0xef,0x7d,0x00,0x00,0x01,0x10,0x04,0x41,0xf5,0x7d,0x00,0x00,0x01,0x10,
  0x04,0x41,0xfb,0x7d,0x00,0x00,0x01,0x10,0x04,0x41,0x01,0x7e,0x00,0x00,0x01,0x10,
  0x04,0x41,0x07,0x7e,0x00,0x00,0x01,0x10,0x04,0x41,0x0d,0x7e,0x00,0x00,0x01,0x10,
  0x04,0x41,0x13,0x7e,0x00,0x00,0x01,0x10,0x04,0x41,0x19,0x7e,0x00,0x00,0x01,0x10,
  0x04,0x41,0x1e,0x7e,0x00,0x00,0x01,0x10,0x04,0x41,0x24,0x7e,0x00,0x00,0x01,0x10,
  0x04,0x41,0x29,0x7e,0x00,0x00,0x01,0x10,0x04,0x41,0x2f,0x7e,0x00,0x00,0x01,0x10,
  0x04,0x41,0x34,0x7e,0x00,0x00,0x01,0x10,0x04,0x41,0x3a,0x7e,0x00,0x00,0x01,0x10,
  0x04,0x41,0x3f,0x7e,0x00,0x00,0x01,0x10,0x04,0x41,0x44,0x7e,0x00,0x00,0x01,0x10,
  0x04,0x41,0x49,0x7e,0x00,0x00,0x01,0x10,0x04,0x41,0x4e,0x7e,0x00,0x00,0x01,0x10,
  0x04,0x41,0x53,0x7e,0x00,0x00,0x01,0x10,0x04,0x41,0x58,0x7e,0x00,0x00,0x01,0x10,
  0x04,0x41,0x5d,0x7e,0x00,0x00,0x01,0x10,0x04,0x41,0x62,0x7e,0x00,0x00,0x01,0x10,
  0x04,0x41,0x67,0x7e,0x00,0x00,0x01,0x10,0x04,0x41,0x6c,0x7e,0x00,0x00,0x01,0x10,
  0x04,0x41,0x70,0x7e,0x00,0x00,0x01,0x10,0x04,0x41,0x75,0x7e,0x00,0x00,0x01,0x10,
  0x04,0x41,0x7a,0x7e,0x00,0x00,0x01,0x10,0x04,0x41,0x7e,0x7e,0x00,0x00,0x01,0x10,
  0x04,0x41,0x83,0x7e,0x00,0x00,0x01,0x10,0x04,0x41,0x87,0x7e,0x00,0x00,0x01,0x10,
  0x04,0x41,0x8b,0x7e,0x00,0x00,0x01,0x10,0x04,0x41,0x90,0x7e,0x00,0x00,0x01,0x10,
  0x04,0x41,0x94,0x7e,0x00,0x00,0x01,0x10,0x04,0x41,0x98,0x7e,0x00,0x00,0x01,0x10,
  0x04,0x41,0x9d,0x7e,0x00,0x00,0x01,0x10,0x04,0x41,0xa1,0x7e,0x00,0x00,0x01,0x10,
  0x04,0x41,0xa5,0x7e,0x00,0x00,0x01,0x10,0x04,0x41,0xa9,0x7e,0x00,0x00,0x01,0x10,
  0x04,0x41,0xad,0x7e,0x00,0x00,0x01,0x10,0x04,0x41,0xb1,0x7e,0x00,0x00,0x01,0x10,
  0x04,0x41,0xb5,0x7e,0x00,0x00,0x01,0x10,0x04,0x41,0xb8,0x7e,0x00,0x00,0x01,0x10,
  0x04,0x41,0xbc,0x7e,0x00,0x00,0x01,0x10,0x04,0x41,0xc0,0x7e,0x00,0x00,0x01,0x10,
  0x04,0x41,0xc4,0x7e,0x00,0x00,0x01,0x10,0x04,0x41,0xc7,0x7e,0x00,0x00,0x01,0x10,
  0x04,0x41,0xcb,0x7e,0x00,0x00,0x01,0x10,0x04,0x41,0xcf,0x7e,0x00,0x00,0x01,0x10,
  0x04,0x41,0xd2,0x7e,0x00,0x00,0x01,0x10,0x04,0x41,0xd6,0x7e,0x00,0x00,0x01,0x10,
  0x04,0x41,0xd9,0x7e,0x00,0x00,0x01,0x10,0x04,0x41,0xdd,0x7e,0x00,0x00,0x01,0x10,
  0x04,0x41,0xe0,0x7e,0x00,0x00,0x01,0x10,0x04,0x41,0xe3,0x7e,0x00,0x00,0x01,0x10,
  0x04,0x41,0xe7,0x7e,0x00,0x00,0x01,0x10,0x04,0x41,0xea,0x7e,0x00,0x00,0x01,0x10,
  0x04,0x41,0xed,0x7e,0x00,0x00,0x01,0x10,0x04,0x41,0xf0,0x7e,0x00,0x00,0x01,0x10,
  0x04,0x41,0xf4,0x7e,0x00,0x00,0x01,0x10,0x04,0x41,0xf7,0x7e,0x00,0x00,0x01,0x10,
  0x04,0x41,0xfa,0x7e,0x00,0x00,0x01,0x10,0x04,0x41,0xfd,0x7e,0x00,0x00,0x01,0x10,
  0x04,0x41,0x00,0x7f,0x00,0x00,0x01,0x10,0x04,0x41,0x03,0x7f,0x00,0x00,0x01,0x10,
  0x04,0x41,0x06,0x7f,0x00,0x00,0x01,0x10,0x04,0x41,0x09,0x7f,0x00,0x00,0x01,0x10,
  0x04,0x41,0x0c,0x7f,0x00,0x00,0x01,0x10,0x04,0x41,0x0e,0x7f,0x00,0x00,0x01,0x10,
  0x04,0x41,0x11,0x7f,0x00,0x00,0x01,0x10,0x04,0x41,0x14,0x7f,0x00,0x00,0x01,0x10,
  0x04,0x41,0x17,0x7f,0x00,0x00,0x01,0x10,0x04,0x41,0x19,0x7f,0x00,0x00,0x01,0x10,
  0x04,0x41,0x1c,0x7f,0x00,0x00,0x01,0x10,0x04,0x41,0x1f,0x7f,0x00,0x00,0x01,0x10,
  0x04,0x41,0x21,0x7f,0x00,0x00,0x01,0x10,0x04,0x41,0x24,0x7f,0x00,0x00,0x01,0x10,
  0x04,0x41,0x27,0x7f,0x00,0x00,0x01,0x10,0x04,0x41,0x29,0x7f,0x00,0x00,0x01,0x10,
  0x04,0x41,0x2c,0x7f,0x00,0x00,0x01,0x10,0x04,0x41,0x2e,0x7f,0x00,0x00,0x01,0x10,
  0x04,0x41,0x31,0x7f,0x00,0x00,0x01,0x10,0x04,0x41,0x33,0x7f,0x00,0x00,0x01,0x10,
  0x04,0x41,0x35,0x7f,0x00,0x00,0x01,0x10,0x04,0x41,0x38,0x7f,0x00,0x00,0x01,0x10,
  0x04,0x41,0x3a,0x7f,0x00,0x00,0x01,0x10,0x04,0x41,0x3c,0x7f,0x00,0x00,0x01,0x10,
  0x04,0x41,0x3f,0x7f,0x00,0x00,0x01,0x10,0x04,0x41,0x41,0x7f,0x00,0x00,0x01,0x10,
  0x04,0x41,0x43,0x7f,0x00,0x00,0x01,0x10,0x04,0x41,0x45,0x7f,0x00,0x00,0x01,0x10,
  0x04,0x41,0x47,0x7f,0x00,0x00,0x01,0x10,0x04,0x41,0x4a,0x7f,0x00,0x00,0x01,0x10,
  0x04,0x41,0x4c,0x7f,0x00,0x00,0x01,0x10,0x04,0x41,0x4e,0x7f,0x00,0x00,0x01,0x10,
  0x04,0x41,0x50,0x7f,0x00,0x00,0x01,0x10,0x04,0x41,0x52,0x7f,0x00,0x00,0x01,0x10,
  0x04,0x41,0x54,0x7f,0x00,0x00,0x01,0x10,0x04,0x41,0x56,0x7f,0x00,0x00,0x01,0x10,
  0x04,0x41,0x58,0x7f,0x00,0x00,0x01,0x10,0x04,0x41,0x5a,0x7f,0x00,0x00,0x01,0x10,
  0x04,0x41,0x5c,0x7f,0x00,0x00,0x01,0x10,0x04,0x41,0x5e,0x7f,0x00,0x00,0x01,0x10,
  0x04,0x41,0x60,0x7f,0x00,0x00,0x01,0x10,0x04,0x41,0x61,0x7f,0x00,0x00,0x01,0x10,
  0x04,0x41,0x63,0x7f,0x00,0x00,0x01,0x10,0x10,0x00,0x00,0xe8,0xff,0xff,0x01,0x01,
  0x14,0x00,0x24,0x00,0x00,0x00,0x01,0x01,0x00,0x00,0x00,0x00,0x00,0x00,0x41,0x00,
  0x08,0x00,0x18,0x00,0x00,0x00,0x81,0x00,0x00,0x00,0x00,0x00,0x00,0x00,0x00,0x00,
  0x00,0x00,0x00,0x00,0x00,0x00,0x00,0x00,0x00,0x00,0x00,0x00,0x00,0x00,0x00,0x00,
  0x04,0x40,0x30,0x00,0x00,0x00,0x01,0x10,0x04,0x50,0x30,0x00,0x00,0x00,0x01,0x20,
  0x0c,0x40,0xe5,0x01,0x00,0x00,0x01,0x10,0x10,0x40,0x02,0x00,0x00,0x48,0x01,0x10,
  0x14,0x40,0x00,0x00,0x00,0x00,0x01,0x10,0x20,0x40,0x00,0xa0,0xf9,0xff,0x01,0x10,
  0x24,0x40,0x00,0x08,0x00,0x00,0x01,0x10,0x30,0x40,0x0f,0x00,0x00,0x00,0x01,0x10,
  0x34,0x40,0x07,0x00,0x00,0x00,0x01,0x10,0x38,0x40,0x00,0x00,0x00,0x00,0x01,0x10,
  0x3c,0x40,0x7f,0x01,0x7f,0x01,0x01,0x10,0x40,0x40,0x53,0x00,0x00,0x00,0x01,0x10,
  0x44,0x40,0x00,0x00,0x00,0x00,0x01,0x10,0x48,0x40,0x00,0x00,0x00,0x00,0x01,0x10,
  0x4c,0x40,0x00,0x00,0x00,0x00,0x01,0x10,0x50,0x40,0x02,0x00,0x00,0x00,0x01,0x10,
  0x54,0x40,0x00,0x00,0x00,0x00,0x01,0x10,0x58,0x40,0x7f,0x01,0x00,0x00,0x01,0x10,
  0x5c,0x40,0x0f,0x00,0x07,0x00,0x01,0x10,0x60,0x40,0x40,0x00,0x02,0x00,0x01,0x10,
  0x64,0x40,0x00,0x00,0x00,0x80,0x01,0x10,0x68,0x40,0x00,0x00,0x4c,0x6d,0x01,0x10,
  0x6c,0x40,0x00,0x00,0x00,0x00,0x01,0x10,0x70,0x40,0x02,0x03,0x00,0x00,0x01,0x10,
  0x74,0x40,0x00,0x00,0x00,0x00,0x01,0x10,0x78,0x40,0x01,0x00,0x00,0x00,0x01,0x10,
  0x7c,0x40,0x00,0x00,0x00,0x00,0x01,0x10,0x80,0x40,0x01,0x00,0x00,0x00,0x01,0x10,
  0x84,0x40,0x01,0x00,0x01,0x00,0x01,0x10,0x88,0x40,0x00,0xf0,0x00,0x00,0x01,0x10,
  0x90,0x40,0x00,0x00,0x00,0x00,0x01,0x10,0x94,0x40,0x00,0x00,0x00,0x00,0x01,0x10,
  0x98,0x40,0x00,0x00,0x00,0x00,0x01,0x10,0x9c,0x40,0x00,0x00,0x00,0x00,0x01,0x10,
  0xa0,0x40,0x00,0x00,0x00,0x00,0x01,0x10,0xa4,0x40,0x00,0x00,0x00,0x00,0x01,0x10,
  0xa8,0x40,0x00,0x00,0x00,0x00,0x01,0x10,0xac,0x40,0x00,0x00,0x00,0x00,0x01,0x10,
  0xc0,0x40,0x00,0x08,0x00,0x00,0x01,0x10,0xc4,0x40,0x00,0x00,0x00,0x00,0x01,0x10,
  0x00,0x41,0x00,0x00,0x00,0x00,0x01,0x10,0x04,0x41,0x00,0x00,0x00,0x00,0x01,0x10,
  0x08,0x41,0x68,0x00,0x00,0x00,0x01,0x10,0x0c,0x41,0x00,0x05,0x05,0x00,0x01,0x10,
  0x10,0x41,0x00,0xc0,0xff,0xff,0x01,0x10,0x14,0x41,0x00,0x00,0x00,0x00,0x01,0x10,
  0x18,0x41,0x00,0x00,0x00,0x00,0x01,0x10,0x1c,0x41,0x00,0x40,0x00,0x00,0x01,0x10,
  0x20,0x41,0x00,0x00,0x00,0x00,0x01,0x10,0x24,0x41,0x00,0x00,0x00,0x00,0x01,0x10,
  0x28,0x41,0x00,0x00,0x00,0x00,0x01,0x10,0x2c,0x41,0x00,0x00,0x00,0x00,0x01,0x10,
  0x0c,0x50,0x0f,0x00,0x00,0x00,0x01,0x20,0x10,0x50,0x07,0x00,0x00,0x00,0x01,0x20,
  0x14,0x50,0x7f,0x01,0x00,0x00,0x01,0x20,0x18,0x50,0x00,0xa0,0xfc,0xff,0x01,0x20,
  0x1c,0x50,0x00,0x00,0x00,0x00,0x01,0x20,0x20,0x50,0x00,0x00,0x00,0x00,0x01,0x20,
  0x28,0x50,0x00,0x00,0x00,0x00,0x01,0x20,0x2c,0x50,0x00,0x00,0x00,0x00,0x01,0x20,
  0x34,0x50,0x01,0x00,0x00,0x00,0x01,0x20,0x38,0x50,0x00,0x00,0x00,0x00,0x01,0x20,
  0x40,0x50,0x00,0x00,0x00,0x00,0x01,0x20,0x44,0x50,0x49,0x78,0x01,0x00,0x01,0x20,
  0x48,0x50,0x00,0x00,0x00,0x00,0x01,0x20,0x4c,0x50,0x00,0x00,0x00,0x00,0x01,0x20,
  0x64,0x50,0x00,0x00,0x00,0x00,0x01,0x20,0x68,0x50,0x01,0x01,0x01,0x01,0x01,0x20,
  0x6c,0x50,0x00,0x00,0x00,0x00,0x01,0x20,0x10,0x00,0x80,0xea,0xff,0xff,0x01,0x01,
  0x14,0x00,0x24,0x00,0x00,0x00,0x01,0x01,0x00,0x00,0x00,0x00,0x00,0x00,0x41,0x00,
  0x08,0x00,0x18,0x00,0x00,0x00,0x81,0x00,0x00,0x00,0x00,0x00,0x00,0x00,0x00,0x00,
  0x00,0x00,0x00,0x00,0x00,0x00,0x00,0x00,0x00,0x00,0x00,0x00,0x00,0x00,0x00,0x00,
  0x00,0x00,0x00,0x00,0x00,0x00,0x00,0x00,0x00,0x00,0x00,0x00,0x00,0x00,0x00,0x00,
  0x00,0x00,0x00,0x00,0x00,0x00,0x00,0x00,0x00,0x00,0x00,0x00,0x00,0x00,0x00,0x00,
  0x04,0x40,0x0e,0x00,0x00,0x00,0x01,0x10,0x04,0x50,0x0e,0x00,0x00,0x00,0x01,0x20,
  0x0c,0x40,0xe5,0x01,0x00,0x00,0x01,0x10,0x10,0x40,0x02,0x00,0x00,0x48,0x01,0x10,
  0x14,0x40,0x00,0x00,0x00,0x00,0x01,0x10,0x20,0x40,0x00,0xa0,0xf6,0xff,0x01,0x10,
  0x24,0x40,0x00,0x08,0x00,0x00,0x01,0x10,0x30,0x40,0x0f,0x00,0x00,0x00,0x01,0x10,
  0x34,0x40,0x07,0x00,0x00,0x00,0x01,0x10,0x38,0x40,0x00,0x00,0x00,0x00,0x01,0x10,
  0x3c,0x40,0x7f,0x01,0x7f,0x01,0x01,0x10,0x40,0x40,0x53,0x00,0x00,0x00,0x01,0x10,
  0x44,0x40,0x00,0x00,0x00,0x00,0x01,0x10,0x48,0x40,0x00,0x00,0x00,0x00,0x01,0x10,
  0x4c,0x40,0x00,0x00,0x00,0x00,0x01,0x10,0x50,0x40,0x02,0x00,0x00,0x00,0x01,0x10,
  0x54,0x40,0x00,0x00,0x00,0x00,0x01,0x10,0x58,0x40,0x7f,0x01,0x00,0x00,0x01,0x10,
  0x5c,0x40,0x0f,0x00,0x07,0x00,0x01,0x10,0x60,0x40,0x53,0x00,0x00,0x00,0x01,0x10,
  0x64,0x40,0x00,0x00,0x00,0x00,0x01,0x10,0x68,0x40,0x00,0x00,0x00,0x00,0x01,0x10,
  0x6c,0x40,0x00,0x00,0x00,0x00,0x01,0x10,0x70,0x40,0x83,0x03,0x00,0x00,0x01,0x10,
  0x74,0x40,0x00,0x00,0x00,0x00,0x01,0x10,0x78,0x40,0x01,0x00,0x00,0x00,0x01,0x10,
  0x7c,0x40,0x00,0x00,0x00,0x00,0x01,0x10,0x80,0x40,0x00,0x00,0x00,0x00,0x01,0x10,
  0x84,0x40,0x01,0x00,0x01,0x00,0x01,0x10,0x88,0x40,0x00,0x00,0x00,0x00,0x01,0x10,
  0x90,0x40,0x00,0x00,0x00,0x00,0x01,0x10,0x94,0x40,0x00,0x00,0x00,0x00,0x01,0x10,
  0x98,0x40,0x00,0x00,0x00,0x00,0x01,0x10,0x9c,0x40,0x00,0x00,0x00,0x00,0x01,0x10,
  0xa0,0x40,0x00,0x00,0x00,0x00,0x01,0x10,0xa4,0x40,0x00,0x00,0x00,0x00,0x01,0x10,
  0xa8,0x40,0x00,0x00,0x00,0x00,0x01,0x10,0xac,0x40,0x00,0x00,0x00,0x00,0x01,0x10,
  0xc0,0x40,0x00,0x08,0x00,0x00,0x01,0x10,0xc4,0x40,0x00,0x00,0x00,0x00,0x01,0x10,
  0x00,0x41,0x00,0x00,0x00,0x00,0x01,0x10,0x04,0x41,0x00,0x00,0x00,0x00,0x01,0x10,
  0x08,0x41,0x00,0x00,0x00,0x00,0x01,0x10,0x0c,0x41,0x00,0x00,0x00,0x00,0x01,0x10,
  0x10,0x41,0x00,0x00,0x00,0x00,0x01,0x10,0x14,0x41,0x00,0x00,0x00,0x00,0x01,0x10,
  0x18,0x41,0x00,0x00,0x00,0x00,0x01,0x10,0x1c,0x41,0x00,0x00,0x00,0x00,0x01,0x10,
  0x20,0x41,0x00,0x00,0x00,0x00,0x01,0x10,0x24,0x41,0x00,0x00,0x00,0x00,0x01,0x10,
  0x28,0x41,0x00,0x00,0x00,0x00,0x01,0x10,0x2c,0x41,0x00,0x00,0x00,0x00,0x01,0x10,
  0x0c,0x50,0x0f,0x00,0x00,0x00,0x01,0x20,0x10,0x50,0x07,0x00,0x00,0x00,0x01,0x20,
  0x14,0x50,0x7f,0x01,0x00,0x00,0x01,0x20,0x18,0x50,0x00,0xa0,0xf9,0xff,0x01,0x20,
  0x1c,0x50,0x00,0x00,0x00,0x00,0x01,0x20,0x20,0x50,0x00,0x00,0x00,0x00,0x01,0x20,
  0x28,0x50,0x00,0x00,0x00,0x00,0x01,0x20,0x2c,0x50,0x00,0x00,0x00,0x00,0x01,0x20,
  0x34,0x50,0x01,0x00,0x00,0x00,0x01,0x20,0x38,0x50,0x00,0x00,0x00,0x00,0x01,0x20,
  0x40,0x50,0x00,0x00,0x00,0x00,0x01,0x20,0x44,0x50,0x49,0x78,0x01,0x00,0x01,0x20,
  0x48,0x50,0x00,0x00,0x00,0x00,0x01,0x20,0x4c,0x50,0x00,0x00,0x00,0x00,0x01,0x20,
  0x64,0x50,0x00,0x00,0x00,0x00,0x01,0x20,0x68,0x50,0x01,0x01,0x01,0x01,0x01,0x20,
  0x6c,0x50,0x00,0x00,0x00,0x00,0x01,0x20,0x00,0x00,0x00,0x00,0x00,0x00,0x00,0x00,
  0x14,0x00,0x00,0x00,0x00,0x00,0x01,0x01,0x00,0x00,0x00,0x00,0x00,0x00,0x41,0x00,
  0x08,0x00,0x18,0x00,0x00,0x00,0x81,0x00,0x00,0x00,0x00,0x00,0x00,0x00,0x00,0x00,
  0x00,0x00,0x00,0x00,0x00,0x00,0x00,0x00,0x00,0x00,0x00,0x00,0x00,0x00,0x00,0x00,
  0x00,0x00,0x00,0x00,0x00,0x00,0x00,0x00,0x00,0x00,0x00,0x00,0x00,0x00,0x00,0x00,
  0x00,0x00,0x00,0x00,0x00,0x00,0x00,0x00,0x00,0x00,0x00,0x00,0x00,0x00,0x00,0x00,
  0x00,0x00,0x00,0x00,0x01,0x00,0x00,0x00,0x18,0x00,0x00,0x00,0x00,0x03,0x00,0x00,
  0xff,0xff,0x01,0x00,0x00,0x00,0x00,0x00,0x45,0x00,0x00,0x00,0x00,0x00,0x00,0x00,
  0x00,0x00,0x00,0x00,0x00,0x00,0x00,0x00,0x00,0x00,0x00,0x00,0x02,0x00,0x00,0x00,
  0x18,0x00,0x00,0x00,0x00,0x03,0x00,0x00,0xff,0xff,0x01,0x00,0x00,0x00,0x00,0x00,
  0x49,0x04,0x00,0x00,0x00,0x00,0x00,0x00,0x80,0x02,0x00,0x00,0x00,0x00,0x00,0x00,
  0x00,0x00,0x00,0x00,0x02,0x00,0x00,0x00,0x18,0x00,0x00,0x00,0x00,0x03,0x00,0x00,
  0xff,0xff,0x01,0x00,0x00,0x00,0x00,0x00,0x45,0x00,0x00,0x00,0x00,0x00,0x00,0x00,
  0x00,0x25,0x00,0x00,0x00,0x00,0x00,0x00,0x00,0x00,0x00,0x00,0x03,0x00,0x00,0x00,
  0x18,0x00,0x00,0x00,0x00,0x03,0x00,0x00,0xff,0xff,0x01,0x00,0x00,0x00,0x00,0x00,
  0x45,0x00,0x00,0x00,0x00,0x00,0x00,0x00,0x80,0x27,0x00,0x00,0x00,0x00,0x00,0x00,
  0x00,0x00,0x00,0x00,0x01,0x00,0x00,0x00,0x18,0x00,0x00,0x00,0x00,0x03,0x00,0x00,
  0xff,0xff,0x01,0x00,0x00,0x00,0x00,0x00,0x45,0x00,0x00,0x00,0x00,0x00,0x00,0x00,
  0x00,0x00,0x00,0x00,0x00,0x00,0x00,0x00,0x00,0x00,0x00,0x00,0x02,0x00,0x00,0x00,
  0x18,0x00,0x00,0x00,0x00,0x03,0x00,0x00,0xff,0xff,0x01,0x00,0x00,0x00,0x00,0x00,
  0x49,0x04,0x00,0x00,0x00,0x00,0x00,0x00,0x80,0x02,0x00,0x00,0x00,0x00,0x00,0x00,
  0x00,0x00,0x00,0x00,0x02,0x00,0x00,0x00,0x18,0x00,0x00,0x00,0x00,0x03,0x00,0x00,
  0xff,0xff,0x01,0x00,0x00,0x00,0x00,0x00,0x45,0x00,0x00,0x00,0x00,0x00,0x00,0x00,
  0x00,0x25,0x00,0x00,0x00,0x00,0x00,0x00,0x00,0x00,0x00,0x00,0x03,0x00,0x00,0x00,
  0x18,0x00,0x00,0x00,0x00,0x03,0x00,0x00,0xff,0xff,0x01,0x00,0x00,0x00,0x00,0x00,
  0x45,0x00,0x00,0x00,0x00,0x00,0x00,0x00,0x80,0x27,0x00,0x00,0x00,0x00,0x00,0x00,
  0x00,0x00,0x00,0x00,0x01,0x00,0x00,0x00,0x18,0x00,0x00,0x00,0x00,0x03,0x00,0x00,
  0xff,0xff,0x01,0x00,0x00,0x00,0x00,0x00,0x45,0x00,0x00,0x00,0x00,0x00,0x00,0x00,
  0x00,0x00,0x00,0x00,0x00,0x00,0x00,0x00,0x00,0x00,0x00,0x00,0x02,0x00,0x00,0x00,
  0x18,0x00,0x00,0x00,0x00,0x03,0x00,0x00,0xff,0xff,0x01,0x00,0x00,0x00,0x00,0x00,
  0x49,0x04,0x00,0x00,0x00,0x00,0x00,0x00,0x80,0x02,0x00,0x00,0x00,0x00,0x00,0x00,
  0x00,0x00,0x00,0x00,0x02,0x00,0x00,0x00,0x18,0x00,0x00,0x00,0x00,0x03,0x00,0x00,
  0xff,0xff,0x01,0x00,0x00,0x00,0x00,0x00,0x45,0x00,0x00,0x00,0x00,0x00,0x00,0x00,
  0x00,0x25,0x00,0x00,0x00,0x00,0x00,0x00,0x00,0x00,0x00,0x00,0x03,0x00,0x00,0x00,
  0x18,0x00,0x00,0x00,0x00,0x03,0x00,0x00,0xff,0xff,0x01,0x00,0x00,0x00,0x00,0x00,
  0x45,0x00,0x00,0x00,0x00,0x00,0x00,0x00,0x80,0x27,0x00,0x00,0x00,0x00,0x00,0x00,
  0x00,0x00,0x00,0x00,0x00,0x00,0x00,0x00,0x00,0x00,0x00,0x00,0x00,0x00,0x00,0x00,
  0x00,0x00,0x00,0x00,0x00,0x00,0x00,0x00,0x00,0x00,0x00,0x00,0x00,0x00,0x00,0x00,
  0x00,0x00,0x00,0x00,0x00,0x00,0x00,0x00,0x00,0x00,0x00,0x00,0x00,0x00,0x00,0x00,
  0x00,0x00,0x00,0x00,0x00,0x00,0x00,0x00,0x00,0x00,0x00,0x00,0x00,0x00,0x00,0x00,
  0x00,0x00,0x00,0x00,0x00,0x00,0x00,0x00,0x00,0x00,0x00,0x00,0x00,0x00,0x00,0x00,
  0x00,0x00,0x00,0x00,0x00,0x00,0x00,0x00,0x00,0x00,0x00,0x00,0x00,0x00,0x00,0x00,
  0x00,0x00,0x00,0x00,0x00,0x00,0x00,0x00,0x00,0x00,0x00,0x00,0x00,0x00,0x00,0x00,
  0x00,0x00,0x00,0x00,0x00,0x00,0x00,0x00,0x00,0x00,0x00,0x00,0x00,0x00,0x00,0x00,
  0x00,0x00,0x00,0x00,0x00,0x00,0x00,0x00,0x00,0x00,0x00,0x00,0x00,0x00,0x00,0x00,
  0x00,0x00,0x00,0x00,0x00,0x00,0x00,0x00,0x00,0x00,0x00,0x00,0x00,0x00,0x00,0x00,
  0x00,0x00,0x00,0x00,0x00,0x00,0x00,0x00,0x00,0x00,0x00,0x00,0x00,0x00,0x00,0x00,
  0x00,0x00,0x00,0x00,0x00,0x00,0x00,0x00,0x00,0x00,0x00,0x00,0x00,0x00,0x00,0x00,
  0x00,0x00,0x00,0x00,0x00,0x00,0x00,0x00,0x00,0x00,0x00,0x00,0x00,0x00,0x00,0x00,
  0x00,0x00,0x00,0x00,0x00,0x00,0x00,0x00,0x00,0x00,0x00,0x00,0x00,0x00,0x00,0x00,
  0x00,0x00,0x00,0x00,0x00,0x00,0x00,0x00,0x00,0x00,0x00,0x00,0x00,0x00,0x00,0x00,
  0x00,0x00,0x00,0x00,0x00,0x00,0x00,0x00,0x00,0x00,0x00,0x00,0x00,0x00,0x00,0x00,
  0x00,0x00,0x00,0x00,0x00,0x00,0x00,0x00,0x00,0x00,0x00,0x00,0x00,0x00,0x00,0x00,
  0x00,0x00,0x00,0x00,0x00,0x00,0x00,0x00,0x00,0x00,0x00,0x00,0x00,0x00,0x00,0x00,
};
#define TANH_H1_SZ0 4096
#define TANH_H2_SZ0 20480
static const unsigned char g_tanh_task1[4096] = {
  0x00,0x00,0x00,0x00,0x01,0x00,0x00,0x00,0x18,0x00,0x00,0x00,0x00,0x03,0x00,0x00,
  0xff,0xff,0x01,0x00,0x00,0x02,0x00,0x00,0x45,0x00,0x00,0x00,0x00,0x00,0x00,0x00,
  0x00,0xc3,0xff,0xff,0x00,0x00,0x00,0x00,0x00,0x00,0x00,0x00,0x02,0x00,0x00,0x00,
  0x18,0x00,0x00,0x00,0x00,0x03,0x00,0x00,0xff,0xff,0x01,0x00,0x00,0x00,0x00,0x00,
  0x49,0x04,0x00,0x00,0x00,0x00,0x00,0x00,0x80,0xc5,0xff,0xff,0x00,0x00,0x00,0x00,
  0x00,0x00,0x00,0x00,0x02,0x00,0x00,0x00,0x18,0x00,0x00,0x00,0x00,0x03,0x00,0x00,
  0xff,0xff,0x01,0x00,0x00,0x01,0x00,0x00,0x45,0x00,0x00,0x00,0x00,0x00,0x00,0x00,
  0x00,0xe8,0xff,0xff,0x00,0x00,0x00,0x00,0x00,0x00,0x00,0x00,0x03,0x00,0x00,0x00,
  0x18,0x00,0x00,0x00,0x00,0x03,0x00,0x00,0xff,0xff,0x01,0x00,0x00,0x00,0x00,0x00,
  0x45,0x00,0x00,0x00,0x00,0x00,0x00,0x00,0x80,0xea,0xff,0xff,0x00,0x00,0x00,0x00,
  0x00,0x00,0x00,0x00,0x01,0x00,0x00,0x00,0x18,0x00,0x00,0x00,0x00,0x03,0x00,0x00,
  0xff,0xff,0x01,0x00,0x00,0x00,0x00,0x00,0x45,0x00,0x00,0x00,0x00,0x00,0x00,0x00,
  0x00,0xc3,0xff,0xff,0x00,0x00,0x00,0x00,0x00,0x00,0x00,0x00,0x02,0x00,0x00,0x00,
  0x18,0x00,0x00,0x00,0x00,0x03,0x00,0x00,0xff,0xff,0x01,0x00,0x00,0x00,0x00,0x00,
  0x49,0x04,0x00,0x00,0x00,0x00,0x00,0x00,0x80,0xc5,0xff,0xff,0x00,0x00,0x00,0x00,
  0x00,0x00,0x00,0x00,0x02,0x00,0x00,0x00,0x18,0x00,0x00,0x00,0x00,0x03,0x00,0x00,
  0xff,0xff,0x01,0x00,0x00,0x00,0x00,0x00,0x45,0x00,0x00,0x00,0x00,0x00,0x00,0x00,
  0x00,0xe8,0xff,0xff,0x00,0x00,0x00,0x00,0x00,0x00,0x00,0x00,0x03,0x00,0x00,0x00,
  0x18,0x00,0x00,0x00,0x00,0x03,0x00,0x00,0xff,0xff,0x01,0x00,0x00,0x00,0x00,0x00,
  0x45,0x00,0x00,0x00,0x00,0x00,0x00,0x00,0x80,0xea,0xff,0xff,0x00,0x00,0x00,0x00,
  0x00,0x00,0x00,0x00,0x01,0x00,0x00,0x00,0x18,0x00,0x00,0x00,0x00,0x03,0x00,0x00,
  0xff,0xff,0x01,0x00,0x00,0x00,0x00,0x00,0x45,0x00,0x00,0x00,0x00,0x00,0x00,0x00,
  0x00,0xc3,0xff,0xff,0x00,0x00,0x00,0x00,0x00,0x00,0x00,0x00,0x02,0x00,0x00,0x00,
  0x18,0x00,0x00,0x00,0x00,0x03,0x00,0x00,0xff,0xff,0x01,0x00,0x00,0x00,0x00,0x00,
  0x49,0x04,0x00,0x00,0x00,0x00,0x00,0x00,0x80,0xc5,0xff,0xff,0x00,0x00,0x00,0x00,
  0x00,0x00,0x00,0x00,0x02,0x00,0x00,0x00,0x18,0x00,0x00,0x00,0x00,0x03,0x00,0x00,
  0xff,0xff,0x01,0x00,0x00,0x00,0x00,0x00,0x45,0x00,0x00,0x00,0x00,0x00,0x00,0x00,
  0x00,0xe8,0xff,0xff,0x00,0x00,0x00,0x00,0x00,0x00,0x00,0x00,0x03,0x00,0x00,0x00,
  0x18,0x00,0x00,0x00,0x00,0x03,0x00,0x00,0xff,0xff,0x01,0x00,0x00,0x00,0x00,0x00,
  0x45,0x00,0x00,0x00,0x00,0x00,0x00,0x00,0x80,0xea,0xff,0xff,0x00,0x00,0x00,0x00,
  0x00,0x00,0x00,0x00,0x00,0x00,0x00,0x00,0x00,0x00,0x00,0x00,0x00,0x00,0x00,0x00,
  0x00,0x00,0x00,0x00,0x00,0x00,0x00,0x00,0x00,0x00,0x00,0x00,0x00,0x00,0x00,0x00,
  0x00,0x00,0x00,0x00,0x00,0x00,0x00,0x00,0x00,0x00,0x00,0x00,0x00,0x00,0x00,0x00,
  0x00,0x00,0x00,0x00,0x00,0x00,0x00,0x00,0x00,0x00,0x00,0x00,0x00,0x00,0x00,0x00,
  0x00,0x00,0x00,0x00,0x00,0x00,0x00,0x00,0x00,0x00,0x00,0x00,0x00,0x00,0x00,0x00,
  0x00,0x00,0x00,0x00,0x00,0x00,0x00,0x00,0x00,0x00,0x00,0x00,0x00,0x00,0x00,0x00,
  0x00,0x00,0x00,0x00,0x00,0x00,0x00,0x00,0x00,0x00,0x00,0x00,0x00,0x00,0x00,0x00,
  0x00,0x00,0x00,0x00,0x00,0x00,0x00,0x00,0x00,0x00,0x00,0x00,0x00,0x00,0x00,0x00,
  0x00,0x00,0x00,0x00,0x00,0x00,0x00,0x00,0x00,0x00,0x00,0x00,0x00,0x00,0x00,0x00,
  0x00,0x00,0x00,0x00,0x00,0x00,0x00,0x00,0x00,0x00,0x00,0x00,0x00,0x00,0x00,0x00,
  0x00,0x00,0x00,0x00,0x00,0x00,0x00,0x00,0x00,0x00,0x00,0x00,0x00,0x00,0x00,0x00,
  0x00,0x00,0x00,0x00,0x00,0x00,0x00,0x00,0x00,0x00,0x00,0x00,0x00,0x00,0x00,0x00,
  0x00,0x00,0x00,0x00,0x00,0x00,0x00,0x00,0x00,0x00,0x00,0x00,0x00,0x00,0x00,0x00,
  0x00,0x00,0x00,0x00,0x00,0x00,0x00,0x00,0x00,0x00,0x00,0x00,0x00,0x00,0x00,0x00,
  0x00,0x00,0x00,0x00,0x00,0x00,0x00,0x00,0x00,0x00,0x00,0x00,0x00,0x00,0x00,0x00,
  0x00,0x00,0x00,0x00,0x00,0x00,0x00,0x00,0x00,0x00,0x00,0x00,0x00,0x00,0x00,0x00,
  0x00,0x00,0x00,0x00,0x00,0x00,0x00,0x00,0x00,0x00,0x00,0x00,0x00,0x00,0x00,0x00,
  0x00,0x00,0x00,0x00,0x00,0x00,0x00,0x00,0x00,0x00,0x00,0x00,0x00,0x00,0x00,0x00,
  0x00,0x00,0x00,0x00,0x00,0x00,0x00,0x00,0x00,0x00,0x00,0x00,0x00,0x00,0x00,0x00,
  0x00,0x00,0x00,0x00,0x00,0x00,0x00,0x00,0x00,0x00,0x00,0x00,0x00,0x00,0x00,0x00,
  0x00,0x00,0x00,0x00,0x00,0x00,0x00,0x00,0x00,0x00,0x00,0x00,0x00,0x00,0x00,0x00,
  0x00,0x00,0x00,0x00,0x00,0x00,0x00,0x00,0x00,0x00,0x00,0x00,0x00,0x00,0x00,0x00,
  0x00,0x00,0x00,0x00,0x00,0x00,0x00,0x00,0x00,0x00,0x00,0x00,0x00,0x00,0x00,0x00,
  0x00,0x00,0x00,0x00,0x00,0x00,0x00,0x00,0x00,0x00,0x00,0x00,0x00,0x00,0x00,0x00,
  0x00,0x00,0x00,0x00,0x00,0x00,0x00,0x00,0x00,0x00,0x00,0x00,0x00,0x00,0x00,0x00,
  0x00,0x00,0x00,0x00,0x00,0x00,0x00,0x00,0x00,0x00,0x00,0x00,0x00,0x00,0x00,0x00,
  0x00,0x00,0x00,0x00,0x00,0x00,0x00,0x00,0x00,0x00,0x00,0x00,0x00,0x00,0x00,0x00,
  0x00,0x00,0x00,0x00,0x00,0x00,0x00,0x00,0x00,0x00,0x00,0x00,0x00,0x00,0x00,0x00,
  0x00,0x00,0x00,0x00,0x00,0x00,0x00,0x00,0x00,0x00,0x00,0x00,0x00,0x00,0x00,0x00,
  0x00,0x00,0x00,0x00,0x00,0x00,0x00,0x00,0x00,0x00,0x00,0x00,0x00,0x00,0x00,0x00,
  0x00,0x00,0x00,0x00,0x00,0x00,0x00,0x00,0x00,0x00,0x00,0x00,0x00,0x00,0x00,0x00,
  0x00,0x00,0x00,0x00,0x00,0x00,0x00,0x00,0x00,0x00,0x00,0x00,0x00,0x00,0x00,0x00,
  0x00,0x00,0x00,0x00,0x00,0x00,0x00,0x00,0x00,0x00,0x00,0x00,0x00,0x00,0x00,0x00,
  0x00,0x00,0x00,0x00,0x00,0x00,0x00,0x00,0x00,0x00,0x00,0x00,0x00,0x00,0x00,0x00,
  0x00,0x00,0x00,0x00,0x00,0x00,0x00,0x00,0x00,0x00,0x00,0x00,0x00,0x00,0x00,0x00,
  0x00,0x00,0x00,0x00,0x00,0x00,0x00,0x00,0x00,0x00,0x00,0x00,0x00,0x00,0x00,0x00,
  0x00,0x00,0x00,0x00,0x00,0x00,0x00,0x00,0x00,0x00,0x00,0x00,0x00,0x00,0x00,0x00,
  0x00,0x00,0x00,0x00,0x00,0x00,0x00,0x00,0x00,0x00,0x00,0x00,0x00,0x00,0x00,0x00,
  0x00,0x00,0x00,0x00,0x00,0x00,0x00,0x00,0x00,0x00,0x00,0x00,0x00,0x00,0x00,0x00,
  0x00,0x00,0x00,0x00,0x00,0x00,0x00,0x00,0x00,0x00,0x00,0x00,0x00,0x00,0x00,0x00,
  0x00,0x00,0x00,0x00,0x00,0x00,0x00,0x00,0x00,0x00,0x00,0x00,0x00,0x00,0x00,0x00,
  0x00,0x00,0x00,0x00,0x00,0x00,0x00,0x00,0x00,0x00,0x00,0x00,0x00,0x00,0x00,0x00,
  0x00,0x00,0x00,0x00,0x00,0x00,0x00,0x00,0x00,0x00,0x00,0x00,0x00,0x00,0x00,0x00,
  0x00,0x00,0x00,0x00,0x00,0x00,0x00,0x00,0x00,0x00,0x00,0x00,0x00,0x00,0x00,0x00,
  0x00,0x00,0x00,0x00,0x00,0x00,0x00,0x00,0x00,0x00,0x00,0x00,0x00,0x00,0x00,0x00,
  0x00,0x00,0x00,0x00,0x00,0x00,0x00,0x00,0x00,0x00,0x00,0x00,0x00,0x00,0x00,0x00,
  0x00,0x00,0x00,0x00,0x00,0x00,0x00,0x00,0x00,0x00,0x00,0x00,0x00,0x00,0x00,0x00,
  0x00,0x00,0x00,0x00,0x00,0x00,0x00,0x00,0x00,0x00,0x00,0x00,0x00,0x00,0x00,0x00,
  0x00,0x00,0x00,0x00,0x00,0x00,0x00,0x00,0x00,0x00,0x00,0x00,0x00,0x00,0x00,0x00,
  0x00,0x00,0x00,0x00,0x00,0x00,0x00,0x00,0x00,0x00,0x00,0x00,0x00,0x00,0x00,0x00,
  0x00,0x00,0x00,0x00,0x00,0x00,0x00,0x00,0x00,0x00,0x00,0x00,0x00,0x00,0x00,0x00,
  0x00,0x00,0x00,0x00,0x00,0x00,0x00,0x00,0x00,0x00,0x00,0x00,0x00,0x00,0x00,0x00,
  0x00,0x00,0x00,0x00,0x00,0x00,0x00,0x00,0x00,0x00,0x00,0x00,0x00,0x00,0x00,0x00,
  0x00,0x00,0x00,0x00,0x00,0x00,0x00,0x00,0x00,0x00,0x00,0x00,0x00,0x00,0x00,0x00,
  0x00,0x00,0x00,0x00,0x00,0x00,0x00,0x00,0x00,0x00,0x00,0x00,0x00,0x00,0x00,0x00,
  0x00,0x00,0x00,0x00,0x00,0x00,0x00,0x00,0x00,0x00,0x00,0x00,0x00,0x00,0x00,0x00,
  0x00,0x00,0x00,0x00,0x00,0x00,0x00,0x00,0x00,0x00,0x00,0x00,0x00,0x00,0x00,0x00,
  0x00,0x00,0x00,0x00,0x00,0x00,0x00,0x00,0x00,0x00,0x00,0x00,0x00,0x00,0x00,0x00,
  0x00,0x00,0x00,0x00,0x00,0x00,0x00,0x00,0x00,0x00,0x00,0x00,0x00,0x00,0x00,0x00,
  0x00,0x00,0x00,0x00,0x00,0x00,0x00,0x00,0x00,0x00,0x00,0x00,0x00,0x00,0x00,0x00,
  0x00,0x00,0x00,0x00,0x00,0x00,0x00,0x00,0x00,0x00,0x00,0x00,0x00,0x00,0x00,0x00,
  0x00,0x00,0x00,0x00,0x00,0x00,0x00,0x00,0x00,0x00,0x00,0x00,0x00,0x00,0x00,0x00,
  0x00,0x00,0x00,0x00,0x00,0x00,0x00,0x00,0x00,0x00,0x00,0x00,0x00,0x00,0x00,0x00,
  0x00,0x00,0x00,0x00,0x00,0x00,0x00,0x00,0x00,0x00,0x00,0x00,0x00,0x00,0x00,0x00,
  0x00,0x00,0x00,0x00,0x00,0x00,0x00,0x00,0x00,0x00,0x00,0x00,0x00,0x00,0x00,0x00,
  0x00,0x00,0x00,0x00,0x00,0x00,0x00,0x00,0x00,0x00,0x00,0x00,0x00,0x00,0x00,0x00,
  0x00,0x00,0x00,0x00,0x00,0x00,0x00,0x00,0x00,0x00,0x00,0x00,0x00,0x00,0x00,0x00,
  0x00,0x00,0x00,0x00,0x00,0x00,0x00,0x00,0x00,0x00,0x00,0x00,0x00,0x00,0x00,0x00,
  0x00,0x00,0x00,0x00,0x00,0x00,0x00,0x00,0x00,0x00,0x00,0x00,0x00,0x00,0x00,0x00,
  0x00,0x00,0x00,0x00,0x00,0x00,0x00,0x00,0x00,0x00,0x00,0x00,0x00,0x00,0x00,0x00,
  0x00,0x00,0x00,0x00,0x00,0x00,0x00,0x00,0x00,0x00,0x00,0x00,0x00,0x00,0x00,0x00,
  0x00,0x00,0x00,0x00,0x00,0x00,0x00,0x00,0x00,0x00,0x00,0x00,0x00,0x00,0x00,0x00,
  0x00,0x00,0x00,0x00,0x00,0x00,0x00,0x00,0x00,0x00,0x00,0x00,0x00,0x00,0x00,0x00,
  0x00,0x00,0x00,0x00,0x00,0x00,0x00,0x00,0x00,0x00,0x00,0x00,0x00,0x00,0x00,0x00,
  0x00,0x00,0x00,0x00,0x00,0x00,0x00,0x00,0x00,0x00,0x00,0x00,0x00,0x00,0x00,0x00,
  0x00,0x00,0x00,0x00,0x00,0x00,0x00,0x00,0x00,0x00,0x00,0x00,0x00,0x00,0x00,0x00,
  0x00,0x00,0x00,0x00,0x00,0x00,0x00,0x00,0x00,0x00,0x00,0x00,0x00,0x00,0x00,0x00,
  0x00,0x00,0x00,0x00,0x00,0x00,0x00,0x00,0x00,0x00,0x00,0x00,0x00,0x00,0x00,0x00,
  0x00,0x00,0x00,0x00,0x00,0x00,0x00,0x00,0x00,0x00,0x00,0x00,0x00,0x00,0x00,0x00,
  0x00,0x00,0x00,0x00,0x00,0x00,0x00,0x00,0x00,0x00,0x00,0x00,0x00,0x00,0x00,0x00,
  0x00,0x00,0x00,0x00,0x00,0x00,0x00,0x00,0x00,0x00,0x00,0x00,0x00,0x00,0x00,0x00,
  0x00,0x00,0x00,0x00,0x00,0x00,0x00,0x00,0x00,0x00,0x00,0x00,0x00,0x00,0x00,0x00,
  0x00,0x00,0x00,0x00,0x00,0x00,0x00,0x00,0x00,0x00,0x00,0x00,0x00,0x00,0x00,0x00,
  0x00,0x00,0x00,0x00,0x00,0x00,0x00,0x00,0x00,0x00,0x00,0x00,0x00,0x00,0x00,0x00,
  0x00,0x00,0x00,0x00,0x00,0x00,0x00,0x00,0x00,0x00,0x00,0x00,0x00,0x00,0x00,0x00,
  0x00,0x00,0x00,0x00,0x00,0x00,0x00,0x00,0x00,0x00,0x00,0x00,0x00,0x00,0x00,0x00,
  0x00,0x00,0x00,0x00,0x00,0x00,0x00,0x00,0x00,0x00,0x00,0x00,0x00,0x00,0x00,0x00,
  0x00,0x00,0x00,0x00,0x00,0x00,0x00,0x00,0x00,0x00,0x00,0x00,0x00,0x00,0x00,0x00,
  0x00,0x00,0x00,0x00,0x00,0x00,0x00,0x00,0x00,0x00,0x00,0x00,0x00,0x00,0x00,0x00,
  0x00,0x00,0x00,0x00,0x00,0x00,0x00,0x00,0x00,0x00,0x00,0x00,0x00,0x00,0x00,0x00,
  0x00,0x00,0x00,0x00,0x00,0x00,0x00,0x00,0x00,0x00,0x00,0x00,0x00,0x00,0x00,0x00,
  0x00,0x00,0x00,0x00,0x00,0x00,0x00,0x00,0x00,0x00,0x00,0x00,0x00,0x00,0x00,0x00,
  0x00,0x00,0x00,0x00,0x00,0x00,0x00,0x00,0x00,0x00,0x00,0x00,0x00,0x00,0x00,0x00,
  0x00,0x00,0x00,0x00,0x00,0x00,0x00,0x00,0x00,0x00,0x00,0x00,0x00,0x00,0x00,0x00,
  0x00,0x00,0x00,0x00,0x00,0x00,0x00,0x00,0x00,0x00,0x00,0x00,0x00,0x00,0x00,0x00,
  0x00,0x00,0x00,0x00,0x00,0x00,0x00,0x00,0x00,0x00,0x00,0x00,0x00,0x00,0x00,0x00,
  0x00,0x00,0x00,0x00,0x00,0x00,0x00,0x00,0x00,0x00,0x00,0x00,0x00,0x00,0x00,0x00,
  0x00,0x00,0x00,0x00,0x00,0x00,0x00,0x00,0x00,0x00,0x00,0x00,0x00,0x00,0x00,0x00,
  0x00,0x00,0x00,0x00,0x00,0x00,0x00,0x00,0x00,0x00,0x00,0x00,0x00,0x00,0x00,0x00,
  0x00,0x00,0x00,0x00,0x00,0x00,0x00,0x00,0x00,0x00,0x00,0x00,0x00,0x00,0x00,0x00,
  0x00,0x00,0x00,0x00,0x00,0x00,0x00,0x00,0x00,0x00,0x00,0x00,0x00,0x00,0x00,0x00,
  0x00,0x00,0x00,0x00,0x00,0x00,0x00,0x00,0x00,0x00,0x00,0x00,0x00,0x00,0x00,0x00,
  0x00,0x00,0x00,0x00,0x00,0x00,0x00,0x00,0x00,0x00,0x00,0x00,0x00,0x00,0x00,0x00,
  0x00,0x00,0x00,0x00,0x00,0x00,0x00,0x00,0x00,0x00,0x00,0x00,0x00,0x00,0x00,0x00,
  0x00,0x00,0x00,0x00,0x00,0x00,0x00,0x00,0x00,0x00,0x00,0x00,0x00,0x00,0x00,0x00,
  0x00,0x00,0x00,0x00,0x00,0x00,0x00,0x00,0x00,0x00,0x00,0x00,0x00,0x00,0x00,0x00,
  0x00,0x00,0x00,0x00,0x00,0x00,0x00,0x00,0x00,0x00,0x00,0x00,0x00,0x00,0x00,0x00,
  0x00,0x00,0x00,0x00,0x00,0x00,0x00,0x00,0x00,0x00,0x00,0x00,0x00,0x00,0x00,0x00,
  0x00,0x00,0x00,0x00,0x00,0x00,0x00,0x00,0x00,0x00,0x00,0x00,0x00,0x00,0x00,0x00,
  0x00,0x00,0x00,0x00,0x00,0x00,0x00,0x00,0x00,0x00,0x00,0x00,0x00,0x00,0x00,0x00,
  0x00,0x00,0x00,0x00,0x00,0x00,0x00,0x00,0x00,0x00,0x00,0x00,0x00,0x00,0x00,0x00,
  0x00,0x00,0x00,0x00,0x00,0x00,0x00,0x00,0x00,0x00,0x00,0x00,0x00,0x00,0x00,0x00,
  0x00,0x00,0x00,0x00,0x00,0x00,0x00,0x00,0x00,0x00,0x00,0x00,0x00,0x00,0x00,0x00,
  0x00,0x00,0x00,0x00,0x00,0x00,0x00,0x00,0x00,0x00,0x00,0x00,0x00,0x00,0x00,0x00,
  0x00,0x00,0x00,0x00,0x00,0x00,0x00,0x00,0x00,0x00,0x00,0x00,0x00,0x00,0x00,0x00,
  0x00,0x00,0x00,0x00,0x00,0x00,0x00,0x00,0x00,0x00,0x00,0x00,0x00,0x00,0x00,0x00,
  0x00,0x00,0x00,0x00,0x00,0x00,0x00,0x00,0x00,0x00,0x00,0x00,0x00,0x00,0x00,0x00,
  0x00,0x00,0x00,0x00,0x00,0x00,0x00,0x00,0x00,0x00,0x00,0x00,0x00,0x00,0x00,0x00,
  0x00,0x00,0x00,0x00,0x00,0x00,0x00,0x00,0x00,0x00,0x00,0x00,0x00,0x00,0x00,0x00,
  0x00,0x00,0x00,0x00,0x00,0x00,0x00,0x00,0x00,0x00,0x00,0x00,0x00,0x00,0x00,0x00,
  0x00,0x00,0x00,0x00,0x00,0x00,0x00,0x00,0x00,0x00,0x00,0x00,0x00,0x00,0x00,0x00,
  0x00,0x00,0x00,0x00,0x00,0x00,0x00,0x00,0x00,0x00,0x00,0x00,0x00,0x00,0x00,0x00,
  0x00,0x00,0x00,0x00,0x00,0x00,0x00,0x00,0x00,0x00,0x00,0x00,0x00,0x00,0x00,0x00,
  0x00,0x00,0x00,0x00,0x00,0x00,0x00,0x00,0x00,0x00,0x00,0x00,0x00,0x00,0x00,0x00,
  0x00,0x00,0x00,0x00,0x00,0x00,0x00,0x00,0x00,0x00,0x00,0x00,0x00,0x00,0x00,0x00,
  0x00,0x00,0x00,0x00,0x00,0x00,0x00,0x00,0x00,0x00,0x00,0x00,0x00,0x00,0x00,0x00,
  0x00,0x00,0x00,0x00,0x00,0x00,0x00,0x00,0x00,0x00,0x00,0x00,0x00,0x00,0x00,0x00,
  0x00,0x00,0x00,0x00,0x00,0x00,0x00,0x00,0x00,0x00,0x00,0x00,0x00,0x00,0x00,0x00,
  0x00,0x00,0x00,0x00,0x00,0x00,0x00,0x00,0x00,0x00,0x00,0x00,0x00,0x00,0x00,0x00,
  0x00,0x00,0x00,0x00,0x00,0x00,0x00,0x00,0x00,0x00,0x00,0x00,0x00,0x00,0x00,0x00,
  0x00,0x00,0x00,0x00,0x00,0x00,0x00,0x00,0x00,0x00,0x00,0x00,0x00,0x00,0x00,0x00,
  0x00,0x00,0x00,0x00,0x00,0x00,0x00,0x00,0x00,0x00,0x00,0x00,0x00,0x00,0x00,0x00,
  0x00,0x00,0x00,0x00,0x00,0x00,0x00,0x00,0x00,0x00,0x00,0x00,0x00,0x00,0x00,0x00,
  0x00,0x00,0x00,0x00,0x00,0x00,0x00,0x00,0x00,0x00,0x00,0x00,0x00,0x00,0x00,0x00,
  0x00,0x00,0x00,0x00,0x00,0x00,0x00,0x00,0x00,0x00,0x00,0x00,0x00,0x00,0x00,0x00,
  0x00,0x00,0x00,0x00,0x00,0x00,0x00,0x00,0x00,0x00,0x00,0x00,0x00,0x00,0x00,0x00,
  0x00,0x00,0x00,0x00,0x00,0x00,0x00,0x00,0x00,0x00,0x00,0x00,0x00,0x00,0x00,0x00,
  0x00,0x00,0x00,0x00,0x00,0x00,0x00,0x00,0x00,0x00,0x00,0x00,0x00,0x00,0x00,0x00,
  0x00,0x00,0x00,0x00,0x00,0x00,0x00,0x00,0x00,0x00,0x00,0x00,0x00,0x00,0x00,0x00,
  0x00,0x00,0x00,0x00,0x00,0x00,0x00,0x00,0x00,0x00,0x00,0x00,0x00,0x00,0x00,0x00,
  0x00,0x00,0x00,0x00,0x00,0x00,0x00,0x00,0x00,0x00,0x00,0x00,0x00,0x00,0x00,0x00,
  0x00,0x00,0x00,0x00,0x00,0x00,0x00,0x00,0x00,0x00,0x00,0x00,0x00,0x00,0x00,0x00,
  0x00,0x00,0x00,0x00,0x00,0x00,0x00,0x00,0x00,0x00,0x00,0x00,0x00,0x00,0x00,0x00,
  0x00,0x00,0x00,0x00,0x00,0x00,0x00,0x00,0x00,0x00,0x00,0x00,0x00,0x00,0x00,0x00,
  0x00,0x00,0x00,0x00,0x00,0x00,0x00,0x00,0x00,0x00,0x00,0x00,0x00,0x00,0x00,0x00,
  0x00,0x00,0x00,0x00,0x00,0x00,0x00,0x00,0x00,0x00,0x00,0x00,0x00,0x00,0x00,0x00,
  0x00,0x00,0x00,0x00,0x00,0x00,0x00,0x00,0x00,0x00,0x00,0x00,0x00,0x00,0x00,0x00,
  0x00,0x00,0x00,0x00,0x00,0x00,0x00,0x00,0x00,0x00,0x00,0x00,0x00,0x00,0x00,0x00,
  0x00,0x00,0x00,0x00,0x00,0x00,0x00,0x00,0x00,0x00,0x00,0x00,0x00,0x00,0x00,0x00,
  0x00,0x00,0x00,0x00,0x00,0x00,0x00,0x00,0x00,0x00,0x00,0x00,0x00,0x00,0x00,0x00,
  0x00,0x00,0x00,0x00,0x00,0x00,0x00,0x00,0x00,0x00,0x00,0x00,0x00,0x00,0x00,0x00,
  0x00,0x00,0x00,0x00,0x00,0x00,0x00,0x00,0x00,0x00,0x00,0x00,0x00,0x00,0x00,0x00,
  0x00,0x00,0x00,0x00,0x00,0x00,0x00,0x00,0x00,0x00,0x00,0x00,0x00,0x00,0x00,0x00,
  0x00,0x00,0x00,0x00,0x00,0x00,0x00,0x00,0x00,0x00,0x00,0x00,0x00,0x00,0x00,0x00,
  0x00,0x00,0x00,0x00,0x00,0x00,0x00,0x00,0x00,0x00,0x00,0x00,0x00,0x00,0x00,0x00,
  0x00,0x00,0x00,0x00,0x00,0x00,0x00,0x00,0x00,0x00,0x00,0x00,0x00,0x00,0x00,0x00,
  0x00,0x00,0x00,0x00,0x00,0x00,0x00,0x00,0x00,0x00,0x00,0x00,0x00,0x00,0x00,0x00,
  0x00,0x00,0x00,0x00,0x00,0x00,0x00,0x00,0x00,0x00,0x00,0x00,0x00,0x00,0x00,0x00,
  0x00,0x00,0x00,0x00,0x00,0x00,0x00,0x00,0x00,0x00,0x00,0x00,0x00,0x00,0x00,0x00,
  0x00,0x00,0x00,0x00,0x00,0x00,0x00,0x00,0x00,0x00,0x00,0x00,0x00,0x00,0x00,0x00,
  0x00,0x00,0x00,0x00,0x00,0x00,0x00,0x00,0x00,0x00,0x00,0x00,0x00,0x00,0x00,0x00,
  0x00,0x00,0x00,0x00,0x00,0x00,0x00,0x00,0x00,0x00,0x00,0x00,0x00,0x00,0x00,0x00,
  0x00,0x00,0x00,0x00,0x00,0x00,0x00,0x00,0x00,0x00,0x00,0x00,0x00,0x00,0x00,0x00,
  0x00,0x00,0x00,0x00,0x00,0x00,0x00,0x00,0x00,0x00,0x00,0x00,0x00,0x00,0x00,0x00,
  0x00,0x00,0x00,0x00,0x00,0x00,0x00,0x00,0x00,0x00,0x00,0x00,0x00,0x00,0x00,0x00,
  0x00,0x00,0x00,0x00,0x00,0x00,0x00,0x00,0x00,0x00,0x00,0x00,0x00,0x00,0x00,0x00,
  0x00,0x00,0x00,0x00,0x00,0x00,0x00,0x00,0x00,0x00,0x00,0x00,0x00,0x00,0x00,0x00,
  0x00,0x00,0x00,0x00,0x00,0x00,0x00,0x00,0x00,0x00,0x00,0x00,0x00,0x00,0x00,0x00,
  0x00,0x00,0x00,0x00,0x00,0x00,0x00,0x00,0x00,0x00,0x00,0x00,0x00,0x00,0x00,0x00,
  0x00,0x00,0x00,0x00,0x00,0x00,0x00,0x00,0x00,0x00,0x00,0x00,0x00,0x00,0x00,0x00,
  0x00,0x00,0x00,0x00,0x00,0x00,0x00,0x00,0x00,0x00,0x00,0x00,0x00,0x00,0x00,0x00,
  0x00,0x00,0x00,0x00,0x00,0x00,0x00,0x00,0x00,0x00,0x00,0x00,0x00,0x00,0x00,0x00,
  0x00,0x00,0x00,0x00,0x00,0x00,0x00,0x00,0x00,0x00,0x00,0x00,0x00,0x00,0x00,0x00,
  0x00,0x00,0x00,0x00,0x00,0x00,0x00,0x00,0x00,0x00,0x00,0x00,0x00,0x00,0x00,0x00,
  0x00,0x00,0x00,0x00,0x00,0x00,0x00,0x00,0x00,0x00,0x00,0x00,0x00,0x00,0x00,0x00,
  0x00,0x00,0x00,0x00,0x00,0x00,0x00,0x00,0x00,0x00,0x00,0x00,0x00,0x00,0x00,0x00,
  0x00,0x00,0x00,0x00,0x00,0x00,0x00,0x00,0x00,0x00,0x00,0x00,0x00,0x00,0x00,0x00,
  0x00,0x00,0x00,0x00,0x00,0x00,0x00,0x00,0x00,0x00,0x00,0x00,0x00,0x00,0x00,0x00,
  0x00,0x00,0x00,0x00,0x00,0x00,0x00,0x00,0x00,0x00,0x00,0x00,0x00,0x00,0x00,0x00,
  0x00,0x00,0x00,0x00,0x00,0x00,0x00,0x00,0x00,0x00,0x00,0x00,0x00,0x00,0x00,0x00,
  0x00,0x00,0x00,0x00,0x00,0x00,0x00,0x00,0x00,0x00,0x00,0x00,0x00,0x00,0x00,0x00,
  0x00,0x00,0x00,0x00,0x00,0x00,0x00,0x00,0x00,0x00,0x00,0x00,0x00,0x00,0x00,0x00,
  0x00,0x00,0x00,0x00,0x00,0x00,0x00,0x00,0x00,0x00,0x00,0x00,0x00,0x00,0x00,0x00,
  0x00,0x00,0x00,0x00,0x00,0x00,0x00,0x00,0x00,0x00,0x00,0x00,0x00,0x00,0x00,0x00,
  0x00,0x00,0x00,0x00,0x00,0x00,0x00,0x00,0x00,0x00,0x00,0x00,0x00,0x00,0x00,0x00,
  0x00,0x00,0x00,0x00,0x00,0x00,0x00,0x00,0x00,0x00,0x00,0x00,0x00,0x00,0x00,0x00,
  0x00,0x00,0x00,0x00,0x00,0x00,0x00,0x00,0x00,0x00,0x00,0x00,0x00,0x00,0x00,0x00,
  0x00,0x00,0x00,0x00,0x00,0x00,0x00,0x00,0x00,0x00,0x00,0x00,0x00,0x00,0x00,0x00,
  0x00,0x00,0x00,0x00,0x00,0x00,0x00,0x00,0x00,0x00,0x00,0x00,0x00,0x00,0x00,0x00,
  0x00,0x00,0x00,0x00,0x00,0x00,0x00,0x00,0x00,0x00,0x00,0x00,0x00,0x00,0x00,0x00,
  0x00,0x00,0x00,0x00,0x00,0x00,0x00,0x00,0x00,0x00,0x00,0x00,0x00,0x00,0x00,0x00,
  0x00,0x00,0x00,0x00,0x00,0x00,0x00,0x00,0x00,0x00,0x00,0x00,0x00,0x00,0x00,0x00,
  0x00,0x00,0x00,0x00,0x00,0x00,0x00,0x00,0x00,0x00,0x00,0x00,0x00,0x00,0x00,0x00,
  0x00,0x00,0x00,0x00,0x00,0x00,0x00,0x00,0x00,0x00,0x00,0x00,0x00,0x00,0x00,0x00,
  0x00,0x00,0x00,0x00,0x00,0x00,0x00,0x00,0x00,0x00,0x00,0x00,0x00,0x00,0x00,0x00,
  0x00,0x00,0x00,0x00,0x00,0x00,0x00,0x00,0x00,0x00,0x00,0x00,0x00,0x00,0x00,0x00,
  0x00,0x00,0x00,0x00,0x00,0x00,0x00,0x00,0x00,0x00,0x00,0x00,0x00,0x00,0x00,0x00,
  0x00,0x00,0x00,0x00,0x00,0x00,0x00,0x00,0x00,0x00,0x00,0x00,0x00,0x00,0x00,0x00,
  0x00,0x00,0x00,0x00,0x00,0x00,0x00,0x00,0x00,0x00,0x00,0x00,0x00,0x00,0x00,0x00,
  0x00,0x00,0x00,0x00,0x00,0x00,0x00,0x00,0x00,0x00,0x00,0x00,0x00,0x00,0x00,0x00,
  0x00,0x00,0x00,0x00,0x00,0x00,0x00,0x00,0x00,0x00,0x00,0x00,0x00,0x00,0x00,0x00,
  0x00,0x00,0x00,0x00,0x00,0x00,0x00,0x00,0x00,0x00,0x00,0x00,0x00,0x00,0x00,0x00,
  0x00,0x00,0x00,0x00,0x00,0x00,0x00,0x00,0x00,0x00,0x00,0x00,0x00,0x00,0x00,0x00,
  0x00,0x00,0x00,0x00,0x00,0x00,0x00,0x00,0x00,0x00,0x00,0x00,0x00,0x00,0x00,0x00,
  0x00,0x00,0x00,0x00,0x00,0x00,0x00,0x00,0x00,0x00,0x00,0x00,0x00,0x00,0x00,0x00,
  0x00,0x00,0x00,0x00,0x00,0x00,0x00,0x00,0x00,0x00,0x00,0x00,0x00,0x00,0x00,0x00,
  0x00,0x00,0x00,0x00,0x00,0x00,0x00,0x00,0x00,0x00,0x00,0x00,0x00,0x00,0x00,0x00,
  0x00,0x00,0x00,0x00,0x00,0x00,0x00,0x00,0x00,0x00,0x00,0x00,0x00,0x00,0x00,0x00,
  0x00,0x00,0x00,0x00,0x00,0x00,0x00,0x00,0x00,0x00,0x00,0x00,0x00,0x00,0x00,0x00,
  0x00,0x00,0x00,0x00,0x00,0x00,0x00,0x00,0x00,0x00,0x00,0x00,0x00,0x00,0x00,0x00,
  0x00,0x00,0x00,0x00,0x00,0x00,0x00,0x00,0x00,0x00,0x00,0x00,0x00,0x00,0x00,0x00,
  0x00,0x00,0x00,0x00,0x00,0x00,0x00,0x00,0x00,0x00,0x00,0x00,0x00,0x00,0x00,0x00,
  0x00,0x00,0x00,0x00,0x00,0x00,0x00,0x00,0x00,0x00,0x00,0x00,0x00,0x00,0x00,0x00,
  0x00,0x00,0x00,0x00,0x00,0x00,0x00,0x00,0x00,0x00,0x00,0x00,0x00,0x00,0x00,0x00,
  0x00,0x00,0x00,0x00,0x00,0x00,0x00,0x00,0x00,0x00,0x00,0x00,0x00,0x00,0x00,0x00,
  0x00,0x00,0x00,0x00,0x00,0x00,0x00,0x00,0x00,0x00,0x00,0x00,0x00,0x00,0x00,0x00,
  0x00,0x00,0x00,0x00,0x00,0x00,0x00,0x00,0x00,0x00,0x00,0x00,0x00,0x00,0x00,0x00,
  0x00,0x00,0x00,0x00,0x00,0x00,0x00,0x00,0x00,0x00,0x00,0x00,0x00,0x00,0x00,0x00,
  0x00,0x00,0x00,0x00,0x00,0x00,0x00,0x00,0x00,0x00,0x00,0x00,0x00,0x00,0x00,0x00,
  0x00,0x00,0x00,0x00,0x00,0x00,0x00,0x00,0x00,0x00,0x00,0x00,0x00,0x00,0x00,0x00,
  0x00,0x00,0x00,0x00,0x00,0x00,0x00,0x00,0x00,0x00,0x00,0x00,0x00,0x00,0x00,0x00,
  0x00,0x00,0x00,0x00,0x00,0x00,0x00,0x00,0x00,0x00,0x00,0x00,0x00,0x00,0x00,0x00,
  0x00,0x00,0x00,0x00,0x00,0x00,0x00,0x00,0x00,0x00,0x00,0x00,0x00,0x00,0x00,0x00,
  0x00,0x00,0x00,0x00,0x00,0x00,0x00,0x00,0x00,0x00,0x00,0x00,0x00,0x00,0x00,0x00,
  0x00,0x00,0x00,0x00,0x00,0x00,0x00,0x00,0x00,0x00,0x00,0x00,0x00,0x00,0x00,0x00,
  0x00,0x00,0x00,0x00,0x00,0x00,0x00,0x00,0x00,0x00,0x00,0x00,0x00,0x00,0x00,0x00,
};
static const unsigned char g_tanh_regcmd1[20480] = {
  0x00,0x00,0x04,0x40,0x0e,0x00,0x00,0x00,0x00,0x00,0x04,0x50,0x0e,0x00,0x00,0x00,
  0x00,0x00,0x0c,0x40,0xe5,0x01,0x00,0x00,0x00,0x00,0x10,0x40,0x00,0x00,0x00,0x00,
  0x00,0x00,0x14,0x40,0x00,0x00,0x00,0x00,0x00,0x00,0x20,0x40,0x00,0x00,0x00,0x00,
  0x00,0x00,0x24,0x40,0x10,0x00,0x00,0x00,0x00,0x00,0x30,0x40,0x00,0x00,0x00,0x00,
  0x00,0x00,0x34,0x40,0x00,0x00,0x00,0x00,0x00,0x00,0x38,0x40,0x00,0x00,0x00,0x00,
  0x00,0x00,0x3c,0x40,0x0f,0x00,0x0f,0x00,0x00,0x00,0x40,0x40,0x53,0x00,0x00,0x00,
  0x00,0x00,0x44,0x40,0x00,0x00,0x00,0x00,0x00,0x00,0x48,0x40,0x00,0x00,0x00,0x00,
  0x00,0x00,0x4c,0x40,0x00,0x00,0x00,0x00,0x00,0x00,0x50,0x40,0x02,0x00,0x00,0x00,
  0x00,0x00,0x54,0x40,0x00,0x00,0x00,0x00,0x00,0x00,0x58,0x40,0x0f,0x00,0x00,0x00,
  0x00,0x00,0x5c,0x40,0x00,0x00,0x00,0x00,0x00,0x00,0x60,0x40,0x53,0x00,0x00,0x00,
  0x00,0x00,0x64,0x40,0x00,0x00,0x00,0x00,0x00,0x00,0x68,0x40,0x00,0x00,0x00,0x00,
  0x00,0x00,0x6c,0x40,0x00,0x00,0x00,0x00,0x00,0x00,0x70,0x40,0x83,0x03,0x00,0x00,
  0x00,0x00,0x74,0x40,0x00,0x00,0x00,0x00,0x00,0x00,0x78,0x40,0x01,0x00,0x00,0x00,
  0x00,0x00,0x7c,0x40,0x00,0x00,0x00,0x00,0x00,0x00,0x80,0x40,0x00,0x00,0x00,0x00,
  0x00,0x00,0x84,0x40,0x01,0x00,0x00,0x00,0x00,0x00,0x88,0x40,0x00,0x00,0x00,0x00,
  0x00,0x00,0x90,0x40,0x00,0x00,0x00,0x00,0x00,0x00,0x94,0x40,0x00,0x00,0x00,0x00,
  0x00,0x00,0x98,0x40,0x00,0x00,0x00,0x00,0x00,0x00,0x9c,0x40,0x00,0x00,0x00,0x00,
  0x00,0x00,0xa0,0x40,0x00,0x00,0x00,0x00,0x00,0x00,0xa4,0x40,0x00,0x00,0x00,0x00,
  0x00,0x00,0xa8,0x40,0x00,0x00,0x00,0x00,0x00,0x00,0xac,0x40,0x00,0x00,0x00,0x00,
  0x00,0x00,0xc0,0x40,0x10,0x00,0x00,0x00,0x00,0x00,0xc4,0x40,0x00,0x00,0x00,0x00,
  0x00,0x00,0x00,0x41,0x00,0x00,0x00,0x00,0x00,0x00,0x04,0x41,0x00,0x00,0x00,0x00,
  0x00,0x00,0x08,0x41,0x00,0x00,0x00,0x00,0x00,0x00,0x0c,0x41,0x00,0x00,0x00,0x00,
  0x00,0x00,0x10,0x41,0x00,0x00,0x00,0x00,0x00,0x00,0x14,0x41,0x00,0x00,0x00,0x00,
  0x00,0x00,0x18,0x41,0x00,0x00,0x00,0x00,0x00,0x00,0x1c,0x41,0x00,0x00,0x00,0x00,
  0x00,0x00,0x20,0x41,0x00,0x00,0x00,0x00,0x00,0x00,0x24,0x41,0x00,0x00,0x00,0x00,
  0x00,0x00,0x28,0x41,0x00,0x00,0x00,0x00,0x00,0x00,0x2c,0x41,0x00,0x00,0x00,0x00,
  0x00,0x00,0x0c,0x50,0x00,0x00,0x00,0x00,0x00,0x00,0x10,0x50,0x00,0x00,0x00,0x00,
  0x00,0x00,0x14,0x50,0x0f,0x00,0x00,0x00,0x00,0x00,0x18,0x50,0x00,0x00,0x00,0x00,
  0x00,0x00,0x1c,0x50,0x00,0x00,0x00,0x00,0x00,0x00,0x20,0x50,0x00,0x00,0x00,0x00,
  0x00,0x00,0x28,0x50,0x00,0x00,0x00,0x00,0x00,0x00,0x2c,0x50,0x00,0x00,0x00,0x00,
  0x00,0x00,0x34,0x50,0x01,0x00,0x00,0x00,0x00,0x00,0x38,0x50,0x00,0x00,0x00,0x00,
  0x00,0x00,0x40,0x50,0x00,0x00,0x00,0x00,0x00,0x00,0x44,0x50,0x01,0x78,0x00,0x00,
  0x00,0x00,0x48,0x50,0x00,0x00,0x00,0x00,0x00,0x00,0x4c,0x50,0x00,0x00,0x00,0x00,
  0x00,0x00,0x64,0x50,0x00,0x00,0x00,0x00,0x00,0x00,0x68,0x50,0x01,0x01,0x01,0x01,
  0x00,0x00,0x6c,0x50,0x00,0x00,0x00,0x00,0x00,0x00,0x00,0x41,0x00,0x00,0x02,0x00,
  0x00,0x00,0x04,0x41,0x9d,0x80,0xff,0xff,0x00,0x00,0x04,0x41,0x9f,0x80,0xff,0xff,
  0x00,0x00,0x04,0x41,0xa0,0x80,0xff,0xff,0x00,0x00,0x04,0x41,0xa2,0x80,0xff,0xff,
  0x00,0x00,0x04,0x41,0xa4,0x80,0xff,0xff,0x00,0x00,0x04,0x41,0xa6,0x80,0xff,0xff,
  0x00,0x00,0x04,0x41,0xa8,0x80,0xff,0xff,0x00,0x00,0x04,0x41,0xaa,0x80,0xff,0xff,
  0x00,0x00,0x04,0x41,0xac,0x80,0xff,0xff,0x00,0x00,0x04,0x41,0xae,0x80,0xff,0xff,
  0x00,0x00,0x04,0x41,0xb0,0x80,0xff,0xff,0x00,0x00,0x04,0x41,0xb2,0x80,0xff,0xff,
  0x00,0x00,0x04,0x41,0xb4,0x80,0xff,0xff,0x00,0x00,0x04,0x41,0xb6,0x80,0xff,0xff,
  0x00,0x00,0x04,0x41,0xb9,0x80,0xff,0xff,0x00,0x00,0x04,0x41,0xbb,0x80,0xff,0xff,
  0x00,0x00,0x04,0x41,0xbd,0x80,0xff,0xff,0x00,0x00,0x04,0x41,0xbf,0x80,0xff,0xff,
  0x00,0x00,0x04,0x41,0xc1,0x80,0xff,0xff,0x00,0x00,0x04,0x41,0xc4,0x80,0xff,0xff,
  0x00,0x00,0x04,0x41,0xc6,0x80,0xff,0xff,0x00,0x00,0x04,0x41,0xc8,0x80,0xff,0xff,
  0x00,0x00,0x04,0x41,0xcb,0x80,0xff,0xff,0x00,0x00,0x04,0x41,0xcd,0x80,0xff,0xff,
  0x00,0x00,0x04,0x41,0xcf,0x80,0xff,0xff,0x00,0x00,0x04,0x41,0xd2,0x80,0xff,0xff,
  0x00,0x00,0x04,0x41,0xd4,0x80,0xff,0xff,0x00,0x00,0x04,0x41,0xd7,0x80,0xff,0xff,
  0x00,0x00,0x04,0x41,0xd9,0x80,0xff,0xff,0x00,0x00,0x04,0x41,0xdc,0x80,0xff,0xff,
  0x00,0x00,0x04,0x41,0xdf,0x80,0xff,0xff,0x00,0x00,0x04,0x41,0xe1,0x80,0xff,0xff,
  0x00,0x00,0x04,0x41,0xe4,0x80,0xff,0xff,0x00,0x00,0x04,0x41,0xe7,0x80,0xff,0xff,
  0x00,0x00,0x04,0x41,0xe9,0x80,0xff,0xff,0x00,0x00,0x04,0x41,0xec,0x80,0xff,0xff,
  0x00,0x00,0x04,0x41,0xef,0x80,0xff,0xff,0x00,0x00,0x04,0x41,0xf2,0x80,0xff,0xff,
  0x00,0x00,0x04,0x41,0xf4,0x80,0xff,0xff,0x00,0x00,0x04,0x41,0xf7,0x80,0xff,0xff,
  0x00,0x00,0x04,0x41,0xfa,0x80,0xff,0xff,0x00,0x00,0x04,0x41,0xfd,0x80,0xff,0xff,
  0x00,0x00,0x04,0x41,0x00,0x81,0xff,0xff,0x00,0x00,0x04,0x41,0x03,0x81,0xff,0xff,
  0x00,0x00,0x04,0x41,0x06,0x81,0xff,0xff,0x00,0x00,0x04,0x41,0x09,0x81,0xff,0xff,
  0x00,0x00,0x04,0x41,0x0c,0x81,0xff,0xff,0x00,0x00,0x04,0x41,0x10,0x81,0xff,0xff,
  0x00,0x00,0x04,0x41,0x13,0x81,0xff,0xff,0x00,0x00,0x04,0x41,0x16,0x81,0xff,0xff,
  0x00,0x00,0x04,0x41,0x19,0x81,0xff,0xff,0x00,0x00,0x04,0x41,0x1d,0x81,0xff,0xff,
  0x00,0x00,0x04,0x41,0x20,0x81,0xff,0xff,0x00,0x00,0x04,0x41,0x23,0x81,0xff,0xff,
  0x00,0x00,0x04,0x41,0x27,0x81,0xff,0xff,0x00,0x00,0x04,0x41,0x2a,0x81,0xff,0xff,
  0x00,0x00,0x04,0x41,0x2e,0x81,0xff,0xff,0x00,0x00,0x04,0x41,0x31,0x81,0xff,0xff,
  0x00,0x00,0x04,0x41,0x35,0x81,0xff,0xff,0x00,0x00,0x04,0x41,0x39,0x81,0xff,0xff,
  0x00,0x00,0x04,0x41,0x3c,0x81,0xff,0xff,0x00,0x00,0x04,0x41,0x40,0x81,0xff,0xff,
  0x00,0x00,0x04,0x41,0x44,0x81,0xff,0xff,0x00,0x00,0x04,0x41,0x48,0x81,0xff,0xff,
  0x00,0x00,0x04,0x41,0x4b,0x81,0xff,0xff,0x00,0x00,0x04,0x41,0x4f,0x81,0xff,0xff,
  0x00,0x00,0x04,0x41,0x53,0x81,0xff,0xff,0x00,0x00,0x04,0x41,0x57,0x81,0xff,0xff,
  0x00,0x00,0x04,0x41,0x5b,0x81,0xff,0xff,0x00,0x00,0x04,0x41,0x5f,0x81,0xff,0xff,
  0x00,0x00,0x04,0x41,0x63,0x81,0xff,0xff,0x00,0x00,0x04,0x41,0x68,0x81,0xff,0xff,
  0x00,0x00,0x04,0x41,0x6c,0x81,0xff,0xff,0x00,0x00,0x04,0x41,0x70,0x81,0xff,0xff,
  0x00,0x00,0x04,0x41,0x75,0x81,0xff,0xff,0x00,0x00,0x04,0x41,0x79,0x81,0xff,0xff,
  0x00,0x00,0x04,0x41,0x7d,0x81,0xff,0xff,0x00,0x00,0x04,0x41,0x82,0x81,0xff,0xff,
  0x00,0x00,0x04,0x41,0x86,0x81,0xff,0xff,0x00,0x00,0x04,0x41,0x8b,0x81,0xff,0xff,
  0x00,0x00,0x04,0x41,0x90,0x81,0xff,0xff,0x00,0x00,0x04,0x41,0x94,0x81,0xff,0xff,
  0x00,0x00,0x04,0x41,0x99,0x81,0xff,0xff,0x00,0x00,0x04,0x41,0x9e,0x81,0xff,0xff,
  0x00,0x00,0x04,0x41,0xa3,0x81,0xff,0xff,0x00,0x00,0x04,0x41,0xa8,0x81,0xff,0xff,
  0x00,0x00,0x04,0x41,0xad,0x81,0xff,0xff,0x00,0x00,0x04,0x41,0xb2,0x81,0xff,0xff,
  0x00,0x00,0x04,0x41,0xb7,0x81,0xff,0xff,0x00,0x00,0x04,0x41,0xbc,0x81,0xff,0xff,
  0x00,0x00,0x04,0x41,0xc1,0x81,0xff,0xff,0x00,0x00,0x04,0x41,0xc6,0x81,0xff,0xff,
  0x00,0x00,0x04,0x41,0xcc,0x81,0xff,0xff,0x00,0x00,0x04,0x41,0xd1,0x81,0xff,0xff,
  0x00,0x00,0x04,0x41,0xd7,0x81,0xff,0xff,0x00,0x00,0x04,0x41,0xdc,0x81,0xff,0xff,
  0x00,0x00,0x04,0x41,0xe2,0x81,0xff,0xff,0x00,0x00,0x04,0x41,0xe7,0x81,0xff,0xff,
  0x00,0x00,0x04,0x41,0xed,0x81,0xff,0xff,0x00,0x00,0x04,0x41,0xf3,0x81,0xff,0xff,
  0x00,0x00,0x04,0x41,0xf9,0x81,0xff,0xff,0x00,0x00,0x04,0x41,0xff,0x81,0xff,0xff,
  0x00,0x00,0x04,0x41,0x05,0x82,0xff,0xff,0x00,0x00,0x04,0x41,0x0b,0x82,0xff,0xff,
  0x00,0x00,0x04,0x41,0x11,0x82,0xff,0xff,0x00,0x00,0x04,0x41,0x17,0x82,0xff,0xff,
  0x00,0x00,0x04,0x41,0x1e,0x82,0xff,0xff,0x00,0x00,0x04,0x41,0x24,0x82,0xff,0xff,
  0x00,0x00,0x04,0x41,0x2a,0x82,0xff,0xff,0x00,0x00,0x04,0x41,0x31,0x82,0xff,0xff,
  0x00,0x00,0x04,0x41,0x37,0x82,0xff,0xff,0x00,0x00,0x04,0x41,0x3e,0x82,0xff,0xff,
  0x00,0x00,0x04,0x41,0x45,0x82,0xff,0xff,0x00,0x00,0x04,0x41,0x4c,0x82,0xff,0xff,
  0x00,0x00,0x04,0x41,0x53,0x82,0xff,0xff,0x00,0x00,0x04,0x41,0x5a,0x82,0xff,0xff,
  0x00,0x00,0x04,0x41,0x61,0x82,0xff,0xff,0x00,0x00,0x04,0x41,0x68,0x82,0xff,0xff,
  0x00,0x00,0x04,0x41,0x6f,0x82,0xff,0xff,0x00,0x00,0x04,0x41,0x76,0x82,0xff,0xff,
  0x00,0x00,0x04,0x41,0x7e,0x82,0xff,0xff,0x00,0x00,0x04,0x41,0x85,0x82,0xff,0xff,
  0x00,0x00,0x04,0x41,0x8d,0x82,0xff,0xff,0x00,0x00,0x04,0x41,0x94,0x82,0xff,0xff,
  0x00,0x00,0x04,0x41,0x9c,0x82,0xff,0xff,0x00,0x00,0x04,0x41,0xa4,0x82,0xff,0xff,
  0x00,0x00,0x04,0x41,0xac,0x82,0xff,0xff,0x00,0x00,0x04,0x41,0xb4,0x82,0xff,0xff,
  0x00,0x00,0x04,0x41,0xbc,0x82,0xff,0xff,0x00,0x00,0x04,0x41,0xc4,0x82,0xff,0xff,
  0x00,0x00,0x04,0x41,0xcc,0x82,0xff,0xff,0x00,0x00,0x04,0x41,0xd5,0x82,0xff,0xff,
  0x00,0x00,0x04,0x41,0xdd,0x82,0xff,0xff,0x00,0x00,0x04,0x41,0xe6,0x82,0xff,0xff,
  0x00,0x00,0x04,0x41,0xef,0x82,0xff,0xff,0x00,0x00,0x04,0x41,0xf7,0x82,0xff,0xff,
  0x00,0x00,0x04,0x41,0x00,0x83,0xff,0xff,0x00,0x00,0x04,0x41,0x09,0x83,0xff,0xff,
  0x00,0x00,0x04,0x41,0x12,0x83,0xff,0xff,0x00,0x00,0x04,0x41,0x1c,0x83,0xff,0xff,
  0x00,0x00,0x04,0x41,0x25,0x83,0xff,0xff,0x00,0x00,0x04,0x41,0x2e,0x83,0xff,0xff,
  0x00,0x00,0x04,0x41,0x38,0x83,0xff,0xff,0x00,0x00,0x04,0x41,0x42,0x83,0xff,0xff,
  0x00,0x00,0x04,0x41,0x4b,0x83,0xff,0xff,0x00,0x00,0x04,0x41,0x55,0x83,0xff,0xff,
  0x00,0x00,0x04,0x41,0x5f,0x83,0xff,0xff,0x00,0x00,0x04,0x41,0x69,0x83,0xff,0xff,
  0x00,0x00,0x04,0x41,0x73,0x83,0xff,0xff,0x00,0x00,0x04,0x41,0x7e,0x83,0xff,0xff,
  0x00,0x00,0x04,0x41,0x88,0x83,0xff,0xff,0x00,0x00,0x04,0x41,0x93,0x83,0xff,0xff,
  0x00,0x00,0x04,0x41,0x9d,0x83,0xff,0xff,0x00,0x00,0x04,0x41,0xa8,0x83,0xff,0xff,
  0x00,0x00,0x04,0x41,0xb3,0x83,0xff,0xff,0x00,0x00,0x04,0x41,0xbe,0x83,0xff,0xff,
  0x00,0x00,0x04,0x41,0xca,0x83,0xff,0xff,0x00,0x00,0x04,0x41,0xd5,0x83,0xff,0xff,
  0x00,0x00,0x04,0x41,0xe0,0x83,0xff,0xff,0x00,0x00,0x04,0x41,0xec,0x83,0xff,0xff,
  0x00,0x00,0x04,0x41,0xf8,0x83,0xff,0xff,0x00,0x00,0x04,0x41,0x03,0x84,0xff,0xff,
  0x00,0x00,0x04,0x41,0x0f,0x84,0xff,0xff,0x00,0x00,0x04,0x41,0x1c,0x84,0xff,0xff,
  0x00,0x00,0x04,0x41,0x28,0x84,0xff,0xff,0x00,0x00,0x04,0x41,0x34,0x84,0xff,0xff,
  0x00,0x00,0x04,0x41,0x41,0x84,0xff,0xff,0x00,0x00,0x04,0x41,0x4d,0x84,0xff,0xff,
  0x00,0x00,0x04,0x41,0x5a,0x84,0xff,0xff,0x00,0x00,0x04,0x41,0x67,0x84,0xff,0xff,
  0x00,0x00,0x04,0x41,0x74,0x84,0xff,0xff,0x00,0x00,0x04,0x41,0x82,0x84,0xff,0xff,
  0x00,0x00,0x04,0x41,0x8f,0x84,0xff,0xff,0x00,0x00,0x04,0x41,0x9d,0x84,0xff,0xff,
  0x00,0x00,0x04,0x41,0xaa,0x84,0xff,0xff,0x00,0x00,0x04,0x41,0xb8,0x84,0xff,0xff,
  0x00,0x00,0x04,0x41,0xc6,0x84,0xff,0xff,0x00,0x00,0x04,0x41,0xd5,0x84,0xff,0xff,
  0x00,0x00,0x04,0x41,0xe3,0x84,0xff,0xff,0x00,0x00,0x04,0x41,0xf2,0x84,0xff,0xff,
  0x00,0x00,0x04,0x41,0x00,0x85,0xff,0xff,0x00,0x00,0x04,0x41,0x0f,0x85,0xff,0xff,
  0x00,0x00,0x04,0x41,0x1e,0x85,0xff,0xff,0x00,0x00,0x04,0x41,0x2d,0x85,0xff,0xff,
  0x00,0x00,0x04,0x41,0x3d,0x85,0xff,0xff,0x00,0x00,0x04,0x41,0x4c,0x85,0xff,0xff,
  0x00,0x00,0x04,0x41,0x5c,0x85,0xff,0xff,0x00,0x00,0x04,0x41,0x6c,0x85,0xff,0xff,
  0x00,0x00,0x04,0x41,0x7c,0x85,0xff,0xff,0x00,0x00,0x04,0x41,0x8c,0x85,0xff,0xff,
  0x00,0x00,0x04,0x41,0x9d,0x85,0xff,0xff,0x00,0x00,0x04,0x41,0xae,0x85,0xff,0xff,
  0x00,0x00,0x04,0x41,0xbe,0x85,0xff,0xff,0x00,0x00,0x04,0x41,0xcf,0x85,0xff,0xff,
  0x00,0x00,0x04,0x41,0xe1,0x85,0xff,0xff,0x00,0x00,0x04,0x41,0xf2,0x85,0xff,0xff,
  0x00,0x00,0x04,0x41,0x04,0x86,0xff,0xff,0x00,0x00,0x04,0x41,0x16,0x86,0xff,0xff,
  0x00,0x00,0x04,0x41,0x28,0x86,0xff,0xff,0x00,0x00,0x04,0x41,0x3a,0x86,0xff,0xff,
  0x00,0x00,0x04,0x41,0x4c,0x86,0xff,0xff,0x00,0x00,0x04,0x41,0x5f,0x86,0xff,0xff,
  0x00,0x00,0x04,0x41,0x72,0x86,0xff,0xff,0x00,0x00,0x04,0x41,0x85,0x86,0xff,0xff,
  0x00,0x00,0x04,0x41,0x98,0x86,0xff,0xff,0x00,0x00,0x04,0x41,0xac,0x86,0xff,0xff,
  0x00,0x00,0x04,0x41,0xbf,0x86,0xff,0xff,0x00,0x00,0x04,0x41,0xd3,0x86,0xff,0xff,
  0x00,0x00,0x04,0x41,0xe7,0x86,0xff,0xff,0x00,0x00,0x04,0x41,0xfc,0x86,0xff,0xff,
  0x00,0x00,0x04,0x41,0x10,0x87,0xff,0xff,0x00,0x00,0x04,0x41,0x25,0x87,0xff,0xff,
  0x00,0x00,0x04,0x41,0x3a,0x87,0xff,0xff,0x00,0x00,0x04,0x41,0x50,0x87,0xff,0xff,
  0x00,0x00,0x04,0x41,0x65,0x87,0xff,0xff,0x00,0x00,0x04,0x41,0x7b,0x87,0xff,0xff,
  0x00,0x00,0x04,0x41,0x91,0x87,0xff,0xff,0x00,0x00,0x04,0x41,0xa7,0x87,0xff,0xff,
  0x00,0x00,0x04,0x41,0xbe,0x87,0xff,0xff,0x00,0x00,0x04,0x41,0xd5,0x87,0xff,0xff,
  0x00,0x00,0x04,0x41,0xec,0x87,0xff,0xff,0x00,0x00,0x04,0x41,0x03,0x88,0xff,0xff,
  0x00,0x00,0x04,0x41,0x1b,0x88,0xff,0xff,0x00,0x00,0x04,0x41,0x32,0x88,0xff,0xff,
  0x00,0x00,0x04,0x41,0x4b,0x88,0xff,0xff,0x00,0x00,0x04,0x41,0x63,0x88,0xff,0xff,
  0x00,0x00,0x04,0x41,0x7c,0x88,0xff,0xff,0x00,0x00,0x04,0x41,0x94,0x88,0xff,0xff,
  0x00,0x00,0x04,0x41,0xae,0x88,0xff,0xff,0x00,0x00,0x04,0x41,0xc7,0x88,0xff,0xff,
  0x00,0x00,0x04,0x41,0xe1,0x88,0xff,0xff,0x00,0x00,0x04,0x41,0xfb,0x88,0xff,0xff,
  0x00,0x00,0x04,0x41,0x15,0x89,0xff,0xff,0x00,0x00,0x04,0x41,0x30,0x89,0xff,0xff,
  0x00,0x00,0x04,0x41,0x4b,0x89,0xff,0xff,0x00,0x00,0x04,0x41,0x66,0x89,0xff,0xff,
  0x00,0x00,0x04,0x41,0x81,0x89,0xff,0xff,0x00,0x00,0x04,0x41,0x9d,0x89,0xff,0xff,
  0x00,0x00,0x04,0x41,0xb9,0x89,0xff,0xff,0x00,0x00,0x04,0x41,0xd5,0x89,0xff,0xff,
  0x00,0x00,0x04,0x41,0xf2,0x89,0xff,0xff,0x00,0x00,0x04,0x41,0x0f,0x8a,0xff,0xff,
  0x00,0x00,0x04,0x41,0x2d,0x8a,0xff,0xff,0x00,0x00,0x04,0x41,0x4a,0x8a,0xff,0xff,
  0x00,0x00,0x04,0x41,0x68,0x8a,0xff,0xff,0x00,0x00,0x04,0x41,0x86,0x8a,0xff,0xff,
  0x00,0x00,0x04,0x41,0xa5,0x8a,0xff,0xff,0x00,0x00,0x04,0x41,0xc4,0x8a,0xff,0xff,
  0x00,0x00,0x04,0x41,0xe3,0x8a,0xff,0xff,0x00,0x00,0x04,0x41,0x03,0x8b,0xff,0xff,
  0x00,0x00,0x04,0x41,0x23,0x8b,0xff,0xff,0x00,0x00,0x04,0x41,0x43,0x8b,0xff,0xff,
  0x00,0x00,0x04,0x41,0x64,0x8b,0xff,0xff,0x00,0x00,0x04,0x41,0x85,0x8b,0xff,0xff,
  0x00,0x00,0x04,0x41,0xa6,0x8b,0xff,0xff,0x00,0x00,0x04,0x41,0xc8,0x8b,0xff,0xff,
  0x00,0x00,0x04,0x41,0xea,0x8b,0xff,0xff,0x00,0x00,0x04,0x41,0x0d,0x8c,0xff,0xff,
  0x00,0x00,0x04,0x41,0x30,0x8c,0xff,0xff,0x00,0x00,0x04,0x41,0x53,0x8c,0xff,0xff,
  0x00,0x00,0x04,0x41,0x76,0x8c,0xff,0xff,0x00,0x00,0x04,0x41,0x9a,0x8c,0xff,0xff,
  0x00,0x00,0x04,0x41,0xbf,0x8c,0xff,0xff,0x00,0x00,0x04,0x41,0xe4,0x8c,0xff,0xff,
  0x00,0x00,0x04,0x41,0x09,0x8d,0xff,0xff,0x00,0x00,0x04,0x41,0x2e,0x8d,0xff,0xff,
  0x00,0x00,0x04,0x41,0x54,0x8d,0xff,0xff,0x00,0x00,0x04,0x41,0x7b,0x8d,0xff,0xff,
  0x00,0x00,0x04,0x41,0xa1,0x8d,0xff,0xff,0x00,0x00,0x04,0x41,0xc9,0x8d,0xff,0xff,
  0x00,0x00,0x04,0x41,0xf0,0x8d,0xff,0xff,0x00,0x00,0x04,0x41,0x18,0x8e,0xff,0xff,
  0x00,0x00,0x04,0x41,0x41,0x8e,0xff,0xff,0x00,0x00,0x04,0x41,0x69,0x8e,0xff,0xff,
  0x00,0x00,0x04,0x41,0x93,0x8e,0xff,0xff,0x00,0x00,0x04,0x41,0xbc,0x8e,0xff,0xff,
  0x00,0x00,0x04,0x41,0xe7,0x8e,0xff,0xff,0x00,0x00,0x04,0x41,0x11,0x8f,0xff,0xff,
  0x00,0x00,0x04,0x41,0x3c,0x8f,0xff,0xff,0x00,0x00,0x04,0x41,0x68,0x8f,0xff,0xff,
  0x00,0x00,0x04,0x41,0x94,0x8f,0xff,0xff,0x00,0x00,0x04,0x41,0xc0,0x8f,0xff,0xff,
  0x00,0x00,0x04,0x41,0xed,0x8f,0xff,0xff,0x00,0x00,0x04,0x41,0x1a,0x90,0xff,0xff,
  0x00,0x00,0x04,0x41,0x48,0x90,0xff,0xff,0x00,0x00,0x04,0x41,0x76,0x90,0xff,0xff,
  0x00,0x00,0x04,0x41,0xa5,0x90,0xff,0xff,0x00,0x00,0x04,0x41,0xd4,0x90,0xff,0xff,
  0x00,0x00,0x04,0x41,0x04,0x91,0xff,0xff,0x00,0x00,0x04,0x41,0x34,0x91,0xff,0xff,
  0x00,0x00,0x04,0x41,0x65,0x91,0xff,0xff,0x00,0x00,0x04,0x41,0x96,0x91,0xff,0xff,
  0x00,0x00,0x04,0x41,0xc8,0x91,0xff,0xff,0x00,0x00,0x04,0x41,0xfa,0x91,0xff,0xff,
  0x00,0x00,0x04,0x41,0x2d,0x92,0xff,0xff,0x00,0x00,0x04,0x41,0x60,0x92,0xff,0xff,
  0x00,0x00,0x04,0x41,0x94,0x92,0xff,0xff,0x00,0x00,0x04,0x41,0xc8,0x92,0xff,0xff,
  0x00,0x00,0x04,0x41,0xfd,0x92,0xff,0xff,0x00,0x00,0x04,0x41,0x32,0x93,0xff,0xff,
  0x00,0x00,0x04,0x41,0x68,0x93,0xff,0xff,0x00,0x00,0x04,0x41,0x9e,0x93,0xff,0xff,
  0x00,0x00,0x04,0x41,0xd5,0x93,0xff,0xff,0x00,0x00,0x04,0x41,0x0d,0x94,0xff,0xff,
  0x00,0x00,0x04,0x41,0x45,0x94,0xff,0xff,0x00,0x00,0x04,0x41,0x7e,0x94,0xff,0xff,
  0x00,0x00,0x04,0x41,0xb7,0x94,0xff,0xff,0x00,0x00,0x04,0x41,0xf1,0x94,0xff,0xff,
  0x00,0x00,0x04,0x41,0x2b,0x95,0xff,0xff,0x00,0x00,0x04,0x41,0x66,0x95,0xff,0xff,
  0x00,0x00,0x04,0x41,0xa1,0x95,0xff,0xff,0x00,0x00,0x04,0x41,0xdd,0x95,0xff,0xff,
  0x00,0x00,0x04,0x41,0x1a,0x96,0xff,0xff,0x00,0x00,0x04,0x41,0x57,0x96,0xff,0xff,
  0x00,0x00,0x04,0x41,0x95,0x96,0xff,0xff,0x00,0x00,0x04,0x41,0xd4,0x96,0xff,0xff,
  0x00,0x00,0x04,0x41,0x13,0x97,0xff,0xff,0x00,0x00,0x04,0x41,0x53,0x97,0xff,0xff,
  0x00,0x00,0x04,0x41,0x93,0x97,0xff,0xff,0x00,0x00,0x04,0x41,0xd4,0x97,0xff,0xff,
  0x00,0x00,0x04,0x41,0x15,0x98,0xff,0xff,0x00,0x00,0x04,0x41,0x58,0x98,0xff,0xff,
  0x00,0x00,0x04,0x41,0x9a,0x98,0xff,0xff,0x00,0x00,0x04,0x41,0xde,0x98,0xff,0xff,
  0x00,0x00,0x04,0x41,0x22,0x99,0xff,0xff,0x00,0x00,0x04,0x41,0x67,0x99,0xff,0xff,
  0x00,0x00,0x04,0x41,0xac,0x99,0xff,0xff,0x00,0x00,0x04,0x41,0xf2,0x99,0xff,0xff,
  0x00,0x00,0x04,0x41,0x39,0x9a,0xff,0xff,0x00,0x00,0x04,0x41,0x80,0x9a,0xff,0xff,
  0x00,0x00,0x04,0x41,0xc8,0x9a,0xff,0xff,0x00,0x00,0x04,0x41,0x11,0x9b,0xff,0xff,
  0x00,0x00,0x04,0x41,0x5b,0x9b,0xff,0xff,0x00,0x00,0x04,0x41,0xa5,0x9b,0xff,0xff,
  0x00,0x00,0x04,0x41,0xf0,0x9b,0xff,0xff,0x00,0x00,0x04,0x41,0x3b,0x9c,0xff,0xff,
  0x00,0x00,0x04,0x41,0x87,0x9c,0xff,0xff,0x00,0x00,0x04,0x41,0xd4,0x9c,0xff,0xff,
  0x00,0x00,0x04,0x41,0x22,0x9d,0xff,0xff,0x00,0x00,0x04,0x41,0x70,0x9d,0xff,0xff,
  0x00,0x00,0x04,0x41,0xbf,0x9d,0xff,0xff,0x00,0x00,0x04,0x41,0x0f,0x9e,0xff,0xff,
  0x00,0x00,0x04,0x41,0x5f,0x9e,0xff,0xff,0x00,0x00,0x04,0x41,0xb0,0x9e,0xff,0xff,
  0x00,0x00,0x04,0x41,0x02,0x9f,0xff,0xff,0x00,0x00,0x04,0x41,0x55,0x9f,0xff,0xff,
  0x00,0x00,0x04,0x41,0xa8,0x9f,0xff,0xff,0x00,0x00,0x04,0x41,0xfd,0x9f,0xff,0xff,
  0x00,0x00,0x04,0x41,0x52,0xa0,0xff,0xff,0x00,0x00,0x04,0x41,0xa7,0xa0,0xff,0xff,
  0x00,0x00,0x04,0x41,0xfe,0xa0,0xff,0xff,0x00,0x00,0x04,0x41,0x55,0xa1,0xff,0xff,
  0x00,0x00,0x04,0x41,0xad,0xa1,0xff,0xff,0x00,0x00,0x04,0x41,0x05,0xa2,0xff,0xff,
  0x00,0x00,0x04,0x41,0x5f,0xa2,0xff,0xff,0x00,0x00,0x04,0x41,0xb9,0xa2,0xff,0xff,
  0x00,0x00,0x04,0x41,0x14,0xa3,0xff,0xff,0x00,0x00,0x04,0x41,0x70,0xa3,0xff,0xff,
  0x00,0x00,0x04,0x41,0xcc,0xa3,0xff,0xff,0x00,0x00,0x04,0x41,0x2a,0xa4,0xff,0xff,
  0x00,0x00,0x04,0x41,0x88,0xa4,0xff,0xff,0x00,0x00,0x04,0x41,0xe7,0xa4,0xff,0xff,
  0x00,0x00,0x04,0x41,0x47,0xa5,0xff,0xff,0x00,0x00,0x04,0x41,0xa7,0xa5,0xff,0xff,
  0x00,0x00,0x04,0x41,0x09,0xa6,0xff,0xff,0x00,0x00,0x04,0x41,0x6b,0xa6,0xff,0xff,
  0x00,0x00,0x04,0x41,0xce,0xa6,0xff,0xff,0x00,0x00,0x04,0x41,0x32,0xa7,0xff,0xff,
  0x00,0x00,0x04,0x41,0x96,0xa7,0xff,0xff,0x00,0x00,0x04,0x41,0xfc,0xa7,0xff,0xff,
  0x00,0x00,0x04,0x41,0x62,0xa8,0xff,0xff,0x00,0x00,0x04,0x41,0xc9,0xa8,0xff,0xff,
  0x00,0x00,0x04,0x41,0x31,0xa9,0xff,0xff,0x00,0x00,0x04,0x41,0x9a,0xa9,0xff,0xff,
  0x00,0x00,0x04,0x41,0x04,0xaa,0xff,0xff,0x00,0x00,0x04,0x41,0x6e,0xaa,0xff,0xff,
  0x00,0x00,0x04,0x41,0xd9,0xaa,0xff,0xff,0x00,0x00,0x04,0x41,0x46,0xab,0xff,0xff,
  0x00,0x00,0x04,0x41,0xb3,0xab,0xff,0xff,0x00,0x00,0x04,0x41,0x21,0xac,0xff,0xff,
  0x00,0x00,0x04,0x41,0x8f,0xac,0xff,0xff,0x00,0x00,0x04,0x41,0xff,0xac,0xff,0xff,
  0x00,0x00,0x04,0x41,0x6f,0xad,0xff,0xff,0x00,0x00,0x04,0x41,0xe1,0xad,0xff,0xff,
  0x00,0x00,0x04,0x41,0x53,0xae,0xff,0xff,0x00,0x00,0x04,0x41,0xc6,0xae,0xff,0xff,
  0x00,0x00,0x04,0x41,0x3a,0xaf,0xff,0xff,0x00,0x00,0x04,0x41,0xae,0xaf,0xff,0xff,
  0x00,0x00,0x04,0x41,0x24,0xb0,0xff,0xff,0x00,0x00,0x04,0x41,0x9a,0xb0,0xff,0xff,
  0x00,0x00,0x04,0x41,0x12,0xb1,0xff,0xff,0x00,0x00,0x04,0x41,0x8a,0xb1,0xff,0xff,
  0x00,0x00,0x04,0x41,0x03,0xb2,0xff,0xff,0x00,0x00,0x04,0x41,0x7d,0xb2,0xff,0xff,
  0x00,0x00,0x04,0x41,0xf8,0xb2,0xff,0xff,0x00,0x00,0x04,0x41,0x73,0xb3,0xff,0xff,
  0x00,0x00,0x04,0x41,0xf0,0xb3,0xff,0xff,0x00,0x00,0x04,0x41,0x6d,0xb4,0xff,0xff,
  0x00,0x00,0x04,0x41,0xec,0xb4,0xff,0xff,0x00,0x00,0x04,0x41,0x6b,0xb5,0xff,0xff,
  0x00,0x00,0x04,0x41,0xeb,0xb5,0xff,0xff,0x00,0x00,0x04,0x41,0x6c,0xb6,0xff,0xff,
  0x00,0x00,0x04,0x41,0xee,0xb6,0xff,0xff,0x00,0x00,0x04,0x41,0x71,0xb7,0xff,0xff,
  0x00,0x00,0x04,0x41,0xf4,0xb7,0xff,0xff,0x00,0x00,0x04,0x41,0x79,0xb8,0xff,0xff,
  0x00,0x00,0x04,0x41,0xfe,0xb8,0xff,0xff,0x00,0x00,0x04,0x41,0x84,0xb9,0xff,0xff,
  0x00,0x00,0x04,0x41,0x0b,0xba,0xff,0xff,0x00,0x00,0x04,0x41,0x93,0xba,0xff,0xff,
  0x00,0x00,0x04,0x41,0x1c,0xbb,0xff,0xff,0x00,0x00,0x04,0x41,0xa6,0xbb,0xff,0xff,
  0x00,0x00,0x04,0x41,0x31,0xbc,0xff,0xff,0x00,0x00,0x04,0x41,0xbc,0xbc,0xff,0xff,
  0x00,0x00,0x04,0x41,0x48,0xbd,0xff,0xff,0x00,0x00,0x04,0x41,0xd6,0xbd,0xff,0xff,
  0x00,0x00,0x04,0x41,0x64,0xbe,0xff,0xff,0x00,0x00,0x04,0x41,0xf3,0xbe,0xff,0xff,
  0x00,0x00,0x04,0x41,0x82,0xbf,0xff,0xff,0x00,0x00,0x04,0x41,0x13,0xc0,0xff,0xff,
  0x00,0x00,0x04,0x41,0xa4,0xc0,0xff,0xff,0x00,0x00,0x04,0x41,0x37,0xc1,0xff,0xff,
  0x00,0x00,0x04,0x41,0xca,0xc1,0xff,0xff,0x00,0x00,0x04,0x41,0x5e,0xc2,0xff,0xff,
  0x00,0x00,0x04,0x41,0xf3,0xc2,0xff,0xff,0x00,0x00,0x04,0x41,0x89,0xc3,0xff,0xff,
  0x00,0x00,0x04,0x41,0x1f,0xc4,0xff,0xff,0x00,0x00,0x04,0x41,0xb7,0xc4,0xff,0xff,
  0x00,0x00,0x04,0x41,0x4f,0xc5,0xff,0xff,0x00,0x00,0x04,0x41,0xe8,0xc5,0xff,0xff,
  0x00,0x00,0x04,0x41,0x82,0xc6,0xff,0xff,0x00,0x00,0x04,0x41,0x1c,0xc7,0xff,0xff,
  0x00,0x00,0x04,0x41,0xb8,0xc7,0xff,0xff,0x00,0x00,0x04,0x41,0x54,0xc8,0xff,0xff,
  0x00,0x00,0x04,0x41,0xf1,0xc8,0xff,0xff,0x00,0x00,0x04,0x41,0x8f,0xc9,0xff,0xff,
  0x00,0x00,0x04,0x41,0x2e,0xca,0xff,0xff,0x00,0x00,0x04,0x41,0xcd,0xca,0xff,0xff,
  0x00,0x00,0x04,0x41,0x6e,0xcb,0xff,0xff,0x00,0x00,0x04,0x41,0x0f,0xcc,0xff,0xff,
  0x00,0x00,0x04,0x41,0xb1,0xcc,0xff,0xff,0x00,0x00,0x04,0x41,0x53,0xcd,0xff,0xff,
  0x00,0x00,0x04,0x41,0xf7,0xcd,0xff,0xff,0x00,0x00,0x04,0x41,0x9b,0xce,0xff,0xff,
  0x00,0x00,0x04,0x41,0x40,0xcf,0xff,0xff,0x00,0x00,0x04,0x41,0xe5,0xcf,0xff,0xff,
  0x00,0x00,0x04,0x41,0x8c,0xd0,0xff,0xff,0x00,0x00,0x04,0x41,0x33,0xd1,0xff,0xff,
  0x00,0x00,0x04,0x41,0xda,0xd1,0xff,0xff,0x00,0x00,0x04,0x41,0x83,0xd2,0xff,0xff,
  0x00,0x00,0x04,0x41,0x2c,0xd3,0xff,0xff,0x00,0x00,0x04,0x41,0xd6,0xd3,0xff,0xff,
  0x00,0x00,0x04,0x41,0x81,0xd4,0xff,0xff,0x00,0x00,0x04,0x41,0x2c,0xd5,0xff,0xff,
  0x00,0x00,0x04,0x41,0xd8,0xd5,0xff,0xff,0x00,0x00,0x04,0x41,0x85,0xd6,0xff,0xff,
  0x00,0x00,0x04,0x41,0x32,0xd7,0xff,0xff,0x00,0x00,0x04,0x41,0xe0,0xd7,0xff,0xff,
  0x00,0x00,0x04,0x41,0x8e,0xd8,0xff,0xff,0x00,0x00,0x04,0x41,0x3e,0xd9,0xff,0xff,
  0x00,0x00,0x04,0x41,0xed,0xd9,0xff,0xff,0x00,0x00,0x04,0x41,0x9e,0xda,0xff,0xff,
  0x00,0x00,0x04,0x41,0x4f,0xdb,0xff,0xff,0x00,0x00,0x04,0x41,0x01,0xdc,0xff,0xff,
  0x00,0x00,0x04,0x41,0xb3,0xdc,0xff,0xff,0x00,0x00,0x04,0x41,0x66,0xdd,0xff,0xff,
  0x00,0x00,0x04,0x41,0x19,0xde,0xff,0xff,0x00,0x00,0x04,0x41,0xcd,0xde,0xff,0xff,
  0x00,0x00,0x04,0x41,0x82,0xdf,0xff,0xff,0x00,0x00,0x04,0x41,0x37,0xe0,0xff,0xff,
  0x00,0x00,0x04,0x41,0xed,0xe0,0xff,0xff,0x00,0x00,0x04,0x41,0xa3,0xe1,0xff,0xff,
  0x00,0x00,0x04,0x41,0x59,0xe2,0xff,0xff,0x00,0x00,0x04,0x41,0x11,0xe3,0xff,0xff,
  0x00,0x00,0x04,0x41,0xc8,0xe3,0xff,0xff,0x00,0x00,0x04,0x41,0x80,0xe4,0xff,0xff,
  0x00,0x00,0x04,0x41,0x39,0xe5,0xff,0xff,0x00,0x00,0x04,0x41,0xf2,0xe5,0xff,0xff,
  0x00,0x00,0x04,0x41,0xab,0xe6,0xff,0xff,0x00,0x00,0x04,0x41,0x65,0xe7,0xff,0xff,
  0x00,0x00,0x04,0x41,0x20,0xe8,0xff,0xff,0x00,0x00,0x04,0x41,0xda,0xe8,0xff,0xff,
  0x00,0x00,0x04,0x41,0x96,0xe9,0xff,0xff,0x00,0x00,0x04,0x41,0x51,0xea,0xff,0xff,
  0x00,0x00,0x04,0x41,0x0d,0xeb,0xff,0xff,0x00,0x00,0x04,0x41,0xc9,0xeb,0xff,0xff,
  0x00,0x00,0x04,0x41,0x86,0xec,0xff,0xff,0x00,0x00,0x04,0x41,0x43,0xed,0xff,0xff,
  0x00,0x00,0x04,0x41,0x00,0xee,0xff,0xff,0x00,0x00,0x04,0x41,0xbe,0xee,0xff,0xff,
  0x00,0x00,0x04,0x41,0x7c,0xef,0xff,0xff,0x00,0x00,0x04,0x41,0x3a,0xf0,0xff,0xff,
  0x00,0x00,0x04,0x41,0xf8,0xf0,0xff,0xff,0x00,0x00,0x04,0x41,0xb7,0xf1,0xff,0xff,
  0x00,0x00,0x04,0x41,0x76,0xf2,0xff,0xff,0x00,0x00,0x04,0x41,0x35,0xf3,0xff,0xff,
  0x00,0x00,0x04,0x41,0xf5,0xf3,0xff,0xff,0x00,0x00,0x04,0x41,0xb4,0xf4,0xff,0xff,
  0x00,0x00,0x04,0x41,0x74,0xf5,0xff,0xff,0x00,0x00,0x04,0x41,0x34,0xf6,0xff,0xff,
  0x00,0x00,0x04,0x41,0xf5,0xf6,0xff,0xff,0x00,0x00,0x04,0x41,0xb5,0xf7,0xff,0xff,
  0x00,0x00,0x04,0x41,0x76,0xf8,0xff,0xff,0x00,0x00,0x04,0x41,0x36,0xf9,0xff,0xff,
  0x00,0x00,0x04,0x41,0xf7,0xf9,0xff,0xff,0x00,0x00,0x04,0x41,0xb8,0xfa,0xff,0xff,
  0x00,0x00,0x04,0x41,0x79,0xfb,0xff,0xff,0x00,0x00,0x04,0x41,0x3a,0xfc,0xff,0xff,
  0x00,0x00,0x04,0x41,0xfb,0xfc,0xff,0xff,0x00,0x00,0x04,0x41,0xbc,0xfd,0xff,0xff,
  0x00,0x00,0x04,0x41,0x7d,0xfe,0xff,0xff,0x00,0x00,0x04,0x41,0x3f,0xff,0xff,0xff,
  0x00,0x00,0x04,0x41,0x00,0x00,0x00,0x00,0x00,0x00,0x00,0x41,0x00,0x00,0x03,0x00,
  0x00,0x00,0x04,0x41,0x00,0x00,0x00,0x00,0x00,0x00,0x04,0x41,0xc1,0x00,0x00,0x00,
  0x00,0x00,0x04,0x41,0x83,0x01,0x00,0x00,0x00,0x00,0x04,0x41,0x44,0x02,0x00,0x00,
  0x00,0x00,0x04,0x41,0x05,0x03,0x00,0x00,0x00,0x00,0x04,0x41,0xc6,0x03,0x00,0x00,
  0x00,0x00,0x04,0x41,0x87,0x04,0x00,0x00,0x00,0x00,0x04,0x41,0x48,0x05,0x00,0x00,
  0x00,0x00,0x04,0x41,0x09,0x06,0x00,0x00,0x00,0x00,0x04,0x41,0xca,0x06,0x00,0x00,
  0x00,0x00,0x04,0x41,0x8b,0x07,0x00,0x00,0x00,0x00,0x04,0x41,0x4b,0x08,0x00,0x00,
  0x00,0x00,0x04,0x41,0x0b,0x09,0x00,0x00,0x00,0x00,0x04,0x41,0xcc,0x09,0x00,0x00,
  0x00,0x00,0x04,0x41,0x8c,0x0a,0x00,0x00,0x00,0x00,0x04,0x41,0x4c,0x0b,0x00,0x00,
  0x00,0x00,0x04,0x41,0x0b,0x0c,0x00,0x00,0x00,0x00,0x04,0x41,0xcb,0x0c,0x00,0x00,
  0x00,0x00,0x04,0x41,0x8a,0x0d,0x00,0x00,0x00,0x00,0x04,0x41,0x49,0x0e,0x00,0x00,
  0x00,0x00,0x04,0x41,0x08,0x0f,0x00,0x00,0x00,0x00,0x04,0x41,0xc6,0x0f,0x00,0x00,
  0x00,0x00,0x04,0x41,0x84,0x10,0x00,0x00,0x00,0x00,0x04,0x41,0x42,0x11,0x00,0x00,
  0x00,0x00,0x04,0x41,0x00,0x12,0x00,0x00,0x00,0x00,0x04,0x41,0xbd,0x12,0x00,0x00,
  0x00,0x00,0x04,0x41,0x7a,0x13,0x00,0x00,0x00,0x00,0x04,0x41,0x37,0x14,0x00,0x00,
  0x00,0x00,0x04,0x41,0xf3,0x14,0x00,0x00,0x00,0x00,0x04,0x41,0xaf,0x15,0x00,0x00,
  0x00,0x00,0x04,0x41,0x6a,0x16,0x00,0x00,0x00,0x00,0x04,0x41,0x26,0x17,0x00,0x00,
  0x00,0x00,0x04,0x41,0xe0,0x17,0x00,0x00,0x00,0x00,0x04,0x41,0x9b,0x18,0x00,0x00,
  0x00,0x00,0x04,0x41,0x55,0x19,0x00,0x00,0x00,0x00,0x04,0x41,0x0e,0x1a,0x00,0x00,
  0x00,0x00,0x04,0x41,0xc7,0x1a,0x00,0x00,0x00,0x00,0x04,0x41,0x80,0x1b,0x00,0x00,
  0x00,0x00,0x04,0x41,0x38,0x1c,0x00,0x00,0x00,0x00,0x04,0x41,0xef,0x1c,0x00,0x00,
  0x00,0x00,0x04,0x41,0xa7,0x1d,0x00,0x00,0x00,0x00,0x04,0x41,0x5d,0x1e,0x00,0x00,
  0x00,0x00,0x04,0x41,0x13,0x1f,0x00,0x00,0x00,0x00,0x04,0x41,0xc9,0x1f,0x00,0x00,
  0x00,0x00,0x04,0x41,0x7e,0x20,0x00,0x00,0x00,0x00,0x04,0x41,0x33,0x21,0x00,0x00,
  0x00,0x00,0x04,0x41,0xe7,0x21,0x00,0x00,0x00,0x00,0x04,0x41,0x9a,0x22,0x00,0x00,
  0x00,0x00,0x04,0x41,0x4d,0x23,0x00,0x00,0x00,0x00,0x04,0x41,0xff,0x23,0x00,0x00,
  0x00,0x00,0x04,0x41,0xb1,0x24,0x00,0x00,0x00,0x00,0x04,0x41,0x62,0x25,0x00,0x00,
  0x00,0x00,0x04,0x41,0x13,0x26,0x00,0x00,0x00,0x00,0x04,0x41,0xc2,0x26,0x00,0x00,
  0x00,0x00,0x04,0x41,0x72,0x27,0x00,0x00,0x00,0x00,0x04,0x41,0x20,0x28,0x00,0x00,
  0x00,0x00,0x04,0x41,0xce,0x28,0x00,0x00,0x00,0x00,0x04,0x41,0x7b,0x29,0x00,0x00,
  0x00,0x00,0x04,0x41,0x28,0x2a,0x00,0x00,0x00,0x00,0x04,0x41,0xd4,0x2a,0x00,0x00,
  0x00,0x00,0x04,0x41,0x7f,0x2b,0x00,0x00,0x00,0x00,0x04,0x41,0x2a,0x2c,0x00,0x00,
  0x00,0x00,0x04,0x41,0xd4,0x2c,0x00,0x00,0x00,0x00,0x04,0x41,0x7d,0x2d,0x00,0x00,
  0x00,0x00,0x04,0x41,0x26,0x2e,0x00,0x00,0x00,0x00,0x04,0x41,0xcd,0x2e,0x00,0x00,
  0x00,0x00,0x04,0x41,0x74,0x2f,0x00,0x00,0x00,0x00,0x04,0x41,0x1b,0x30,0x00,0x00,
  0x00,0x00,0x04,0x41,0xc0,0x30,0x00,0x00,0x00,0x00,0x04,0x41,0x65,0x31,0x00,0x00,
  0x00,0x00,0x04,0x41,0x09,0x32,0x00,0x00,0x00,0x00,0x04,0x41,0xad,0x32,0x00,0x00,
  0x00,0x00,0x04,0x41,0x4f,0x33,0x00,0x00,0x00,0x00,0x04,0x41,0xf1,0x33,0x00,0x00,
  0x00,0x00,0x04,0x41,0x92,0x34,0x00,0x00,0x00,0x00,0x04,0x41,0x33,0x35,0x00,0x00,
  0x00,0x00,0x04,0x41,0xd2,0x35,0x00,0x00,0x00,0x00,0x04,0x41,0x71,0x36,0x00,0x00,
  0x00,0x00,0x04,0x41,0x0f,0x37,0x00,0x00,0x00,0x00,0x04,0x41,0xac,0x37,0x00,0x00,
  0x00,0x00,0x04,0x41,0x48,0x38,0x00,0x00,0x00,0x00,0x04,0x41,0xe4,0x38,0x00,0x00,
  0x00,0x00,0x04,0x41,0x7e,0x39,0x00,0x00,0x00,0x00,0x04,0x41,0x18,0x3a,0x00,0x00,
  0x00,0x00,0x04,0x41,0xb1,0x3a,0x00,0x00,0x00,0x00,0x04,0x41,0x49,0x3b,0x00,0x00,
  0x00,0x00,0x04,0x41,0xe1,0x3b,0x00,0x00,0x00,0x00,0x04,0x41,0x77,0x3c,0x00,0x00,
  0x00,0x00,0x04,0x41,0x0d,0x3d,0x00,0x00,0x00,0x00,0x04,0x41,0xa2,0x3d,0x00,0x00,
  0x00,0x00,0x04,0x41,0x36,0x3e,0x00,0x00,0x00,0x00,0x04,0x41,0xc9,0x3e,0x00,0x00,
  0x00,0x00,0x04,0x41,0x5c,0x3f,0x00,0x00,0x00,0x00,0x04,0x41,0xed,0x3f,0x00,0x00,
  0x00,0x00,0x04,0x41,0x7e,0x40,0x00,0x00,0x00,0x00,0x04,0x41,0x0d,0x41,0x00,0x00,
  0x00,0x00,0x04,0x41,0x9c,0x41,0x00,0x00,0x00,0x00,0x04,0x41,0x2a,0x42,0x00,0x00,
  0x00,0x00,0x04,0x41,0xb8,0x42,0x00,0x00,0x00,0x00,0x04,0x41,0x44,0x43,0x00,0x00,
  0x00,0x00,0x04,0x41,0xcf,0x43,0x00,0x00,0x00,0x00,0x04,0x41,0x5a,0x44,0x00,0x00,
  0x00,0x00,0x04,0x41,0xe4,0x44,0x00,0x00,0x00,0x00,0x04,0x41,0x6d,0x45,0x00,0x00,
  0x00,0x00,0x04,0x41,0xf5,0x45,0x00,0x00,0x00,0x00,0x04,0x41,0x7c,0x46,0x00,0x00,
  0x00,0x00,0x04,0x41,0x02,0x47,0x00,0x00,0x00,0x00,0x04,0x41,0x87,0x47,0x00,0x00,
  0x00,0x00,0x04,0x41,0x0c,0x48,0x00,0x00,0x00,0x00,0x04,0x41,0x8f,0x48,0x00,0x00,
  0x00,0x00,0x04,0x41,0x12,0x49,0x00,0x00,0x00,0x00,0x04,0x41,0x94,0x49,0x00,0x00,
  0x00,0x00,0x04,0x41,0x15,0x4a,0x00,0x00,0x00,0x00,0x04,0x41,0x95,0x4a,0x00,0x00,
  0x00,0x00,0x04,0x41,0x14,0x4b,0x00,0x00,0x00,0x00,0x04,0x41,0x92,0x4b,0x00,0x00,
  0x00,0x00,0x04,0x41,0x10,0x4c,0x00,0x00,0x00,0x00,0x04,0x41,0x8d,0x4c,0x00,0x00,
  0x00,0x00,0x04,0x41,0x08,0x4d,0x00,0x00,0x00,0x00,0x04,0x41,0x83,0x4d,0x00,0x00,
  0x00,0x00,0x04,0x41,0xfd,0x4d,0x00,0x00,0x00,0x00,0x04,0x41,0x76,0x4e,0x00,0x00,
  0x00,0x00,0x04,0x41,0xee,0x4e,0x00,0x00,0x00,0x00,0x04,0x41,0x66,0x4f,0x00,0x00,
  0x00,0x00,0x04,0x41,0xdc,0x4f,0x00,0x00,0x00,0x00,0x04,0x41,0x52,0x50,0x00,0x00,
  0x00,0x00,0x04,0x41,0xc6,0x50,0x00,0x00,0x00,0x00,0x04,0x41,0x3a,0x51,0x00,0x00,
  0x00,0x00,0x04,0x41,0xad,0x51,0x00,0x00,0x00,0x00,0x04,0x41,0x1f,0x52,0x00,0x00,
  0x00,0x00,0x04,0x41,0x91,0x52,0x00,0x00,0x00,0x00,0x04,0x41,0x01,0x53,0x00,0x00,
  0x00,0x00,0x04,0x41,0x71,0x53,0x00,0x00,0x00,0x00,0x04,0x41,0xdf,0x53,0x00,0x00,
  0x00,0x00,0x04,0x41,0x4d,0x54,0x00,0x00,0x00,0x00,0x04,0x41,0xba,0x54,0x00,0x00,
  0x00,0x00,0x04,0x41,0x27,0x55,0x00,0x00,0x00,0x00,0x04,0x41,0x92,0x55,0x00,0x00,
  0x00,0x00,0x04,0x41,0xfc,0x55,0x00,0x00,0x00,0x00,0x04,0x41,0x66,0x56,0x00,0x00,
  0x00,0x00,0x04,0x41,0xcf,0x56,0x00,0x00,0x00,0x00,0x04,0x41,0x37,0x57,0x00,0x00,
  0x00,0x00,0x04,0x41,0x9e,0x57,0x00,0x00,0x00,0x00,0x04,0x41,0x04,0x58,0x00,0x00,
  0x00,0x00,0x04,0x41,0x6a,0x58,0x00,0x00,0x00,0x00,0x04,0x41,0xce,0x58,0x00,0x00,
  0x00,0x00,0x04,0x41,0x32,0x59,0x00,0x00,0x00,0x00,0x04,0x41,0x95,0x59,0x00,0x00,
  0x00,0x00,0x04,0x41,0xf7,0x59,0x00,0x00,0x00,0x00,0x04,0x41,0x59,0x5a,0x00,0x00,
  0x00,0x00,0x04,0x41,0xb9,0x5a,0x00,0x00,0x00,0x00,0x04,0x41,0x19,0x5b,0x00,0x00,
  0x00,0x00,0x04,0x41,0x78,0x5b,0x00,0x00,0x00,0x00,0x04,0x41,0xd6,0x5b,0x00,0x00,
  0x00,0x00,0x04,0x41,0x34,0x5c,0x00,0x00,0x00,0x00,0x04,0x41,0x90,0x5c,0x00,0x00,
  0x00,0x00,0x04,0x41,0xec,0x5c,0x00,0x00,0x00,0x00,0x04,0x41,0x47,0x5d,0x00,0x00,
  0x00,0x00,0x04,0x41,0xa1,0x5d,0x00,0x00,0x00,0x00,0x04,0x41,0xfb,0x5d,0x00,0x00,
  0x00,0x00,0x04,0x41,0x53,0x5e,0x00,0x00,0x00,0x00,0x04,0x41,0xab,0x5e,0x00,0x00,
  0x00,0x00,0x04,0x41,0x02,0x5f,0x00,0x00,0x00,0x00,0x04,0x41,0x59,0x5f,0x00,0x00,
  0x00,0x00,0x04,0x41,0xae,0x5f,0x00,0x00,0x00,0x00,0x04,0x41,0x03,0x60,0x00,0x00,
  0x00,0x00,0x04,0x41,0x58,0x60,0x00,0x00,0x00,0x00,0x04,0x41,0xab,0x60,0x00,0x00,
  0x00,0x00,0x04,0x41,0xfe,0x60,0x00,0x00,0x00,0x00,0x04,0x41,0x50,0x61,0x00,0x00,
  0x00,0x00,0x04,0x41,0xa1,0x61,0x00,0x00,0x00,0x00,0x04,0x41,0xf1,0x61,0x00,0x00,
  0x00,0x00,0x04,0x41,0x41,0x62,0x00,0x00,0x00,0x00,0x04,0x41,0x90,0x62,0x00,0x00,
  0x00,0x00,0x04,0x41,0xde,0x62,0x00,0x00,0x00,0x00,0x04,0x41,0x2c,0x63,0x00,0x00,
  0x00,0x00,0x04,0x41,0x79,0x63,0x00,0x00,0x00,0x00,0x04,0x41,0xc5,0x63,0x00,0x00,
  0x00,0x00,0x04,0x41,0x10,0x64,0x00,0x00,0x00,0x00,0x04,0x41,0x5b,0x64,0x00,0x00,
  0x00,0x00,0x04,0x41,0xa5,0x64,0x00,0x00,0x00,0x00,0x04,0x41,0xef,0x64,0x00,0x00,
  0x00,0x00,0x04,0x41,0x38,0x65,0x00,0x00,0x00,0x00,0x04,0x41,0x80,0x65,0x00,0x00,
  0x00,0x00,0x04,0x41,0xc7,0x65,0x00,0x00,0x00,0x00,0x04,0x41,0x0e,0x66,0x00,0x00,
  0x00,0x00,0x04,0x41,0x54,0x66,0x00,0x00,0x00,0x00,0x04,0x41,0x99,0x66,0x00,0x00,
  0x00,0x00,0x04,0x41,0xde,0x66,0x00,0x00,0x00,0x00,0x04,0x41,0x22,0x67,0x00,0x00,
  0x00,0x00,0x04,0x41,0x66,0x67,0x00,0x00,0x00,0x00,0x04,0x41,0xa8,0x67,0x00,0x00,
  0x00,0x00,0x04,0x41,0xeb,0x67,0x00,0x00,0x00,0x00,0x04,0x41,0x2c,0x68,0x00,0x00,
  0x00,0x00,0x04,0x41,0x6d,0x68,0x00,0x00,0x00,0x00,0x04,0x41,0xad,0x68,0x00,0x00,
  0x00,0x00,0x04,0x41,0xed,0x68,0x00,0x00,0x00,0x00,0x04,0x41,0x2c,0x69,0x00,0x00,
  0x00,0x00,0x04,0x41,0x6b,0x69,0x00,0x00,0x00,0x00,0x04,0x41,0xa9,0x69,0x00,0x00,
  0x00,0x00,0x04,0x41,0xe6,0x69,0x00,0x00,0x00,0x00,0x04,0x41,0x23,0x6a,0x00,0x00,
  0x00,0x00,0x04,0x41,0x5f,0x6a,0x00,0x00,0x00,0x00,0x04,0x41,0x9a,0x6a,0x00,0x00,
  0x00,0x00,0x04,0x41,0xd5,0x6a,0x00,0x00,0x00,0x00,0x04,0x41,0x0f,0x6b,0x00,0x00,
  0x00,0x00,0x04,0x41,0x49,0x6b,0x00,0x00,0x00,0x00,0x04,0x41,0x82,0x6b,0x00,0x00,
  0x00,0x00,0x04,0x41,0xbb,0x6b,0x00,0x00,0x00,0x00,0x04,0x41,0xf3,0x6b,0x00,0x00,
  0x00,0x00,0x04,0x41,0x2b,0x6c,0x00,0x00,0x00,0x00,0x04,0x41,0x62,0x6c,0x00,0x00,
  0x00,0x00,0x04,0x41,0x98,0x6c,0x00,0x00,0x00,0x00,0x04,0x41,0xce,0x6c,0x00,0x00,
  0x00,0x00,0x04,0x41,0x03,0x6d,0x00,0x00,0x00,0x00,0x04,0x41,0x38,0x6d,0x00,0x00,
  0x00,0x00,0x04,0x41,0x6c,0x6d,0x00,0x00,0x00,0x00,0x04,0x41,0xa0,0x6d,0x00,0x00,
  0x00,0x00,0x04,0x41,0xd3,0x6d,0x00,0x00,0x00,0x00,0x04,0x41,0x06,0x6e,0x00,0x00,
  0x00,0x00,0x04,0x41,0x38,0x6e,0x00,0x00,0x00,0x00,0x04,0x41,0x6a,0x6e,0x00,0x00,
  0x00,0x00,0x04,0x41,0x9b,0x6e,0x00,0x00,0x00,0x00,0x04,0x41,0xcc,0x6e,0x00,0x00,
  0x00,0x00,0x04,0x41,0xfc,0x6e,0x00,0x00,0x00,0x00,0x04,0x41,0x2c,0x6f,0x00,0x00,
  0x00,0x00,0x04,0x41,0x5b,0x6f,0x00,0x00,0x00,0x00,0x04,0x41,0x8a,0x6f,0x00,0x00,
  0x00,0x00,0x04,0x41,0xb8,0x6f,0x00,0x00,0x00,0x00,0x04,0x41,0xe6,0x6f,0x00,0x00,
  0x00,0x00,0x04,0x41,0x13,0x70,0x00,0x00,0x00,0x00,0x04,0x41,0x40,0x70,0x00,0x00,
  0x00,0x00,0x04,0x41,0x6c,0x70,0x00,0x00,0x00,0x00,0x04,0x41,0x98,0x70,0x00,0x00,
  0x00,0x00,0x04,0x41,0xc4,0x70,0x00,0x00,0x00,0x00,0x04,0x41,0xef,0x70,0x00,0x00,
  0x00,0x00,0x04,0x41,0x19,0x71,0x00,0x00,0x00,0x00,0x04,0x41,0x44,0x71,0x00,0x00,
  0x00,0x00,0x04,0x41,0x6d,0x71,0x00,0x00,0x00,0x00,0x04,0x41,0x97,0x71,0x00,0x00,
  0x00,0x00,0x04,0x41,0xbf,0x71,0x00,0x00,0x00,0x00,0x04,0x41,0xe8,0x71,0x00,0x00,
  0x00,0x00,0x04,0x41,0x10,0x72,0x00,0x00,0x00,0x00,0x04,0x41,0x37,0x72,0x00,0x00,
  0x00,0x00,0x04,0x41,0x5f,0x72,0x00,0x00,0x00,0x00,0x04,0x41,0x85,0x72,0x00,0x00,
  0x00,0x00,0x04,0x41,0xac,0x72,0x00,0x00,0x00,0x00,0x04,0x41,0xd2,0x72,0x00,0x00,
  0x00,0x00,0x04,0x41,0xf7,0x72,0x00,0x00,0x00,0x00,0x04,0x41,0x1c,0x73,0x00,0x00,
  0x00,0x00,0x04,0x41,0x41,0x73,0x00,0x00,0x00,0x00,0x04,0x41,0x66,0x73,0x00,0x00,
  0x00,0x00,0x04,0x41,0x8a,0x73,0x00,0x00,0x00,0x00,0x04,0x41,0xad,0x73,0x00,0x00,
  0x00,0x00,0x04,0x41,0xd0,0x73,0x00,0x00,0x00,0x00,0x04,0x41,0xf3,0x73,0x00,0x00,
  0x00,0x00,0x04,0x41,0x16,0x74,0x00,0x00,0x00,0x00,0x04,0x41,0x38,0x74,0x00,0x00,
  0x00,0x00,0x04,0x41,0x5a,0x74,0x00,0x00,0x00,0x00,0x04,0x41,0x7b,0x74,0x00,0x00,
  0x00,0x00,0x04,0x41,0x9c,0x74,0x00,0x00,0x00,0x00,0x04,0x41,0xbd,0x74,0x00,0x00,
  0x00,0x00,0x04,0x41,0xdd,0x74,0x00,0x00,0x00,0x00,0x04,0x41,0xfd,0x74,0x00,0x00,
  0x00,0x00,0x04,0x41,0x1d,0x75,0x00,0x00,0x00,0x00,0x04,0x41,0x3c,0x75,0x00,0x00,
  0x00,0x00,0x04,0x41,0x5b,0x75,0x00,0x00,0x00,0x00,0x04,0x41,0x7a,0x75,0x00,0x00,
  0x00,0x00,0x04,0x41,0x98,0x75,0x00,0x00,0x00,0x00,0x04,0x41,0xb6,0x75,0x00,0x00,
  0x00,0x00,0x04,0x41,0xd3,0x75,0x00,0x00,0x00,0x00,0x04,0x41,0xf1,0x75,0x00,0x00,
  0x00,0x00,0x04,0x41,0x0e,0x76,0x00,0x00,0x00,0x00,0x04,0x41,0x2b,0x76,0x00,0x00,
  0x00,0x00,0x04,0x41,0x47,0x76,0x00,0x00,0x00,0x00,0x04,0x41,0x63,0x76,0x00,0x00,
  0x00,0x00,0x04,0x41,0x7f,0x76,0x00,0x00,0x00,0x00,0x04,0x41,0x9a,0x76,0x00,0x00,
  0x00,0x00,0x04,0x41,0xb5,0x76,0x00,0x00,0x00,0x00,0x04,0x41,0xd0,0x76,0x00,0x00,
  0x00,0x00,0x04,0x41,0xeb,0x76,0x00,0x00,0x00,0x00,0x04,0x41,0x05,0x77,0x00,0x00,
  0x00,0x00,0x04,0x41,0x1f,0x77,0x00,0x00,0x00,0x00,0x04,0x41,0x39,0x77,0x00,0x00,
  0x00,0x00,0x04,0x41,0x52,0x77,0x00,0x00,0x00,0x00,0x04,0x41,0x6c,0x77,0x00,0x00,
  0x00,0x00,0x04,0x41,0x84,0x77,0x00,0x00,0x00,0x00,0x04,0x41,0x9d,0x77,0x00,0x00,
  0x00,0x00,0x04,0x41,0xb5,0x77,0x00,0x00,0x00,0x00,0x04,0x41,0xce,0x77,0x00,0x00,
  0x00,0x00,0x04,0x41,0xe5,0x77,0x00,0x00,0x00,0x00,0x04,0x41,0xfd,0x77,0x00,0x00,
  0x00,0x00,0x04,0x41,0x14,0x78,0x00,0x00,0x00,0x00,0x04,0x41,0x2b,0x78,0x00,0x00,
  0x00,0x00,0x04,0x41,0x42,0x78,0x00,0x00,0x00,0x00,0x04,0x41,0x59,0x78,0x00,0x00,
  0x00,0x00,0x04,0x41,0x6f,0x78,0x00,0x00,0x00,0x00,0x04,0x41,0x85,0x78,0x00,0x00,
  0x00,0x00,0x04,0x41,0x9b,0x78,0x00,0x00,0x00,0x00,0x04,0x41,0xb0,0x78,0x00,0x00,
  0x00,0x00,0x04,0x41,0xc6,0x78,0x00,0x00,0x00,0x00,0x04,0x41,0xdb,0x78,0x00,0x00,
  0x00,0x00,0x04,0x41,0xf0,0x78,0x00,0x00,0x00,0x00,0x04,0x41,0x04,0x79,0x00,0x00,
  0x00,0x00,0x04,0x41,0x19,0x79,0x00,0x00,0x00,0x00,0x04,0x41,0x2d,0x79,0x00,0x00,
  0x00,0x00,0x04,0x41,0x41,0x79,0x00,0x00,0x00,0x00,0x04,0x41,0x54,0x79,0x00,0x00,
  0x00,0x00,0x04,0x41,0x68,0x79,0x00,0x00,0x00,0x00,0x04,0x41,0x7b,0x79,0x00,0x00,
  0x00,0x00,0x04,0x41,0x8e,0x79,0x00,0x00,0x00,0x00,0x04,0x41,0xa1,0x79,0x00,0x00,
  0x00,0x00,0x04,0x41,0xb4,0x79,0x00,0x00,0x00,0x00,0x04,0x41,0xc6,0x79,0x00,0x00,
  0x00,0x00,0x04,0x41,0xd8,0x79,0x00,0x00,0x00,0x00,0x04,0x41,0xea,0x79,0x00,0x00,
  0x00,0x00,0x04,0x41,0xfc,0x79,0x00,0x00,0x00,0x00,0x04,0x41,0x0e,0x7a,0x00,0x00,
  0x00,0x00,0x04,0x41,0x1f,0x7a,0x00,0x00,0x00,0x00,0x04,0x41,0x31,0x7a,0x00,0x00,
  0x00,0x00,0x04,0x41,0x42,0x7a,0x00,0x00,0x00,0x00,0x04,0x41,0x52,0x7a,0x00,0x00,
  0x00,0x00,0x04,0x41,0x63,0x7a,0x00,0x00,0x00,0x00,0x04,0x41,0x74,0x7a,0x00,0x00,
  0x00,0x00,0x04,0x41,0x84,0x7a,0x00,0x00,0x00,0x00,0x04,0x41,0x94,0x7a,0x00,0x00,
  0x00,0x00,0x04,0x41,0xa4,0x7a,0x00,0x00,0x00,0x00,0x04,0x41,0xb4,0x7a,0x00,0x00,
  0x00,0x00,0x04,0x41,0xc3,0x7a,0x00,0x00,0x00,0x00,0x04,0x41,0xd3,0x7a,0x00,0x00,
  0x00,0x00,0x04,0x41,0xe2,0x7a,0x00,0x00,0x00,0x00,0x04,0x41,0xf1,0x7a,0x00,0x00,
  0x00,0x00,0x04,0x41,0x00,0x7b,0x00,0x00,0x00,0x00,0x04,0x41,0x0e,0x7b,0x00,0x00,
  0x00,0x00,0x04,0x41,0x1d,0x7b,0x00,0x00,0x00,0x00,0x04,0x41,0x2b,0x7b,0x00,0x00,
  0x00,0x00,0x04,0x41,0x3a,0x7b,0x00,0x00,0x00,0x00,0x04,0x41,0x48,0x7b,0x00,0x00,
  0x00,0x00,0x04,0x41,0x56,0x7b,0x00,0x00,0x00,0x00,0x04,0x41,0x63,0x7b,0x00,0x00,
  0x00,0x00,0x04,0x41,0x71,0x7b,0x00,0x00,0x00,0x00,0x04,0x41,0x7e,0x7b,0x00,0x00,
  0x00,0x00,0x04,0x41,0x8c,0x7b,0x00,0x00,0x00,0x00,0x04,0x41,0x99,0x7b,0x00,0x00,
  0x00,0x00,0x04,0x41,0xa6,0x7b,0x00,0x00,0x00,0x00,0x04,0x41,0xb3,0x7b,0x00,0x00,
  0x00,0x00,0x04,0x41,0xbf,0x7b,0x00,0x00,0x00,0x00,0x04,0x41,0xcc,0x7b,0x00,0x00,
  0x00,0x00,0x04,0x41,0xd8,0x7b,0x00,0x00,0x00,0x00,0x04,0x41,0xe4,0x7b,0x00,0x00,
  0x00,0x00,0x04,0x41,0xf1,0x7b,0x00,0x00,0x00,0x00,0x04,0x41,0xfd,0x7b,0x00,0x00,
  0x00,0x00,0x04,0x41,0x08,0x7c,0x00,0x00,0x00,0x00,0x04,0x41,0x14,0x7c,0x00,0x00,
  0x00,0x00,0x04,0x41,0x20,0x7c,0x00,0x00,0x00,0x00,0x04,0x41,0x2b,0x7c,0x00,0x00,
  0x00,0x00,0x04,0x41,0x36,0x7c,0x00,0x00,0x00,0x00,0x04,0x41,0x42,0x7c,0x00,0x00,
  0x00,0x00,0x04,0x41,0x4d,0x7c,0x00,0x00,0x00,0x00,0x04,0x41,0x58,0x7c,0x00,0x00,
  0x00,0x00,0x04,0x41,0x63,0x7c,0x00,0x00,0x00,0x00,0x04,0x41,0x6d,0x7c,0x00,0x00,
  0x00,0x00,0x04,0x41,0x78,0x7c,0x00,0x00,0x00,0x00,0x04,0x41,0x82,0x7c,0x00,0x00,
  0x00,0x00,0x04,0x41,0x8d,0x7c,0x00,0x00,0x00,0x00,0x04,0x41,0x97,0x7c,0x00,0x00,
  0x00,0x00,0x04,0x41,0xa1,0x7c,0x00,0x00,0x00,0x00,0x04,0x41,0xab,0x7c,0x00,0x00,
  0x00,0x00,0x04,0x41,0xb5,0x7c,0x00,0x00,0x00,0x00,0x04,0x41,0xbe,0x7c,0x00,0x00,
  0x00,0x00,0x04,0x41,0xc8,0x7c,0x00,0x00,0x00,0x00,0x04,0x41,0xd2,0x7c,0x00,0x00,
  0x00,0x00,0x04,0x41,0xdb,0x7c,0x00,0x00,0x00,0x00,0x04,0x41,0xe4,0x7c,0x00,0x00,
  0x00,0x00,0x04,0x41,0xee,0x7c,0x00,0x00,0x00,0x00,0x04,0x41,0xf7,0x7c,0x00,0x00,
  0x00,0x00,0x04,0x41,0x00,0x7d,0x00,0x00,0x00,0x00,0x04,0x41,0x09,0x7d,0x00,0x00,
  0x00,0x00,0x04,0x41,0x11,0x7d,0x00,0x00,0x00,0x00,0x04,0x41,0x1a,0x7d,0x00,0x00,
  0x00,0x00,0x04,0x41,0x23,0x7d,0x00,0x00,0x00,0x00,0x04,0x41,0x2b,0x7d,0x00,0x00,
  0x00,0x00,0x04,0x41,0x34,0x7d,0x00,0x00,0x00,0x00,0x04,0x41,0x3c,0x7d,0x00,0x00,
  0x00,0x00,0x04,0x41,0x44,0x7d,0x00,0x00,0x00,0x00,0x04,0x41,0x4c,0x7d,0x00,0x00,
  0x00,0x00,0x04,0x41,0x54,0x7d,0x00,0x00,0x00,0x00,0x04,0x41,0x5c,0x7d,0x00,0x00,
  0x00,0x00,0x04,0x41,0x64,0x7d,0x00,0x00,0x00,0x00,0x04,0x41,0x6c,0x7d,0x00,0x00,
  0x00,0x00,0x04,0x41,0x73,0x7d,0x00,0x00,0x00,0x00,0x04,0x41,0x7b,0x7d,0x00,0x00,
  0x00,0x00,0x04,0x41,0x82,0x7d,0x00,0x00,0x00,0x00,0x04,0x41,0x8a,0x7d,0x00,0x00,
  0x00,0x00,0x04,0x41,0x91,0x7d,0x00,0x00,0x00,0x00,0x04,0x41,0x98,0x7d,0x00,0x00,
  0x00,0x00,0x04,0x41,0x9f,0x7d,0x00,0x00,0x00,0x00,0x04,0x41,0xa6,0x7d,0x00,0x00,
  0x00,0x00,0x04,0x41,0xad,0x7d,0x00,0x00,0x00,0x00,0x04,0x41,0xb4,0x7d,0x00,0x00,
  0x00,0x00,0x04,0x41,0xbb,0x7d,0x00,0x00,0x00,0x00,0x04,0x41,0xc2,0x7d,0x00,0x00,
  0x00,0x00,0x04,0x41,0xc9,0x7d,0x00,0x00,0x00,0x00,0x04,0x41,0xcf,0x7d,0x00,0x00,
  0x00,0x00,0x04,0x41,0xd6,0x7d,0x00,0x00,0x00,0x00,0x04,0x41,0xdc,0x7d,0x00,0x00,
  0x00,0x00,0x04,0x41,0xe2,0x7d,0x00,0x00,0x00,0x00,0x04,0x41,0xe9,0x7d,0x00,0x00,
  0x00,0x00,0x04,0x41,0xef,0x7d,0x00,0x00,0x00,0x00,0x04,0x41,0xf5,0x7d,0x00,0x00,
  0x00,0x00,0x04,0x41,0xfb,0x7d,0x00,0x00,0x00,0x00,0x04,0x41,0x01,0x7e,0x00,0x00,
  0x00,0x00,0x04,0x41,0x07,0x7e,0x00,0x00,0x00,0x00,0x04,0x41,0x0d,0x7e,0x00,0x00,
  0x00,0x00,0x04,0x41,0x13,0x7e,0x00,0x00,0x00,0x00,0x04,0x41,0x19,0x7e,0x00,0x00,
  0x00,0x00,0x04,0x41,0x1e,0x7e,0x00,0x00,0x00,0x00,0x04,0x41,0x24,0x7e,0x00,0x00,
  0x00,0x00,0x04,0x41,0x29,0x7e,0x00,0x00,0x00,0x00,0x04,0x41,0x2f,0x7e,0x00,0x00,
  0x00,0x00,0x04,0x41,0x34,0x7e,0x00,0x00,0x00,0x00,0x04,0x41,0x3a,0x7e,0x00,0x00,
  0x00,0x00,0x04,0x41,0x3f,0x7e,0x00,0x00,0x00,0x00,0x04,0x41,0x44,0x7e,0x00,0x00,
  0x00,0x00,0x04,0x41,0x49,0x7e,0x00,0x00,0x00,0x00,0x04,0x41,0x4e,0x7e,0x00,0x00,
  0x00,0x00,0x04,0x41,0x53,0x7e,0x00,0x00,0x00,0x00,0x04,0x41,0x58,0x7e,0x00,0x00,
  0x00,0x00,0x04,0x41,0x5d,0x7e,0x00,0x00,0x00,0x00,0x04,0x41,0x62,0x7e,0x00,0x00,
  0x00,0x00,0x04,0x41,0x67,0x7e,0x00,0x00,0x00,0x00,0x04,0x41,0x6c,0x7e,0x00,0x00,
  0x00,0x00,0x04,0x41,0x70,0x7e,0x00,0x00,0x00,0x00,0x04,0x41,0x75,0x7e,0x00,0x00,
  0x00,0x00,0x04,0x41,0x7a,0x7e,0x00,0x00,0x00,0x00,0x04,0x41,0x7e,0x7e,0x00,0x00,
  0x00,0x00,0x04,0x41,0x83,0x7e,0x00,0x00,0x00,0x00,0x04,0x41,0x87,0x7e,0x00,0x00,
  0x00,0x00,0x04,0x41,0x8b,0x7e,0x00,0x00,0x00,0x00,0x04,0x41,0x90,0x7e,0x00,0x00,
  0x00,0x00,0x04,0x41,0x94,0x7e,0x00,0x00,0x00,0x00,0x04,0x41,0x98,0x7e,0x00,0x00,
  0x00,0x00,0x04,0x41,0x9d,0x7e,0x00,0x00,0x00,0x00,0x04,0x41,0xa1,0x7e,0x00,0x00,
  0x00,0x00,0x04,0x41,0xa5,0x7e,0x00,0x00,0x00,0x00,0x04,0x41,0xa9,0x7e,0x00,0x00,
  0x00,0x00,0x04,0x41,0xad,0x7e,0x00,0x00,0x00,0x00,0x04,0x41,0xb1,0x7e,0x00,0x00,
  0x00,0x00,0x04,0x41,0xb5,0x7e,0x00,0x00,0x00,0x00,0x04,0x41,0xb8,0x7e,0x00,0x00,
  0x00,0x00,0x04,0x41,0xbc,0x7e,0x00,0x00,0x00,0x00,0x04,0x41,0xc0,0x7e,0x00,0x00,
  0x00,0x00,0x04,0x41,0xc4,0x7e,0x00,0x00,0x00,0x00,0x04,0x41,0xc7,0x7e,0x00,0x00,
  0x00,0x00,0x04,0x41,0xcb,0x7e,0x00,0x00,0x00,0x00,0x04,0x41,0xcf,0x7e,0x00,0x00,
  0x00,0x00,0x04,0x41,0xd2,0x7e,0x00,0x00,0x00,0x00,0x04,0x41,0xd6,0x7e,0x00,0x00,
  0x00,0x00,0x04,0x41,0xd9,0x7e,0x00,0x00,0x00,0x00,0x04,0x41,0xdd,0x7e,0x00,0x00,
  0x00,0x00,0x04,0x41,0xe0,0x7e,0x00,0x00,0x00,0x00,0x04,0x41,0xe3,0x7e,0x00,0x00,
  0x00,0x00,0x04,0x41,0xe7,0x7e,0x00,0x00,0x00,0x00,0x04,0x41,0xea,0x7e,0x00,0x00,
  0x00,0x00,0x04,0x41,0xed,0x7e,0x00,0x00,0x00,0x00,0x04,0x41,0xf0,0x7e,0x00,0x00,
  0x00,0x00,0x04,0x41,0xf4,0x7e,0x00,0x00,0x00,0x00,0x04,0x41,0xf7,0x7e,0x00,0x00,
  0x00,0x00,0x04,0x41,0xfa,0x7e,0x00,0x00,0x00,0x00,0x04,0x41,0xfd,0x7e,0x00,0x00,
  0x00,0x00,0x04,0x41,0x00,0x7f,0x00,0x00,0x00,0x00,0x04,0x41,0x03,0x7f,0x00,0x00,
  0x00,0x00,0x04,0x41,0x06,0x7f,0x00,0x00,0x00,0x00,0x04,0x41,0x09,0x7f,0x00,0x00,
  0x00,0x00,0x04,0x41,0x0c,0x7f,0x00,0x00,0x00,0x00,0x04,0x41,0x0e,0x7f,0x00,0x00,
  0x00,0x00,0x04,0x41,0x11,0x7f,0x00,0x00,0x00,0x00,0x04,0x41,0x14,0x7f,0x00,0x00,
  0x00,0x00,0x04,0x41,0x17,0x7f,0x00,0x00,0x00,0x00,0x04,0x41,0x19,0x7f,0x00,0x00,
  0x00,0x00,0x04,0x41,0x1c,0x7f,0x00,0x00,0x00,0x00,0x04,0x41,0x1f,0x7f,0x00,0x00,
  0x00,0x00,0x04,0x41,0x21,0x7f,0x00,0x00,0x00,0x00,0x04,0x41,0x24,0x7f,0x00,0x00,
  0x00,0x00,0x04,0x41,0x27,0x7f,0x00,0x00,0x00,0x00,0x04,0x41,0x29,0x7f,0x00,0x00,
  0x00,0x00,0x04,0x41,0x2c,0x7f,0x00,0x00,0x00,0x00,0x04,0x41,0x2e,0x7f,0x00,0x00,
  0x00,0x00,0x04,0x41,0x31,0x7f,0x00,0x00,0x00,0x00,0x04,0x41,0x33,0x7f,0x00,0x00,
  0x00,0x00,0x04,0x41,0x35,0x7f,0x00,0x00,0x00,0x00,0x04,0x41,0x38,0x7f,0x00,0x00,
  0x00,0x00,0x04,0x41,0x3a,0x7f,0x00,0x00,0x00,0x00,0x04,0x41,0x3c,0x7f,0x00,0x00,
  0x00,0x00,0x04,0x41,0x3f,0x7f,0x00,0x00,0x00,0x00,0x04,0x41,0x41,0x7f,0x00,0x00,
  0x00,0x00,0x04,0x41,0x43,0x7f,0x00,0x00,0x00,0x00,0x04,0x41,0x45,0x7f,0x00,0x00,
  0x00,0x00,0x04,0x41,0x47,0x7f,0x00,0x00,0x00,0x00,0x04,0x41,0x4a,0x7f,0x00,0x00,
  0x00,0x00,0x04,0x41,0x4c,0x7f,0x00,0x00,0x00,0x00,0x04,0x41,0x4e,0x7f,0x00,0x00,
  0x00,0x00,0x04,0x41,0x50,0x7f,0x00,0x00,0x00,0x00,0x04,0x41,0x52,0x7f,0x00,0x00,
  0x00,0x00,0x04,0x41,0x54,0x7f,0x00,0x00,0x00,0x00,0x04,0x41,0x56,0x7f,0x00,0x00,
  0x00,0x00,0x04,0x41,0x58,0x7f,0x00,0x00,0x00,0x00,0x04,0x41,0x5a,0x7f,0x00,0x00,
  0x00,0x00,0x04,0x41,0x5c,0x7f,0x00,0x00,0x00,0x00,0x04,0x41,0x5e,0x7f,0x00,0x00,
  0x00,0x00,0x04,0x41,0x60,0x7f,0x00,0x00,0x00,0x00,0x04,0x41,0x61,0x7f,0x00,0x00,
  0x00,0x00,0x04,0x41,0x63,0x7f,0x00,0x00,0x00,0x00,0x00,0x00,0x00,0x00,0x00,0x00,
  0x00,0x00,0x00,0x00,0x00,0x00,0x00,0x00,0x00,0x00,0x00,0x00,0x00,0x00,0x00,0x00,
  0x00,0x00,0x00,0x00,0x00,0x00,0x00,0x00,0x00,0x00,0x00,0x00,0x00,0x00,0x00,0x00,
  0x00,0x00,0x00,0x00,0x00,0x00,0x00,0x00,0x00,0x00,0x00,0x00,0x00,0x00,0x00,0x00,
  0x01,0x00,0x00,0x00,0x00,0x00,0x00,0x00,0x40,0x00,0x00,0x00,0x00,0x00,0x00,0x00,
  0x01,0x00,0x00,0x00,0x00,0x00,0x00,0x00,0x00,0x03,0x00,0x00,0x00,0x00,0x00,0x00,
  0x00,0x00,0x00,0x00,0x00,0x00,0x00,0x00,0x00,0x00,0x00,0x00,0x00,0x00,0x00,0x00,
  0x00,0x00,0x00,0x00,0x00,0x00,0x00,0x00,0x00,0x00,0x00,0x00,0x00,0x00,0x00,0x00,
  0x01,0x00,0x00,0x00,0x00,0x00,0x00,0x00,0x40,0x00,0x00,0x00,0x00,0x00,0x00,0x00,
  0x00,0x03,0x00,0x00,0x00,0x00,0x00,0x00,0x00,0x00,0x00,0x00,0x00,0x00,0x00,0x00,
  0x00,0x00,0x00,0x00,0x00,0x00,0x00,0x00,0x00,0x00,0x00,0x00,0x00,0x00,0x00,0x00,
  0x00,0x00,0x00,0x00,0x00,0x00,0x00,0x00,0x00,0x00,0x00,0x00,0x00,0x00,0x00,0x00,
  0x04,0x40,0x0e,0x00,0x00,0x00,0x01,0x10,0x04,0x50,0x0e,0x00,0x00,0x00,0x01,0x20,
  0x0c,0x40,0xe5,0x01,0x00,0x00,0x01,0x10,0x10,0x40,0x02,0x00,0x00,0x48,0x01,0x10,
  0x14,0x40,0x00,0x00,0x00,0x00,0x01,0x10,0x20,0x40,0x00,0xa0,0xfc,0xff,0x01,0x10,
  0x24,0x40,0x00,0x08,0x00,0x00,0x01,0x10,0x30,0x40,0x0f,0x00,0x00,0x00,0x01,0x10,
  0x34,0x40,0x07,0x00,0x00,0x00,0x01,0x10,0x38,0x40,0x00,0x00,0x00,0x00,0x01,0x10,
  0x3c,0x40,0x7f,0x01,0x7f,0x01,0x01,0x10,0x40,0x40,0x53,0x00,0x00,0x00,0x01,0x10,
  0x44,0x40,0x00,0x00,0x00,0x00,0x01,0x10,0x48,0x40,0x00,0x00,0x00,0x00,0x01,0x10,
  0x4c,0x40,0x00,0x00,0x00,0x00,0x01,0x10,0x50,0x40,0x02,0x00,0x00,0x00,0x01,0x10,
  0x54,0x40,0x00,0x00,0x00,0x00,0x01,0x10,0x58,0x40,0x7f,0x01,0x00,0x00,0x01,0x10,
  0x5c,0x40,0x0f,0x00,0x07,0x00,0x01,0x10,0x60,0x40,0x53,0x00,0x00,0x00,0x01,0x10,
  0x64,0x40,0x00,0x00,0x00,0x00,0x01,0x10,0x68,0x40,0x00,0x00,0x00,0x00,0x01,0x10,
  0x6c,0x40,0x00,0x00,0x00,0x00,0x01,0x10,0x70,0x40,0x83,0x03,0x00,0x00,0x01,0x10,
  0x74,0x40,0x00,0x00,0x00,0x00,0x01,0x10,0x78,0x40,0x01,0x00,0x00,0x00,0x01,0x10,
  0x7c,0x40,0x00,0x00,0x00,0x00,0x01,0x10,0x80,0x40,0x00,0x00,0x00,0x00,0x01,0x10,
  0x84,0x40,0x01,0x00,0x01,0x00,0x01,0x10,0x88,0x40,0x00,0x00,0x00,0x00,0x01,0x10,
  0x90,0x40,0x00,0x00,0x00,0x00,0x01,0x10,0x94,0x40,0x00,0x00,0x00,0x00,0x01,0x10,
  0x98,0x40,0x00,0x00,0x00,0x00,0x01,0x10,0x9c,0x40,0x00,0x00,0x00,0x00,0x01,0x10,
  0xa0,0x40,0x00,0x00,0x00,0x00,0x01,0x10,0xa4,0x40,0x00,0x00,0x00,0x00,0x01,0x10,
  0xa8,0x40,0x00,0x00,0x00,0x00,0x01,0x10,0xac,0x40,0x00,0x00,0x00,0x00,0x01,0x10,
  0xc0,0x40,0x00,0x08,0x00,0x00,0x01,0x10,0xc4,0x40,0x00,0x00,0x00,0x00,0x01,0x10,
  0x00,0x41,0x00,0x00,0x00,0x00,0x01,0x10,0x04,0x41,0x00,0x00,0x00,0x00,0x01,0x10,
  0x08,0x41,0x00,0x00,0x00,0x00,0x01,0x10,0x0c,0x41,0x00,0x00,0x00,0x00,0x01,0x10,
  0x10,0x41,0x00,0x00,0x00,0x00,0x01,0x10,0x14,0x41,0x00,0x00,0x00,0x00,0x01,0x10,
  0x18,0x41,0x00,0x00,0x00,0x00,0x01,0x10,0x1c,0x41,0x00,0x00,0x00,0x00,0x01,0x10,
  0x20,0x41,0x00,0x00,0x00,0x00,0x01,0x10,0x24,0x41,0x00,0x00,0x00,0x00,0x01,0x10,
  0x28,0x41,0x00,0x00,0x00,0x00,0x01,0x10,0x2c,0x41,0x00,0x00,0x00,0x00,0x01,0x10,
  0x0c,0x50,0x0f,0x00,0x00,0x00,0x01,0x20,0x10,0x50,0x07,0x00,0x00,0x00,0x01,0x20,
  0x14,0x50,0x7f,0x01,0x00,0x00,0x01,0x20,0x18,0x50,0x00,0x20,0xf8,0xff,0x01,0x20,
  0x1c,0x50,0x00,0x00,0x00,0x00,0x01,0x20,0x20,0x50,0x00,0x00,0x00,0x00,0x01,0x20,
  0x28,0x50,0x00,0x00,0x00,0x00,0x01,0x20,0x2c,0x50,0x00,0x00,0x00,0x00,0x01,0x20,
  0x34,0x50,0x01,0x00,0x00,0x00,0x01,0x20,0x38,0x50,0x00,0x00,0x00,0x00,0x01,0x20,
  0x40,0x50,0x00,0x00,0x00,0x00,0x01,0x20,0x44,0x50,0x49,0x78,0x01,0x00,0x01,0x20,
  0x48,0x50,0x00,0x00,0x00,0x00,0x01,0x20,0x4c,0x50,0x00,0x00,0x00,0x00,0x01,0x20,
  0x64,0x50,0x00,0x00,0x00,0x00,0x01,0x20,0x68,0x50,0x01,0x01,0x01,0x01,0x01,0x20,
  0x6c,0x50,0x00,0x00,0x00,0x00,0x01,0x20,0x10,0x00,0x80,0xc5,0xff,0xff,0x01,0x01,
  0x14,0x00,0x26,0x02,0x00,0x00,0x01,0x01,0x00,0x00,0x00,0x00,0x00,0x00,0x41,0x00,
  0x08,0x00,0x18,0x00,0x00,0x00,0x81,0x00,0x00,0x00,0x00,0x00,0x00,0x00,0x00,0x00,
  0x00,0x00,0x00,0x00,0x00,0x00,0x00,0x00,0x00,0x00,0x00,0x00,0x00,0x00,0x00,0x00,
  0x00,0x00,0x00,0x00,0x00,0x00,0x00,0x00,0x00,0x00,0x00,0x00,0x00,0x00,0x00,0x00,
  0x00,0x00,0x00,0x00,0x00,0x00,0x00,0x00,0x00,0x00,0x00,0x00,0x00,0x00,0x00,0x00,
  0x04,0x40,0x0e,0x00,0x00,0x00,0x01,0x10,0x04,0x50,0x0e,0x00,0x00,0x00,0x01,0x20,
  0x0c,0x40,0xe5,0x01,0x00,0x00,0x01,0x10,0x10,0x40,0x00,0x00,0x00,0x00,0x01,0x10,
  0x14,0x40,0x00,0x00,0x00,0x00,0x01,0x10,0x20,0x40,0x00,0xc3,0xff,0xff,0x01,0x10,
  0x24,0x40,0x10,0x00,0x00,0x00,0x01,0x10,0x30,0x40,0x00,0x00,0x00,0x00,0x01,0x10,
  0x34,0x40,0x00,0x00,0x00,0x00,0x01,0x10,0x38,0x40,0x00,0x00,0x00,0x00,0x01,0x10,
  0x3c,0x40,0x0f,0x00,0x0f,0x00,0x01,0x10,0x40,0x40,0x53,0x00,0x00,0x00,0x01,0x10,
  0x44,0x40,0x00,0x00,0x00,0x00,0x01,0x10,0x48,0x40,0x00,0x00,0x00,0x00,0x01,0x10,
  0x4c,0x40,0x00,0x00,0x00,0x00,0x01,0x10,0x50,0x40,0x02,0x00,0x00,0x00,0x01,0x10,
  0x54,0x40,0x00,0x00,0x00,0x00,0x01,0x10,0x58,0x40,0x0f,0x00,0x00,0x00,0x01,0x10,
  0x5c,0x40,0x00,0x00,0x00,0x00,0x01,0x10,0x60,0x40,0x53,0x00,0x00,0x00,0x01,0x10,
  0x64,0x40,0x00,0x00,0x00,0x00,0x01,0x10,0x68,0x40,0x00,0x00,0x00,0x00,0x01,0x10,
  0x6c,0x40,0x00,0x00,0x00,0x00,0x01,0x10,0x70,0x40,0x83,0x03,0x00,0x00,0x01,0x10,
  0x74,0x40,0x00,0x00,0x00,0x00,0x01,0x10,0x78,0x40,0x01,0x00,0x00,0x00,0x01,0x10,
  0x7c,0x40,0x00,0x00,0x00,0x00,0x01,0x10,0x80,0x40,0x00,0x00,0x00,0x00,0x01,0x10,
  0x84,0x40,0x01,0x00,0x00,0x00,0x01,0x10,0x88,0x40,0x00,0x00,0x00,0x00,0x01,0x10,
  0x90,0x40,0x00,0x00,0x00,0x00,0x01,0x10,0x94,0x40,0x00,0x00,0x00,0x00,0x01,0x10,
  0x98,0x40,0x00,0x00,0x00,0x00,0x01,0x10,0x9c,0x40,0x00,0x00,0x00,0x00,0x01,0x10,
  0xa0,0x40,0x00,0x00,0x00,0x00,0x01,0x10,0xa4,0x40,0x00,0x00,0x00,0x00,0x01,0x10,
  0xa8,0x40,0x00,0x00,0x00,0x00,0x01,0x10,0xac,0x40,0x00,0x00,0x00,0x00,0x01,0x10,
  0xc0,0x40,0x10,0x00,0x00,0x00,0x01,0x10,0xc4,0x40,0x00,0x00,0x00,0x00,0x01,0x10,
  0x00,0x41,0x00,0x00,0x00,0x00,0x01,0x10,0x04,0x41,0x00,0x00,0x00,0x00,0x01,0x10,
  0x08,0x41,0x00,0x00,0x00,0x00,0x01,0x10,0x0c,0x41,0x00,0x00,0x00,0x00,0x01,0x10,
  0x10,0x41,0x00,0x00,0x00,0x00,0x01,0x10,0x14,0x41,0x00,0x00,0x00,0x00,0x01,0x10,
  0x18,0x41,0x00,0x00,0x00,0x00,0x01,0x10,0x1c,0x41,0x00,0x00,0x00,0x00,0x01,0x10,
  0x20,0x41,0x00,0x00,0x00,0x00,0x01,0x10,0x24,0x41,0x00,0x00,0x00,0x00,0x01,0x10,
  0x28,0x41,0x00,0x00,0x00,0x00,0x01,0x10,0x2c,0x41,0x00,0x00,0x00,0x00,0x01,0x10,
  0x0c,0x50,0x00,0x00,0x00,0x00,0x01,0x20,0x10,0x50,0x00,0x00,0x00,0x00,0x01,0x20,
  0x14,0x50,0x0f,0x00,0x00,0x00,0x01,0x20,0x18,0x50,0x00,0xc3,0xff,0xff,0x01,0x20,
  0x1c,0x50,0x00,0x00,0x00,0x00,0x01,0x20,0x20,0x50,0x00,0x00,0x00,0x00,0x01,0x20,
  0x28,0x50,0x00,0x00,0x00,0x00,0x01,0x20,0x2c,0x50,0x00,0x00,0x00,0x00,0x01,0x20,
  0x34,0x50,0x01,0x00,0x00,0x00,0x01,0x20,0x38,0x50,0x00,0x00,0x00,0x00,0x01,0x20,
  0x40,0x50,0x00,0x00,0x00,0x00,0x01,0x20,0x44,0x50,0x01,0x78,0x00,0x00,0x01,0x20,
  0x48,0x50,0x00,0x00,0x00,0x00,0x01,0x20,0x4c,0x50,0x00,0x00,0x00,0x00,0x01,0x20,
  0x64,0x50,0x00,0x00,0x00,0x00,0x01,0x20,0x68,0x50,0x01,0x01,0x01,0x01,0x01,0x20,
  0x6c,0x50,0x00,0x00,0x00,0x00,0x01,0x20,0x00,0x41,0x00,0x00,0x02,0x00,0x01,0x10,
  0x04,0x41,0x9d,0x80,0xff,0xff,0x01,0x10,0x04,0x41,0x9f,0x80,0xff,0xff,0x01,0x10,
  0x04,0x41,0xa0,0x80,0xff,0xff,0x01,0x10,0x04,0x41,0xa2,0x80,0xff,0xff,0x01,0x10,
  0x04,0x41,0xa4,0x80,0xff,0xff,0x01,0x10,0x04,0x41,0xa6,0x80,0xff,0xff,0x01,0x10,
  0x04,0x41,0xa8,0x80,0xff,0xff,0x01,0x10,0x04,0x41,0xaa,0x80,0xff,0xff,0x01,0x10,
  0x04,0x41,0xac,0x80,0xff,0xff,0x01,0x10,0x04,0x41,0xae,0x80,0xff,0xff,0x01,0x10,
  0x04,0x41,0xb0,0x80,0xff,0xff,0x01,0x10,0x04,0x41,0xb2,0x80,0xff,0xff,0x01,0x10,
  0x04,0x41,0xb4,0x80,0xff,0xff,0x01,0x10,0x04,0x41,0xb6,0x80,0xff,0xff,0x01,0x10,
  0x04,0x41,0xb9,0x80,0xff,0xff,0x01,0x10,0x04,0x41,0xbb,0x80,0xff,0xff,0x01,0x10,
  0x04,0x41,0xbd,0x80,0xff,0xff,0x01,0x10,0x04,0x41,0xbf,0x80,0xff,0xff,0x01,0x10,
  0x04,0x41,0xc1,0x80,0xff,0xff,0x01,0x10,0x04,0x41,0xc4,0x80,0xff,0xff,0x01,0x10,
  0x04,0x41,0xc6,0x80,0xff,0xff,0x01,0x10,0x04,0x41,0xc8,0x80,0xff,0xff,0x01,0x10,
  0x04,0x41,0xcb,0x80,0xff,0xff,0x01,0x10,0x04,0x41,0xcd,0x80,0xff,0xff,0x01,0x10,
  0x04,0x41,0xcf,0x80,0xff,0xff,0x01,0x10,0x04,0x41,0xd2,0x80,0xff,0xff,0x01,0x10,
  0x04,0x41,0xd4,0x80,0xff,0xff,0x01,0x10,0x04,0x41,0xd7,0x80,0xff,0xff,0x01,0x10,
  0x04,0x41,0xd9,0x80,0xff,0xff,0x01,0x10,0x04,0x41,0xdc,0x80,0xff,0xff,0x01,0x10,
  0x04,0x41,0xdf,0x80,0xff,0xff,0x01,0x10,0x04,0x41,0xe1,0x80,0xff,0xff,0x01,0x10,
  0x04,0x41,0xe4,0x80,0xff,0xff,0x01,0x10,0x04,0x41,0xe7,0x80,0xff,0xff,0x01,0x10,
  0x04,0x41,0xe9,0x80,0xff,0xff,0x01,0x10,0x04,0x41,0xec,0x80,0xff,0xff,0x01,0x10,
  0x04,0x41,0xef,0x80,0xff,0xff,0x01,0x10,0x04,0x41,0xf2,0x80,0xff,0xff,0x01,0x10,
  0x04,0x41,0xf4,0x80,0xff,0xff,0x01,0x10,0x04,0x41,0xf7,0x80,0xff,0xff,0x01,0x10,
  0x04,0x41,0xfa,0x80,0xff,0xff,0x01,0x10,0x04,0x41,0xfd,0x80,0xff,0xff,0x01,0x10,
  0x04,0x41,0x00,0x81,0xff,0xff,0x01,0x10,0x04,0x41,0x03,0x81,0xff,0xff,0x01,0x10,
  0x04,0x41,0x06,0x81,0xff,0xff,0x01,0x10,0x04,0x41,0x09,0x81,0xff,0xff,0x01,0x10,
  0x04,0x41,0x0c,0x81,0xff,0xff,0x01,0x10,0x04,0x41,0x10,0x81,0xff,0xff,0x01,0x10,
  0x04,0x41,0x13,0x81,0xff,0xff,0x01,0x10,0x04,0x41,0x16,0x81,0xff,0xff,0x01,0x10,
  0x04,0x41,0x19,0x81,0xff,0xff,0x01,0x10,0x04,0x41,0x1d,0x81,0xff,0xff,0x01,0x10,
  0x04,0x41,0x20,0x81,0xff,0xff,0x01,0x10,0x04,0x41,0x23,0x81,0xff,0xff,0x01,0x10,
  0x04,0x41,0x27,0x81,0xff,0xff,0x01,0x10,0x04,0x41,0x2a,0x81,0xff,0xff,0x01,0x10,
  0x04,0x41,0x2e,0x81,0xff,0xff,0x01,0x10,0x04,0x41,0x31,0x81,0xff,0xff,0x01,0x10,
  0x04,0x41,0x35,0x81,0xff,0xff,0x01,0x10,0x04,0x41,0x39,0x81,0xff,0xff,0x01,0x10,
  0x04,0x41,0x3c,0x81,0xff,0xff,0x01,0x10,0x04,0x41,0x40,0x81,0xff,0xff,0x01,0x10,
  0x04,0x41,0x44,0x81,0xff,0xff,0x01,0x10,0x04,0x41,0x48,0x81,0xff,0xff,0x01,0x10,
  0x04,0x41,0x4b,0x81,0xff,0xff,0x01,0x10,0x04,0x41,0x4f,0x81,0xff,0xff,0x01,0x10,
  0x04,0x41,0x53,0x81,0xff,0xff,0x01,0x10,0x04,0x41,0x57,0x81,0xff,0xff,0x01,0x10,
  0x04,0x41,0x5b,0x81,0xff,0xff,0x01,0x10,0x04,0x41,0x5f,0x81,0xff,0xff,0x01,0x10,
  0x04,0x41,0x63,0x81,0xff,0xff,0x01,0x10,0x04,0x41,0x68,0x81,0xff,0xff,0x01,0x10,
  0x04,0x41,0x6c,0x81,0xff,0xff,0x01,0x10,0x04,0x41,0x70,0x81,0xff,0xff,0x01,0x10,
  0x04,0x41,0x75,0x81,0xff,0xff,0x01,0x10,0x04,0x41,0x79,0x81,0xff,0xff,0x01,0x10,
  0x04,0x41,0x7d,0x81,0xff,0xff,0x01,0x10,0x04,0x41,0x82,0x81,0xff,0xff,0x01,0x10,
  0x04,0x41,0x86,0x81,0xff,0xff,0x01,0x10,0x04,0x41,0x8b,0x81,0xff,0xff,0x01,0x10,
  0x04,0x41,0x90,0x81,0xff,0xff,0x01,0x10,0x04,0x41,0x94,0x81,0xff,0xff,0x01,0x10,
  0x04,0x41,0x99,0x81,0xff,0xff,0x01,0x10,0x04,0x41,0x9e,0x81,0xff,0xff,0x01,0x10,
  0x04,0x41,0xa3,0x81,0xff,0xff,0x01,0x10,0x04,0x41,0xa8,0x81,0xff,0xff,0x01,0x10,
  0x04,0x41,0xad,0x81,0xff,0xff,0x01,0x10,0x04,0x41,0xb2,0x81,0xff,0xff,0x01,0x10,
  0x04,0x41,0xb7,0x81,0xff,0xff,0x01,0x10,0x04,0x41,0xbc,0x81,0xff,0xff,0x01,0x10,
  0x04,0x41,0xc1,0x81,0xff,0xff,0x01,0x10,0x04,0x41,0xc6,0x81,0xff,0xff,0x01,0x10,
  0x04,0x41,0xcc,0x81,0xff,0xff,0x01,0x10,0x04,0x41,0xd1,0x81,0xff,0xff,0x01,0x10,
  0x04,0x41,0xd7,0x81,0xff,0xff,0x01,0x10,0x04,0x41,0xdc,0x81,0xff,0xff,0x01,0x10,
  0x04,0x41,0xe2,0x81,0xff,0xff,0x01,0x10,0x04,0x41,0xe7,0x81,0xff,0xff,0x01,0x10,
  0x04,0x41,0xed,0x81,0xff,0xff,0x01,0x10,0x04,0x41,0xf3,0x81,0xff,0xff,0x01,0x10,
  0x04,0x41,0xf9,0x81,0xff,0xff,0x01,0x10,0x04,0x41,0xff,0x81,0xff,0xff,0x01,0x10,
  0x04,0x41,0x05,0x82,0xff,0xff,0x01,0x10,0x04,0x41,0x0b,0x82,0xff,0xff,0x01,0x10,
  0x04,0x41,0x11,0x82,0xff,0xff,0x01,0x10,0x04,0x41,0x17,0x82,0xff,0xff,0x01,0x10,
  0x04,0x41,0x1e,0x82,0xff,0xff,0x01,0x10,0x04,0x41,0x24,0x82,0xff,0xff,0x01,0x10,
  0x04,0x41,0x2a,0x82,0xff,0xff,0x01,0x10,0x04,0x41,0x31,0x82,0xff,0xff,0x01,0x10,
  0x04,0x41,0x37,0x82,0xff,0xff,0x01,0x10,0x04,0x41,0x3e,0x82,0xff,0xff,0x01,0x10,
  0x04,0x41,0x45,0x82,0xff,0xff,0x01,0x10,0x04,0x41,0x4c,0x82,0xff,0xff,0x01,0x10,
  0x04,0x41,0x53,0x82,0xff,0xff,0x01,0x10,0x04,0x41,0x5a,0x82,0xff,0xff,0x01,0x10,
  0x04,0x41,0x61,0x82,0xff,0xff,0x01,0x10,0x04,0x41,0x68,0x82,0xff,0xff,0x01,0x10,
  0x04,0x41,0x6f,0x82,0xff,0xff,0x01,0x10,0x04,0x41,0x76,0x82,0xff,0xff,0x01,0x10,
  0x04,0x41,0x7e,0x82,0xff,0xff,0x01,0x10,0x04,0x41,0x85,0x82,0xff,0xff,0x01,0x10,
  0x04,0x41,0x8d,0x82,0xff,0xff,0x01,0x10,0x04,0x41,0x94,0x82,0xff,0xff,0x01,0x10,
  0x04,0x41,0x9c,0x82,0xff,0xff,0x01,0x10,0x04,0x41,0xa4,0x82,0xff,0xff,0x01,0x10,
  0x04,0x41,0xac,0x82,0xff,0xff,0x01,0x10,0x04,0x41,0xb4,0x82,0xff,0xff,0x01,0x10,
  0x04,0x41,0xbc,0x82,0xff,0xff,0x01,0x10,0x04,0x41,0xc4,0x82,0xff,0xff,0x01,0x10,
  0x04,0x41,0xcc,0x82,0xff,0xff,0x01,0x10,0x04,0x41,0xd5,0x82,0xff,0xff,0x01,0x10,
  0x04,0x41,0xdd,0x82,0xff,0xff,0x01,0x10,0x04,0x41,0xe6,0x82,0xff,0xff,0x01,0x10,
  0x04,0x41,0xef,0x82,0xff,0xff,0x01,0x10,0x04,0x41,0xf7,0x82,0xff,0xff,0x01,0x10,
  0x04,0x41,0x00,0x83,0xff,0xff,0x01,0x10,0x04,0x41,0x09,0x83,0xff,0xff,0x01,0x10,
  0x04,0x41,0x12,0x83,0xff,0xff,0x01,0x10,0x04,0x41,0x1c,0x83,0xff,0xff,0x01,0x10,
  0x04,0x41,0x25,0x83,0xff,0xff,0x01,0x10,0x04,0x41,0x2e,0x83,0xff,0xff,0x01,0x10,
  0x04,0x41,0x38,0x83,0xff,0xff,0x01,0x10,0x04,0x41,0x42,0x83,0xff,0xff,0x01,0x10,
  0x04,0x41,0x4b,0x83,0xff,0xff,0x01,0x10,0x04,0x41,0x55,0x83,0xff,0xff,0x01,0x10,
  0x04,0x41,0x5f,0x83,0xff,0xff,0x01,0x10,0x04,0x41,0x69,0x83,0xff,0xff,0x01,0x10,
  0x04,0x41,0x73,0x83,0xff,0xff,0x01,0x10,0x04,0x41,0x7e,0x83,0xff,0xff,0x01,0x10,
  0x04,0x41,0x88,0x83,0xff,0xff,0x01,0x10,0x04,0x41,0x93,0x83,0xff,0xff,0x01,0x10,
  0x04,0x41,0x9d,0x83,0xff,0xff,0x01,0x10,0x04,0x41,0xa8,0x83,0xff,0xff,0x01,0x10,
  0x04,0x41,0xb3,0x83,0xff,0xff,0x01,0x10,0x04,0x41,0xbe,0x83,0xff,0xff,0x01,0x10,
  0x04,0x41,0xca,0x83,0xff,0xff,0x01,0x10,0x04,0x41,0xd5,0x83,0xff,0xff,0x01,0x10,
  0x04,0x41,0xe0,0x83,0xff,0xff,0x01,0x10,0x04,0x41,0xec,0x83,0xff,0xff,0x01,0x10,
  0x04,0x41,0xf8,0x83,0xff,0xff,0x01,0x10,0x04,0x41,0x03,0x84,0xff,0xff,0x01,0x10,
  0x04,0x41,0x0f,0x84,0xff,0xff,0x01,0x10,0x04,0x41,0x1c,0x84,0xff,0xff,0x01,0x10,
  0x04,0x41,0x28,0x84,0xff,0xff,0x01,0x10,0x04,0x41,0x34,0x84,0xff,0xff,0x01,0x10,
  0x04,0x41,0x41,0x84,0xff,0xff,0x01,0x10,0x04,0x41,0x4d,0x84,0xff,0xff,0x01,0x10,
  0x04,0x41,0x5a,0x84,0xff,0xff,0x01,0x10,0x04,0x41,0x67,0x84,0xff,0xff,0x01,0x10,
  0x04,0x41,0x74,0x84,0xff,0xff,0x01,0x10,0x04,0x41,0x82,0x84,0xff,0xff,0x01,0x10,
  0x04,0x41,0x8f,0x84,0xff,0xff,0x01,0x10,0x04,0x41,0x9d,0x84,0xff,0xff,0x01,0x10,
  0x04,0x41,0xaa,0x84,0xff,0xff,0x01,0x10,0x04,0x41,0xb8,0x84,0xff,0xff,0x01,0x10,
  0x04,0x41,0xc6,0x84,0xff,0xff,0x01,0x10,0x04,0x41,0xd5,0x84,0xff,0xff,0x01,0x10,
  0x04,0x41,0xe3,0x84,0xff,0xff,0x01,0x10,0x04,0x41,0xf2,0x84,0xff,0xff,0x01,0x10,
  0x04,0x41,0x00,0x85,0xff,0xff,0x01,0x10,0x04,0x41,0x0f,0x85,0xff,0xff,0x01,0x10,
  0x04,0x41,0x1e,0x85,0xff,0xff,0x01,0x10,0x04,0x41,0x2d,0x85,0xff,0xff,0x01,0x10,
  0x04,0x41,0x3d,0x85,0xff,0xff,0x01,0x10,0x04,0x41,0x4c,0x85,0xff,0xff,0x01,0x10,
  0x04,0x41,0x5c,0x85,0xff,0xff,0x01,0x10,0x04,0x41,0x6c,0x85,0xff,0xff,0x01,0x10,
  0x04,0x41,0x7c,0x85,0xff,0xff,0x01,0x10,0x04,0x41,0x8c,0x85,0xff,0xff,0x01,0x10,
  0x04,0x41,0x9d,0x85,0xff,0xff,0x01,0x10,0x04,0x41,0xae,0x85,0xff,0xff,0x01,0x10,
  0x04,0x41,0xbe,0x85,0xff,0xff,0x01,0x10,0x04,0x41,0xcf,0x85,0xff,0xff,0x01,0x10,
  0x04,0x41,0xe1,0x85,0xff,0xff,0x01,0x10,0x04,0x41,0xf2,0x85,0xff,0xff,0x01,0x10,
  0x04,0x41,0x04,0x86,0xff,0xff,0x01,0x10,0x04,0x41,0x16,0x86,0xff,0xff,0x01,0x10,
  0x04,0x41,0x28,0x86,0xff,0xff,0x01,0x10,0x04,0x41,0x3a,0x86,0xff,0xff,0x01,0x10,
  0x04,0x41,0x4c,0x86,0xff,0xff,0x01,0x10,0x04,0x41,0x5f,0x86,0xff,0xff,0x01,0x10,
  0x04,0x41,0x72,0x86,0xff,0xff,0x01,0x10,0x04,0x41,0x85,0x86,0xff,0xff,0x01,0x10,
  0x04,0x41,0x98,0x86,0xff,0xff,0x01,0x10,0x04,0x41,0xac,0x86,0xff,0xff,0x01,0x10,
  0x04,0x41,0xbf,0x86,0xff,0xff,0x01,0x10,0x04,0x41,0xd3,0x86,0xff,0xff,0x01,0x10,
  0x04,0x41,0xe7,0x86,0xff,0xff,0x01,0x10,0x04,0x41,0xfc,0x86,0xff,0xff,0x01,0x10,
  0x04,0x41,0x10,0x87,0xff,0xff,0x01,0x10,0x04,0x41,0x25,0x87,0xff,0xff,0x01,0x10,
  0x04,0x41,0x3a,0x87,0xff,0xff,0x01,0x10,0x04,0x41,0x50,0x87,0xff,0xff,0x01,0x10,
  0x04,0x41,0x65,0x87,0xff,0xff,0x01,0x10,0x04,0x41,0x7b,0x87,0xff,0xff,0x01,0x10,
  0x04,0x41,0x91,0x87,0xff,0xff,0x01,0x10,0x04,0x41,0xa7,0x87,0xff,0xff,0x01,0x10,
  0x04,0x41,0xbe,0x87,0xff,0xff,0x01,0x10,0x04,0x41,0xd5,0x87,0xff,0xff,0x01,0x10,
  0x04,0x41,0xec,0x87,0xff,0xff,0x01,0x10,0x04,0x41,0x03,0x88,0xff,0xff,0x01,0x10,
  0x04,0x41,0x1b,0x88,0xff,0xff,0x01,0x10,0x04,0x41,0x32,0x88,0xff,0xff,0x01,0x10,
  0x04,0x41,0x4b,0x88,0xff,0xff,0x01,0x10,0x04,0x41,0x63,0x88,0xff,0xff,0x01,0x10,
  0x04,0x41,0x7c,0x88,0xff,0xff,0x01,0x10,0x04,0x41,0x94,0x88,0xff,0xff,0x01,0x10,
  0x04,0x41,0xae,0x88,0xff,0xff,0x01,0x10,0x04,0x41,0xc7,0x88,0xff,0xff,0x01,0x10,
  0x04,0x41,0xe1,0x88,0xff,0xff,0x01,0x10,0x04,0x41,0xfb,0x88,0xff,0xff,0x01,0x10,
  0x04,0x41,0x15,0x89,0xff,0xff,0x01,0x10,0x04,0x41,0x30,0x89,0xff,0xff,0x01,0x10,
  0x04,0x41,0x4b,0x89,0xff,0xff,0x01,0x10,0x04,0x41,0x66,0x89,0xff,0xff,0x01,0x10,
  0x04,0x41,0x81,0x89,0xff,0xff,0x01,0x10,0x04,0x41,0x9d,0x89,0xff,0xff,0x01,0x10,
  0x04,0x41,0xb9,0x89,0xff,0xff,0x01,0x10,0x04,0x41,0xd5,0x89,0xff,0xff,0x01,0x10,
  0x04,0x41,0xf2,0x89,0xff,0xff,0x01,0x10,0x04,0x41,0x0f,0x8a,0xff,0xff,0x01,0x10,
  0x04,0x41,0x2d,0x8a,0xff,0xff,0x01,0x10,0x04,0x41,0x4a,0x8a,0xff,0xff,0x01,0x10,
  0x04,0x41,0x68,0x8a,0xff,0xff,0x01,0x10,0x04,0x41,0x86,0x8a,0xff,0xff,0x01,0x10,
  0x04,0x41,0xa5,0x8a,0xff,0xff,0x01,0x10,0x04,0x41,0xc4,0x8a,0xff,0xff,0x01,0x10,
  0x04,0x41,0xe3,0x8a,0xff,0xff,0x01,0x10,0x04,0x41,0x03,0x8b,0xff,0xff,0x01,0x10,
  0x04,0x41,0x23,0x8b,0xff,0xff,0x01,0x10,0x04,0x41,0x43,0x8b,0xff,0xff,0x01,0x10,
  0x04,0x41,0x64,0x8b,0xff,0xff,0x01,0x10,0x04,0x41,0x85,0x8b,0xff,0xff,0x01,0x10,
  0x04,0x41,0xa6,0x8b,0xff,0xff,0x01,0x10,0x04,0x41,0xc8,0x8b,0xff,0xff,0x01,0x10,
  0x04,0x41,0xea,0x8b,0xff,0xff,0x01,0x10,0x04,0x41,0x0d,0x8c,0xff,0xff,0x01,0x10,
  0x04,0x41,0x30,0x8c,0xff,0xff,0x01,0x10,0x04,0x41,0x53,0x8c,0xff,0xff,0x01,0x10,
  0x04,0x41,0x76,0x8c,0xff,0xff,0x01,0x10,0x04,0x41,0x9a,0x8c,0xff,0xff,0x01,0x10,
  0x04,0x41,0xbf,0x8c,0xff,0xff,0x01,0x10,0x04,0x41,0xe4,0x8c,0xff,0xff,0x01,0x10,
  0x04,0x41,0x09,0x8d,0xff,0xff,0x01,0x10,0x04,0x41,0x2e,0x8d,0xff,0xff,0x01,0x10,
  0x04,0x41,0x54,0x8d,0xff,0xff,0x01,0x10,0x04,0x41,0x7b,0x8d,0xff,0xff,0x01,0x10,
  0x04,0x41,0xa1,0x8d,0xff,0xff,0x01,0x10,0x04,0x41,0xc9,0x8d,0xff,0xff,0x01,0x10,
  0x04,0x41,0xf0,0x8d,0xff,0xff,0x01,0x10,0x04,0x41,0x18,0x8e,0xff,0xff,0x01,0x10,
  0x04,0x41,0x41,0x8e,0xff,0xff,0x01,0x10,0x04,0x41,0x69,0x8e,0xff,0xff,0x01,0x10,
  0x04,0x41,0x93,0x8e,0xff,0xff,0x01,0x10,0x04,0x41,0xbc,0x8e,0xff,0xff,0x01,0x10,
  0x04,0x41,0xe7,0x8e,0xff,0xff,0x01,0x10,0x04,0x41,0x11,0x8f,0xff,0xff,0x01,0x10,
  0x04,0x41,0x3c,0x8f,0xff,0xff,0x01,0x10,0x04,0x41,0x68,0x8f,0xff,0xff,0x01,0x10,
  0x04,0x41,0x94,0x8f,0xff,0xff,0x01,0x10,0x04,0x41,0xc0,0x8f,0xff,0xff,0x01,0x10,
  0x04,0x41,0xed,0x8f,0xff,0xff,0x01,0x10,0x04,0x41,0x1a,0x90,0xff,0xff,0x01,0x10,
  0x04,0x41,0x48,0x90,0xff,0xff,0x01,0x10,0x04,0x41,0x76,0x90,0xff,0xff,0x01,0x10,
  0x04,0x41,0xa5,0x90,0xff,0xff,0x01,0x10,0x04,0x41,0xd4,0x90,0xff,0xff,0x01,0x10,
  0x04,0x41,0x04,0x91,0xff,0xff,0x01,0x10,0x04,0x41,0x34,0x91,0xff,0xff,0x01,0x10,
  0x04,0x41,0x65,0x91,0xff,0xff,0x01,0x10,0x04,0x41,0x96,0x91,0xff,0xff,0x01,0x10,
  0x04,0x41,0xc8,0x91,0xff,0xff,0x01,0x10,0x04,0x41,0xfa,0x91,0xff,0xff,0x01,0x10,
  0x04,0x41,0x2d,0x92,0xff,0xff,0x01,0x10,0x04,0x41,0x60,0x92,0xff,0xff,0x01,0x10,
  0x04,0x41,0x94,0x92,0xff,0xff,0x01,0x10,0x04,0x41,0xc8,0x92,0xff,0xff,0x01,0x10,
  0x04,0x41,0xfd,0x92,0xff,0xff,0x01,0x10,0x04,0x41,0x32,0x93,0xff,0xff,0x01,0x10,
  0x04,0x41,0x68,0x93,0xff,0xff,0x01,0x10,0x04,0x41,0x9e,0x93,0xff,0xff,0x01,0x10,
  0x04,0x41,0xd5,0x93,0xff,0xff,0x01,0x10,0x04,0x41,0x0d,0x94,0xff,0xff,0x01,0x10,
  0x04,0x41,0x45,0x94,0xff,0xff,0x01,0x10,0x04,0x41,0x7e,0x94,0xff,0xff,0x01,0x10,
  0x04,0x41,0xb7,0x94,0xff,0xff,0x01,0x10,0x04,0x41,0xf1,0x94,0xff,0xff,0x01,0x10,
  0x04,0x41,0x2b,0x95,0xff,0xff,0x01,0x10,0x04,0x41,0x66,0x95,0xff,0xff,0x01,0x10,
  0x04,0x41,0xa1,0x95,0xff,0xff,0x01,0x10,0x04,0x41,0xdd,0x95,0xff,0xff,0x01,0x10,
  0x04,0x41,0x1a,0x96,0xff,0xff,0x01,0x10,0x04,0x41,0x57,0x96,0xff,0xff,0x01,0x10,
  0x04,0x41,0x95,0x96,0xff,0xff,0x01,0x10,0x04,0x41,0xd4,0x96,0xff,0xff,0x01,0x10,
  0x04,0x41,0x13,0x97,0xff,0xff,0x01,0x10,0x04,0x41,0x53,0x97,0xff,0xff,0x01,0x10,
  0x04,0x41,0x93,0x97,0xff,0xff,0x01,0x10,0x04,0x41,0xd4,0x97,0xff,0xff,0x01,0x10,
  0x04,0x41,0x15,0x98,0xff,0xff,0x01,0x10,0x04,0x41,0x58,0x98,0xff,0xff,0x01,0x10,
  0x04,0x41,0x9a,0x98,0xff,0xff,0x01,0x10,0x04,0x41,0xde,0x98,0xff,0xff,0x01,0x10,
  0x04,0x41,0x22,0x99,0xff,0xff,0x01,0x10,0x04,0x41,0x67,0x99,0xff,0xff,0x01,0x10,
  0x04,0x41,0xac,0x99,0xff,0xff,0x01,0x10,0x04,0x41,0xf2,0x99,0xff,0xff,0x01,0x10,
  0x04,0x41,0x39,0x9a,0xff,0xff,0x01,0x10,0x04,0x41,0x80,0x9a,0xff,0xff,0x01,0x10,
  0x04,0x41,0xc8,0x9a,0xff,0xff,0x01,0x10,0x04,0x41,0x11,0x9b,0xff,0xff,0x01,0x10,
  0x04,0x41,0x5b,0x9b,0xff,0xff,0x01,0x10,0x04,0x41,0xa5,0x9b,0xff,0xff,0x01,0x10,
  0x04,0x41,0xf0,0x9b,0xff,0xff,0x01,0x10,0x04,0x41,0x3b,0x9c,0xff,0xff,0x01,0x10,
  0x04,0x41,0x87,0x9c,0xff,0xff,0x01,0x10,0x04,0x41,0xd4,0x9c,0xff,0xff,0x01,0x10,
  0x04,0x41,0x22,0x9d,0xff,0xff,0x01,0x10,0x04,0x41,0x70,0x9d,0xff,0xff,0x01,0x10,
  0x04,0x41,0xbf,0x9d,0xff,0xff,0x01,0x10,0x04,0x41,0x0f,0x9e,0xff,0xff,0x01,0x10,
  0x04,0x41,0x5f,0x9e,0xff,0xff,0x01,0x10,0x04,0x41,0xb0,0x9e,0xff,0xff,0x01,0x10,
  0x04,0x41,0x02,0x9f,0xff,0xff,0x01,0x10,0x04,0x41,0x55,0x9f,0xff,0xff,0x01,0x10,
  0x04,0x41,0xa8,0x9f,0xff,0xff,0x01,0x10,0x04,0x41,0xfd,0x9f,0xff,0xff,0x01,0x10,
  0x04,0x41,0x52,0xa0,0xff,0xff,0x01,0x10,0x04,0x41,0xa7,0xa0,0xff,0xff,0x01,0x10,
  0x04,0x41,0xfe,0xa0,0xff,0xff,0x01,0x10,0x04,0x41,0x55,0xa1,0xff,0xff,0x01,0x10,
  0x04,0x41,0xad,0xa1,0xff,0xff,0x01,0x10,0x04,0x41,0x05,0xa2,0xff,0xff,0x01,0x10,
  0x04,0x41,0x5f,0xa2,0xff,0xff,0x01,0x10,0x04,0x41,0xb9,0xa2,0xff,0xff,0x01,0x10,
  0x04,0x41,0x14,0xa3,0xff,0xff,0x01,0x10,0x04,0x41,0x70,0xa3,0xff,0xff,0x01,0x10,
  0x04,0x41,0xcc,0xa3,0xff,0xff,0x01,0x10,0x04,0x41,0x2a,0xa4,0xff,0xff,0x01,0x10,
  0x04,0x41,0x88,0xa4,0xff,0xff,0x01,0x10,0x04,0x41,0xe7,0xa4,0xff,0xff,0x01,0x10,
  0x04,0x41,0x47,0xa5,0xff,0xff,0x01,0x10,0x04,0x41,0xa7,0xa5,0xff,0xff,0x01,0x10,
  0x04,0x41,0x09,0xa6,0xff,0xff,0x01,0x10,0x04,0x41,0x6b,0xa6,0xff,0xff,0x01,0x10,
  0x04,0x41,0xce,0xa6,0xff,0xff,0x01,0x10,0x04,0x41,0x32,0xa7,0xff,0xff,0x01,0x10,
  0x04,0x41,0x96,0xa7,0xff,0xff,0x01,0x10,0x04,0x41,0xfc,0xa7,0xff,0xff,0x01,0x10,
  0x04,0x41,0x62,0xa8,0xff,0xff,0x01,0x10,0x04,0x41,0xc9,0xa8,0xff,0xff,0x01,0x10,
  0x04,0x41,0x31,0xa9,0xff,0xff,0x01,0x10,0x04,0x41,0x9a,0xa9,0xff,0xff,0x01,0x10,
  0x04,0x41,0x04,0xaa,0xff,0xff,0x01,0x10,0x04,0x41,0x6e,0xaa,0xff,0xff,0x01,0x10,
  0x04,0x41,0xd9,0xaa,0xff,0xff,0x01,0x10,0x04,0x41,0x46,0xab,0xff,0xff,0x01,0x10,
  0x04,0x41,0xb3,0xab,0xff,0xff,0x01,0x10,0x04,0x41,0x21,0xac,0xff,0xff,0x01,0x10,
  0x04,0x41,0x8f,0xac,0xff,0xff,0x01,0x10,0x04,0x41,0xff,0xac,0xff,0xff,0x01,0x10,
  0x04,0x41,0x6f,0xad,0xff,0xff,0x01,0x10,0x04,0x41,0xe1,0xad,0xff,0xff,0x01,0x10,
  0x04,0x41,0x53,0xae,0xff,0xff,0x01,0x10,0x04,0x41,0xc6,0xae,0xff,0xff,0x01,0x10,
  0x04,0x41,0x3a,0xaf,0xff,0xff,0x01,0x10,0x04,0x41,0xae,0xaf,0xff,0xff,0x01,0x10,
  0x04,0x41,0x24,0xb0,0xff,0xff,0x01,0x10,0x04,0x41,0x9a,0xb0,0xff,0xff,0x01,0x10,
  0x04,0x41,0x12,0xb1,0xff,0xff,0x01,0x10,0x04,0x41,0x8a,0xb1,0xff,0xff,0x01,0x10,
  0x04,0x41,0x03,0xb2,0xff,0xff,0x01,0x10,0x04,0x41,0x7d,0xb2,0xff,0xff,0x01,0x10,
  0x04,0x41,0xf8,0xb2,0xff,0xff,0x01,0x10,0x04,0x41,0x73,0xb3,0xff,0xff,0x01,0x10,
  0x04,0x41,0xf0,0xb3,0xff,0xff,0x01,0x10,0x04,0x41,0x6d,0xb4,0xff,0xff,0x01,0x10,
  0x04,0x41,0xec,0xb4,0xff,0xff,0x01,0x10,0x04,0x41,0x6b,0xb5,0xff,0xff,0x01,0x10,
  0x04,0x41,0xeb,0xb5,0xff,0xff,0x01,0x10,0x04,0x41,0x6c,0xb6,0xff,0xff,0x01,0x10,
  0x04,0x41,0xee,0xb6,0xff,0xff,0x01,0x10,0x04,0x41,0x71,0xb7,0xff,0xff,0x01,0x10,
  0x04,0x41,0xf4,0xb7,0xff,0xff,0x01,0x10,0x04,0x41,0x79,0xb8,0xff,0xff,0x01,0x10,
  0x04,0x41,0xfe,0xb8,0xff,0xff,0x01,0x10,0x04,0x41,0x84,0xb9,0xff,0xff,0x01,0x10,
  0x04,0x41,0x0b,0xba,0xff,0xff,0x01,0x10,0x04,0x41,0x93,0xba,0xff,0xff,0x01,0x10,
  0x04,0x41,0x1c,0xbb,0xff,0xff,0x01,0x10,0x04,0x41,0xa6,0xbb,0xff,0xff,0x01,0x10,
  0x04,0x41,0x31,0xbc,0xff,0xff,0x01,0x10,0x04,0x41,0xbc,0xbc,0xff,0xff,0x01,0x10,
  0x04,0x41,0x48,0xbd,0xff,0xff,0x01,0x10,0x04,0x41,0xd6,0xbd,0xff,0xff,0x01,0x10,
  0x04,0x41,0x64,0xbe,0xff,0xff,0x01,0x10,0x04,0x41,0xf3,0xbe,0xff,0xff,0x01,0x10,
  0x04,0x41,0x82,0xbf,0xff,0xff,0x01,0x10,0x04,0x41,0x13,0xc0,0xff,0xff,0x01,0x10,
  0x04,0x41,0xa4,0xc0,0xff,0xff,0x01,0x10,0x04,0x41,0x37,0xc1,0xff,0xff,0x01,0x10,
  0x04,0x41,0xca,0xc1,0xff,0xff,0x01,0x10,0x04,0x41,0x5e,0xc2,0xff,0xff,0x01,0x10,
  0x04,0x41,0xf3,0xc2,0xff,0xff,0x01,0x10,0x04,0x41,0x89,0xc3,0xff,0xff,0x01,0x10,
  0x04,0x41,0x1f,0xc4,0xff,0xff,0x01,0x10,0x04,0x41,0xb7,0xc4,0xff,0xff,0x01,0x10,
  0x04,0x41,0x4f,0xc5,0xff,0xff,0x01,0x10,0x04,0x41,0xe8,0xc5,0xff,0xff,0x01,0x10,
  0x04,0x41,0x82,0xc6,0xff,0xff,0x01,0x10,0x04,0x41,0x1c,0xc7,0xff,0xff,0x01,0x10,
  0x04,0x41,0xb8,0xc7,0xff,0xff,0x01,0x10,0x04,0x41,0x54,0xc8,0xff,0xff,0x01,0x10,
  0x04,0x41,0xf1,0xc8,0xff,0xff,0x01,0x10,0x04,0x41,0x8f,0xc9,0xff,0xff,0x01,0x10,
  0x04,0x41,0x2e,0xca,0xff,0xff,0x01,0x10,0x04,0x41,0xcd,0xca,0xff,0xff,0x01,0x10,
  0x04,0x41,0x6e,0xcb,0xff,0xff,0x01,0x10,0x04,0x41,0x0f,0xcc,0xff,0xff,0x01,0x10,
  0x04,0x41,0xb1,0xcc,0xff,0xff,0x01,0x10,0x04,0x41,0x53,0xcd,0xff,0xff,0x01,0x10,
  0x04,0x41,0xf7,0xcd,0xff,0xff,0x01,0x10,0x04,0x41,0x9b,0xce,0xff,0xff,0x01,0x10,
  0x04,0x41,0x40,0xcf,0xff,0xff,0x01,0x10,0x04,0x41,0xe5,0xcf,0xff,0xff,0x01,0x10,
  0x04,0x41,0x8c,0xd0,0xff,0xff,0x01,0x10,0x04,0x41,0x33,0xd1,0xff,0xff,0x01,0x10,
  0x04,0x41,0xda,0xd1,0xff,0xff,0x01,0x10,0x04,0x41,0x83,0xd2,0xff,0xff,0x01,0x10,
  0x04,0x41,0x2c,0xd3,0xff,0xff,0x01,0x10,0x04,0x41,0xd6,0xd3,0xff,0xff,0x01,0x10,
  0x04,0x41,0x81,0xd4,0xff,0xff,0x01,0x10,0x04,0x41,0x2c,0xd5,0xff,0xff,0x01,0x10,
  0x04,0x41,0xd8,0xd5,0xff,0xff,0x01,0x10,0x04,0x41,0x85,0xd6,0xff,0xff,0x01,0x10,
  0x04,0x41,0x32,0xd7,0xff,0xff,0x01,0x10,0x04,0x41,0xe0,0xd7,0xff,0xff,0x01,0x10,
  0x04,0x41,0x8e,0xd8,0xff,0xff,0x01,0x10,0x04,0x41,0x3e,0xd9,0xff,0xff,0x01,0x10,
  0x04,0x41,0xed,0xd9,0xff,0xff,0x01,0x10,0x04,0x41,0x9e,0xda,0xff,0xff,0x01,0x10,
  0x04,0x41,0x4f,0xdb,0xff,0xff,0x01,0x10,0x04,0x41,0x01,0xdc,0xff,0xff,0x01,0x10,
  0x04,0x41,0xb3,0xdc,0xff,0xff,0x01,0x10,0x04,0x41,0x66,0xdd,0xff,0xff,0x01,0x10,
  0x04,0x41,0x19,0xde,0xff,0xff,0x01,0x10,0x04,0x41,0xcd,0xde,0xff,0xff,0x01,0x10,
  0x04,0x41,0x82,0xdf,0xff,0xff,0x01,0x10,0x04,0x41,0x37,0xe0,0xff,0xff,0x01,0x10,
  0x04,0x41,0xed,0xe0,0xff,0xff,0x01,0x10,0x04,0x41,0xa3,0xe1,0xff,0xff,0x01,0x10,
  0x04,0x41,0x59,0xe2,0xff,0xff,0x01,0x10,0x04,0x41,0x11,0xe3,0xff,0xff,0x01,0x10,
  0x04,0x41,0xc8,0xe3,0xff,0xff,0x01,0x10,0x04,0x41,0x80,0xe4,0xff,0xff,0x01,0x10,
  0x04,0x41,0x39,0xe5,0xff,0xff,0x01,0x10,0x04,0x41,0xf2,0xe5,0xff,0xff,0x01,0x10,
  0x04,0x41,0xab,0xe6,0xff,0xff,0x01,0x10,0x04,0x41,0x65,0xe7,0xff,0xff,0x01,0x10,
  0x04,0x41,0x20,0xe8,0xff,0xff,0x01,0x10,0x04,0x41,0xda,0xe8,0xff,0xff,0x01,0x10,
  0x04,0x41,0x96,0xe9,0xff,0xff,0x01,0x10,0x04,0x41,0x51,0xea,0xff,0xff,0x01,0x10,
  0x04,0x41,0x0d,0xeb,0xff,0xff,0x01,0x10,0x04,0x41,0xc9,0xeb,0xff,0xff,0x01,0x10,
  0x04,0x41,0x86,0xec,0xff,0xff,0x01,0x10,0x04,0x41,0x43,0xed,0xff,0xff,0x01,0x10,
  0x04,0x41,0x00,0xee,0xff,0xff,0x01,0x10,0x04,0x41,0xbe,0xee,0xff,0xff,0x01,0x10,
  0x04,0x41,0x7c,0xef,0xff,0xff,0x01,0x10,0x04,0x41,0x3a,0xf0,0xff,0xff,0x01,0x10,
  0x04,0x41,0xf8,0xf0,0xff,0xff,0x01,0x10,0x04,0x41,0xb7,0xf1,0xff,0xff,0x01,0x10,
  0x04,0x41,0x76,0xf2,0xff,0xff,0x01,0x10,0x04,0x41,0x35,0xf3,0xff,0xff,0x01,0x10,
  0x04,0x41,0xf5,0xf3,0xff,0xff,0x01,0x10,0x04,0x41,0xb4,0xf4,0xff,0xff,0x01,0x10,
  0x04,0x41,0x74,0xf5,0xff,0xff,0x01,0x10,0x04,0x41,0x34,0xf6,0xff,0xff,0x01,0x10,
  0x04,0x41,0xf5,0xf6,0xff,0xff,0x01,0x10,0x04,0x41,0xb5,0xf7,0xff,0xff,0x01,0x10,
  0x04,0x41,0x76,0xf8,0xff,0xff,0x01,0x10,0x04,0x41,0x36,0xf9,0xff,0xff,0x01,0x10,
  0x04,0x41,0xf7,0xf9,0xff,0xff,0x01,0x10,0x04,0x41,0xb8,0xfa,0xff,0xff,0x01,0x10,
  0x04,0x41,0x79,0xfb,0xff,0xff,0x01,0x10,0x04,0x41,0x3a,0xfc,0xff,0xff,0x01,0x10,
  0x04,0x41,0xfb,0xfc,0xff,0xff,0x01,0x10,0x04,0x41,0xbc,0xfd,0xff,0xff,0x01,0x10,
  0x04,0x41,0x7d,0xfe,0xff,0xff,0x01,0x10,0x04,0x41,0x3f,0xff,0xff,0xff,0x01,0x10,
  0x04,0x41,0x00,0x00,0x00,0x00,0x01,0x10,0x00,0x41,0x00,0x00,0x03,0x00,0x01,0x10,
  0x04,0x41,0x00,0x00,0x00,0x00,0x01,0x10,0x04,0x41,0xc1,0x00,0x00,0x00,0x01,0x10,
  0x04,0x41,0x83,0x01,0x00,0x00,0x01,0x10,0x04,0x41,0x44,0x02,0x00,0x00,0x01,0x10,
  0x04,0x41,0x05,0x03,0x00,0x00,0x01,0x10,0x04,0x41,0xc6,0x03,0x00,0x00,0x01,0x10,
  0x04,0x41,0x87,0x04,0x00,0x00,0x01,0x10,0x04,0x41,0x48,0x05,0x00,0x00,0x01,0x10,
  0x04,0x41,0x09,0x06,0x00,0x00,0x01,0x10,0x04,0x41,0xca,0x06,0x00,0x00,0x01,0x10,
  0x04,0x41,0x8b,0x07,0x00,0x00,0x01,0x10,0x04,0x41,0x4b,0x08,0x00,0x00,0x01,0x10,
  0x04,0x41,0x0b,0x09,0x00,0x00,0x01,0x10,0x04,0x41,0xcc,0x09,0x00,0x00,0x01,0x10,
  0x04,0x41,0x8c,0x0a,0x00,0x00,0x01,0x10,0x04,0x41,0x4c,0x0b,0x00,0x00,0x01,0x10,
  0x04,0x41,0x0b,0x0c,0x00,0x00,0x01,0x10,0x04,0x41,0xcb,0x0c,0x00,0x00,0x01,0x10,
  0x04,0x41,0x8a,0x0d,0x00,0x00,0x01,0x10,0x04,0x41,0x49,0x0e,0x00,0x00,0x01,0x10,
  0x04,0x41,0x08,0x0f,0x00,0x00,0x01,0x10,0x04,0x41,0xc6,0x0f,0x00,0x00,0x01,0x10,
  0x04,0x41,0x84,0x10,0x00,0x00,0x01,0x10,0x04,0x41,0x42,0x11,0x00,0x00,0x01,0x10,
  0x04,0x41,0x00,0x12,0x00,0x00,0x01,0x10,0x04,0x41,0xbd,0x12,0x00,0x00,0x01,0x10,
  0x04,0x41,0x7a,0x13,0x00,0x00,0x01,0x10,0x04,0x41,0x37,0x14,0x00,0x00,0x01,0x10,
  0x04,0x41,0xf3,0x14,0x00,0x00,0x01,0x10,0x04,0x41,0xaf,0x15,0x00,0x00,0x01,0x10,
  0x04,0x41,0x6a,0x16,0x00,0x00,0x01,0x10,0x04,0x41,0x26,0x17,0x00,0x00,0x01,0x10,
  0x04,0x41,0xe0,0x17,0x00,0x00,0x01,0x10,0x04,0x41,0x9b,0x18,0x00,0x00,0x01,0x10,
  0x04,0x41,0x55,0x19,0x00,0x00,0x01,0x10,0x04,0x41,0x0e,0x1a,0x00,0x00,0x01,0x10,
  0x04,0x41,0xc7,0x1a,0x00,0x00,0x01,0x10,0x04,0x41,0x80,0x1b,0x00,0x00,0x01,0x10,
  0x04,0x41,0x38,0x1c,0x00,0x00,0x01,0x10,0x04,0x41,0xef,0x1c,0x00,0x00,0x01,0x10,
  0x04,0x41,0xa7,0x1d,0x00,0x00,0x01,0x10,0x04,0x41,0x5d,0x1e,0x00,0x00,0x01,0x10,
  0x04,0x41,0x13,0x1f,0x00,0x00,0x01,0x10,0x04,0x41,0xc9,0x1f,0x00,0x00,0x01,0x10,
  0x04,0x41,0x7e,0x20,0x00,0x00,0x01,0x10,0x04,0x41,0x33,0x21,0x00,0x00,0x01,0x10,
  0x04,0x41,0xe7,0x21,0x00,0x00,0x01,0x10,0x04,0x41,0x9a,0x22,0x00,0x00,0x01,0x10,
  0x04,0x41,0x4d,0x23,0x00,0x00,0x01,0x10,0x04,0x41,0xff,0x23,0x00,0x00,0x01,0x10,
  0x04,0x41,0xb1,0x24,0x00,0x00,0x01,0x10,0x04,0x41,0x62,0x25,0x00,0x00,0x01,0x10,
  0x04,0x41,0x13,0x26,0x00,0x00,0x01,0x10,0x04,0x41,0xc2,0x26,0x00,0x00,0x01,0x10,
  0x04,0x41,0x72,0x27,0x00,0x00,0x01,0x10,0x04,0x41,0x20,0x28,0x00,0x00,0x01,0x10,
  0x04,0x41,0xce,0x28,0x00,0x00,0x01,0x10,0x04,0x41,0x7b,0x29,0x00,0x00,0x01,0x10,
  0x04,0x41,0x28,0x2a,0x00,0x00,0x01,0x10,0x04,0x41,0xd4,0x2a,0x00,0x00,0x01,0x10,
  0x04,0x41,0x7f,0x2b,0x00,0x00,0x01,0x10,0x04,0x41,0x2a,0x2c,0x00,0x00,0x01,0x10,
  0x04,0x41,0xd4,0x2c,0x00,0x00,0x01,0x10,0x04,0x41,0x7d,0x2d,0x00,0x00,0x01,0x10,
  0x04,0x41,0x26,0x2e,0x00,0x00,0x01,0x10,0x04,0x41,0xcd,0x2e,0x00,0x00,0x01,0x10,
  0x04,0x41,0x74,0x2f,0x00,0x00,0x01,0x10,0x04,0x41,0x1b,0x30,0x00,0x00,0x01,0x10,
  0x04,0x41,0xc0,0x30,0x00,0x00,0x01,0x10,0x04,0x41,0x65,0x31,0x00,0x00,0x01,0x10,
  0x04,0x41,0x09,0x32,0x00,0x00,0x01,0x10,0x04,0x41,0xad,0x32,0x00,0x00,0x01,0x10,
  0x04,0x41,0x4f,0x33,0x00,0x00,0x01,0x10,0x04,0x41,0xf1,0x33,0x00,0x00,0x01,0x10,
  0x04,0x41,0x92,0x34,0x00,0x00,0x01,0x10,0x04,0x41,0x33,0x35,0x00,0x00,0x01,0x10,
  0x04,0x41,0xd2,0x35,0x00,0x00,0x01,0x10,0x04,0x41,0x71,0x36,0x00,0x00,0x01,0x10,
  0x04,0x41,0x0f,0x37,0x00,0x00,0x01,0x10,0x04,0x41,0xac,0x37,0x00,0x00,0x01,0x10,
  0x04,0x41,0x48,0x38,0x00,0x00,0x01,0x10,0x04,0x41,0xe4,0x38,0x00,0x00,0x01,0x10,
  0x04,0x41,0x7e,0x39,0x00,0x00,0x01,0x10,0x04,0x41,0x18,0x3a,0x00,0x00,0x01,0x10,
  0x04,0x41,0xb1,0x3a,0x00,0x00,0x01,0x10,0x04,0x41,0x49,0x3b,0x00,0x00,0x01,0x10,
  0x04,0x41,0xe1,0x3b,0x00,0x00,0x01,0x10,0x04,0x41,0x77,0x3c,0x00,0x00,0x01,0x10,
  0x04,0x41,0x0d,0x3d,0x00,0x00,0x01,0x10,0x04,0x41,0xa2,0x3d,0x00,0x00,0x01,0x10,
  0x04,0x41,0x36,0x3e,0x00,0x00,0x01,0x10,0x04,0x41,0xc9,0x3e,0x00,0x00,0x01,0x10,
  0x04,0x41,0x5c,0x3f,0x00,0x00,0x01,0x10,0x04,0x41,0xed,0x3f,0x00,0x00,0x01,0x10,
  0x04,0x41,0x7e,0x40,0x00,0x00,0x01,0x10,0x04,0x41,0x0d,0x41,0x00,0x00,0x01,0x10,
  0x04,0x41,0x9c,0x41,0x00,0x00,0x01,0x10,0x04,0x41,0x2a,0x42,0x00,0x00,0x01,0x10,
  0x04,0x41,0xb8,0x42,0x00,0x00,0x01,0x10,0x04,0x41,0x44,0x43,0x00,0x00,0x01,0x10,
  0x04,0x41,0xcf,0x43,0x00,0x00,0x01,0x10,0x04,0x41,0x5a,0x44,0x00,0x00,0x01,0x10,
  0x04,0x41,0xe4,0x44,0x00,0x00,0x01,0x10,0x04,0x41,0x6d,0x45,0x00,0x00,0x01,0x10,
  0x04,0x41,0xf5,0x45,0x00,0x00,0x01,0x10,0x04,0x41,0x7c,0x46,0x00,0x00,0x01,0x10,
  0x04,0x41,0x02,0x47,0x00,0x00,0x01,0x10,0x04,0x41,0x87,0x47,0x00,0x00,0x01,0x10,
  0x04,0x41,0x0c,0x48,0x00,0x00,0x01,0x10,0x04,0x41,0x8f,0x48,0x00,0x00,0x01,0x10,
  0x04,0x41,0x12,0x49,0x00,0x00,0x01,0x10,0x04,0x41,0x94,0x49,0x00,0x00,0x01,0x10,
  0x04,0x41,0x15,0x4a,0x00,0x00,0x01,0x10,0x04,0x41,0x95,0x4a,0x00,0x00,0x01,0x10,
  0x04,0x41,0x14,0x4b,0x00,0x00,0x01,0x10,0x04,0x41,0x92,0x4b,0x00,0x00,0x01,0x10,
  0x04,0x41,0x10,0x4c,0x00,0x00,0x01,0x10,0x04,0x41,0x8d,0x4c,0x00,0x00,0x01,0x10,
  0x04,0x41,0x08,0x4d,0x00,0x00,0x01,0x10,0x04,0x41,0x83,0x4d,0x00,0x00,0x01,0x10,
  0x04,0x41,0xfd,0x4d,0x00,0x00,0x01,0x10,0x04,0x41,0x76,0x4e,0x00,0x00,0x01,0x10,
  0x04,0x41,0xee,0x4e,0x00,0x00,0x01,0x10,0x04,0x41,0x66,0x4f,0x00,0x00,0x01,0x10,
  0x04,0x41,0xdc,0x4f,0x00,0x00,0x01,0x10,0x04,0x41,0x52,0x50,0x00,0x00,0x01,0x10,
  0x04,0x41,0xc6,0x50,0x00,0x00,0x01,0x10,0x04,0x41,0x3a,0x51,0x00,0x00,0x01,0x10,
  0x04,0x41,0xad,0x51,0x00,0x00,0x01,0x10,0x04,0x41,0x1f,0x52,0x00,0x00,0x01,0x10,
  0x04,0x41,0x91,0x52,0x00,0x00,0x01,0x10,0x04,0x41,0x01,0x53,0x00,0x00,0x01,0x10,
  0x04,0x41,0x71,0x53,0x00,0x00,0x01,0x10,0x04,0x41,0xdf,0x53,0x00,0x00,0x01,0x10,
  0x04,0x41,0x4d,0x54,0x00,0x00,0x01,0x10,0x04,0x41,0xba,0x54,0x00,0x00,0x01,0x10,
  0x04,0x41,0x27,0x55,0x00,0x00,0x01,0x10,0x04,0x41,0x92,0x55,0x00,0x00,0x01,0x10,
  0x04,0x41,0xfc,0x55,0x00,0x00,0x01,0x10,0x04,0x41,0x66,0x56,0x00,0x00,0x01,0x10,
  0x04,0x41,0xcf,0x56,0x00,0x00,0x01,0x10,0x04,0x41,0x37,0x57,0x00,0x00,0x01,0x10,
  0x04,0x41,0x9e,0x57,0x00,0x00,0x01,0x10,0x04,0x41,0x04,0x58,0x00,0x00,0x01,0x10,
  0x04,0x41,0x6a,0x58,0x00,0x00,0x01,0x10,0x04,0x41,0xce,0x58,0x00,0x00,0x01,0x10,
  0x04,0x41,0x32,0x59,0x00,0x00,0x01,0x10,0x04,0x41,0x95,0x59,0x00,0x00,0x01,0x10,
  0x04,0x41,0xf7,0x59,0x00,0x00,0x01,0x10,0x04,0x41,0x59,0x5a,0x00,0x00,0x01,0x10,
  0x04,0x41,0xb9,0x5a,0x00,0x00,0x01,0x10,0x04,0x41,0x19,0x5b,0x00,0x00,0x01,0x10,
  0x04,0x41,0x78,0x5b,0x00,0x00,0x01,0x10,0x04,0x41,0xd6,0x5b,0x00,0x00,0x01,0x10,
  0x04,0x41,0x34,0x5c,0x00,0x00,0x01,0x10,0x04,0x41,0x90,0x5c,0x00,0x00,0x01,0x10,
  0x04,0x41,0xec,0x5c,0x00,0x00,0x01,0x10,0x04,0x41,0x47,0x5d,0x00,0x00,0x01,0x10,
  0x04,0x41,0xa1,0x5d,0x00,0x00,0x01,0x10,0x04,0x41,0xfb,0x5d,0x00,0x00,0x01,0x10,
  0x04,0x41,0x53,0x5e,0x00,0x00,0x01,0x10,0x04,0x41,0xab,0x5e,0x00,0x00,0x01,0x10,
  0x04,0x41,0x02,0x5f,0x00,0x00,0x01,0x10,0x04,0x41,0x59,0x5f,0x00,0x00,0x01,0x10,
  0x04,0x41,0xae,0x5f,0x00,0x00,0x01,0x10,0x04,0x41,0x03,0x60,0x00,0x00,0x01,0x10,
  0x04,0x41,0x58,0x60,0x00,0x00,0x01,0x10,0x04,0x41,0xab,0x60,0x00,0x00,0x01,0x10,
  0x04,0x41,0xfe,0x60,0x00,0x00,0x01,0x10,0x04,0x41,0x50,0x61,0x00,0x00,0x01,0x10,
  0x04,0x41,0xa1,0x61,0x00,0x00,0x01,0x10,0x04,0x41,0xf1,0x61,0x00,0x00,0x01,0x10,
  0x04,0x41,0x41,0x62,0x00,0x00,0x01,0x10,0x04,0x41,0x90,0x62,0x00,0x00,0x01,0x10,
  0x04,0x41,0xde,0x62,0x00,0x00,0x01,0x10,0x04,0x41,0x2c,0x63,0x00,0x00,0x01,0x10,
  0x04,0x41,0x79,0x63,0x00,0x00,0x01,0x10,0x04,0x41,0xc5,0x63,0x00,0x00,0x01,0x10,
  0x04,0x41,0x10,0x64,0x00,0x00,0x01,0x10,0x04,0x41,0x5b,0x64,0x00,0x00,0x01,0x10,
  0x04,0x41,0xa5,0x64,0x00,0x00,0x01,0x10,0x04,0x41,0xef,0x64,0x00,0x00,0x01,0x10,
  0x04,0x41,0x38,0x65,0x00,0x00,0x01,0x10,0x04,0x41,0x80,0x65,0x00,0x00,0x01,0x10,
  0x04,0x41,0xc7,0x65,0x00,0x00,0x01,0x10,0x04,0x41,0x0e,0x66,0x00,0x00,0x01,0x10,
  0x04,0x41,0x54,0x66,0x00,0x00,0x01,0x10,0x04,0x41,0x99,0x66,0x00,0x00,0x01,0x10,
  0x04,0x41,0xde,0x66,0x00,0x00,0x01,0x10,0x04,0x41,0x22,0x67,0x00,0x00,0x01,0x10,
  0x04,0x41,0x66,0x67,0x00,0x00,0x01,0x10,0x04,0x41,0xa8,0x67,0x00,0x00,0x01,0x10,
  0x04,0x41,0xeb,0x67,0x00,0x00,0x01,0x10,0x04,0x41,0x2c,0x68,0x00,0x00,0x01,0x10,
  0x04,0x41,0x6d,0x68,0x00,0x00,0x01,0x10,0x04,0x41,0xad,0x68,0x00,0x00,0x01,0x10,
  0x04,0x41,0xed,0x68,0x00,0x00,0x01,0x10,0x04,0x41,0x2c,0x69,0x00,0x00,0x01,0x10,
  0x04,0x41,0x6b,0x69,0x00,0x00,0x01,0x10,0x04,0x41,0xa9,0x69,0x00,0x00,0x01,0x10,
  0x04,0x41,0xe6,0x69,0x00,0x00,0x01,0x10,0x04,0x41,0x23,0x6a,0x00,0x00,0x01,0x10,
  0x04,0x41,0x5f,0x6a,0x00,0x00,0x01,0x10,0x04,0x41,0x9a,0x6a,0x00,0x00,0x01,0x10,
  0x04,0x41,0xd5,0x6a,0x00,0x00,0x01,0x10,0x04,0x41,0x0f,0x6b,0x00,0x00,0x01,0x10,
  0x04,0x41,0x49,0x6b,0x00,0x00,0x01,0x10,0x04,0x41,0x82,0x6b,0x00,0x00,0x01,0x10,
  0x04,0x41,0xbb,0x6b,0x00,0x00,0x01,0x10,0x04,0x41,0xf3,0x6b,0x00,0x00,0x01,0x10,
  0x04,0x41,0x2b,0x6c,0x00,0x00,0x01,0x10,0x04,0x41,0x62,0x6c,0x00,0x00,0x01,0x10,
  0x04,0x41,0x98,0x6c,0x00,0x00,0x01,0x10,0x04,0x41,0xce,0x6c,0x00,0x00,0x01,0x10,
  0x04,0x41,0x03,0x6d,0x00,0x00,0x01,0x10,0x04,0x41,0x38,0x6d,0x00,0x00,0x01,0x10,
  0x04,0x41,0x6c,0x6d,0x00,0x00,0x01,0x10,0x04,0x41,0xa0,0x6d,0x00,0x00,0x01,0x10,
  0x04,0x41,0xd3,0x6d,0x00,0x00,0x01,0x10,0x04,0x41,0x06,0x6e,0x00,0x00,0x01,0x10,
  0x04,0x41,0x38,0x6e,0x00,0x00,0x01,0x10,0x04,0x41,0x6a,0x6e,0x00,0x00,0x01,0x10,
  0x04,0x41,0x9b,0x6e,0x00,0x00,0x01,0x10,0x04,0x41,0xcc,0x6e,0x00,0x00,0x01,0x10,
  0x04,0x41,0xfc,0x6e,0x00,0x00,0x01,0x10,0x04,0x41,0x2c,0x6f,0x00,0x00,0x01,0x10,
  0x04,0x41,0x5b,0x6f,0x00,0x00,0x01,0x10,0x04,0x41,0x8a,0x6f,0x00,0x00,0x01,0x10,
  0x04,0x41,0xb8,0x6f,0x00,0x00,0x01,0x10,0x04,0x41,0xe6,0x6f,0x00,0x00,0x01,0x10,
  0x04,0x41,0x13,0x70,0x00,0x00,0x01,0x10,0x04,0x41,0x40,0x70,0x00,0x00,0x01,0x10,
  0x04,0x41,0x6c,0x70,0x00,0x00,0x01,0x10,0x04,0x41,0x98,0x70,0x00,0x00,0x01,0x10,
  0x04,0x41,0xc4,0x70,0x00,0x00,0x01,0x10,0x04,0x41,0xef,0x70,0x00,0x00,0x01,0x10,
  0x04,0x41,0x19,0x71,0x00,0x00,0x01,0x10,0x04,0x41,0x44,0x71,0x00,0x00,0x01,0x10,
  0x04,0x41,0x6d,0x71,0x00,0x00,0x01,0x10,0x04,0x41,0x97,0x71,0x00,0x00,0x01,0x10,
  0x04,0x41,0xbf,0x71,0x00,0x00,0x01,0x10,0x04,0x41,0xe8,0x71,0x00,0x00,0x01,0x10,
  0x04,0x41,0x10,0x72,0x00,0x00,0x01,0x10,0x04,0x41,0x37,0x72,0x00,0x00,0x01,0x10,
  0x04,0x41,0x5f,0x72,0x00,0x00,0x01,0x10,0x04,0x41,0x85,0x72,0x00,0x00,0x01,0x10,
  0x04,0x41,0xac,0x72,0x00,0x00,0x01,0x10,0x04,0x41,0xd2,0x72,0x00,0x00,0x01,0x10,
  0x04,0x41,0xf7,0x72,0x00,0x00,0x01,0x10,0x04,0x41,0x1c,0x73,0x00,0x00,0x01,0x10,
  0x04,0x41,0x41,0x73,0x00,0x00,0x01,0x10,0x04,0x41,0x66,0x73,0x00,0x00,0x01,0x10,
  0x04,0x41,0x8a,0x73,0x00,0x00,0x01,0x10,0x04,0x41,0xad,0x73,0x00,0x00,0x01,0x10,
  0x04,0x41,0xd0,0x73,0x00,0x00,0x01,0x10,0x04,0x41,0xf3,0x73,0x00,0x00,0x01,0x10,
  0x04,0x41,0x16,0x74,0x00,0x00,0x01,0x10,0x04,0x41,0x38,0x74,0x00,0x00,0x01,0x10,
  0x04,0x41,0x5a,0x74,0x00,0x00,0x01,0x10,0x04,0x41,0x7b,0x74,0x00,0x00,0x01,0x10,
  0x04,0x41,0x9c,0x74,0x00,0x00,0x01,0x10,0x04,0x41,0xbd,0x74,0x00,0x00,0x01,0x10,
  0x04,0x41,0xdd,0x74,0x00,0x00,0x01,0x10,0x04,0x41,0xfd,0x74,0x00,0x00,0x01,0x10,
  0x04,0x41,0x1d,0x75,0x00,0x00,0x01,0x10,0x04,0x41,0x3c,0x75,0x00,0x00,0x01,0x10,
  0x04,0x41,0x5b,0x75,0x00,0x00,0x01,0x10,0x04,0x41,0x7a,0x75,0x00,0x00,0x01,0x10,
  0x04,0x41,0x98,0x75,0x00,0x00,0x01,0x10,0x04,0x41,0xb6,0x75,0x00,0x00,0x01,0x10,
  0x04,0x41,0xd3,0x75,0x00,0x00,0x01,0x10,0x04,0x41,0xf1,0x75,0x00,0x00,0x01,0x10,
  0x04,0x41,0x0e,0x76,0x00,0x00,0x01,0x10,0x04,0x41,0x2b,0x76,0x00,0x00,0x01,0x10,
  0x04,0x41,0x47,0x76,0x00,0x00,0x01,0x10,0x04,0x41,0x63,0x76,0x00,0x00,0x01,0x10,
  0x04,0x41,0x7f,0x76,0x00,0x00,0x01,0x10,0x04,0x41,0x9a,0x76,0x00,0x00,0x01,0x10,
  0x04,0x41,0xb5,0x76,0x00,0x00,0x01,0x10,0x04,0x41,0xd0,0x76,0x00,0x00,0x01,0x10,
  0x04,0x41,0xeb,0x76,0x00,0x00,0x01,0x10,0x04,0x41,0x05,0x77,0x00,0x00,0x01,0x10,
  0x04,0x41,0x1f,0x77,0x00,0x00,0x01,0x10,0x04,0x41,0x39,0x77,0x00,0x00,0x01,0x10,
  0x04,0x41,0x52,0x77,0x00,0x00,0x01,0x10,0x04,0x41,0x6c,0x77,0x00,0x00,0x01,0x10,
  0x04,0x41,0x84,0x77,0x00,0x00,0x01,0x10,0x04,0x41,0x9d,0x77,0x00,0x00,0x01,0x10,
  0x04,0x41,0xb5,0x77,0x00,0x00,0x01,0x10,0x04,0x41,0xce,0x77,0x00,0x00,0x01,0x10,
  0x04,0x41,0xe5,0x77,0x00,0x00,0x01,0x10,0x04,0x41,0xfd,0x77,0x00,0x00,0x01,0x10,
  0x04,0x41,0x14,0x78,0x00,0x00,0x01,0x10,0x04,0x41,0x2b,0x78,0x00,0x00,0x01,0x10,
  0x04,0x41,0x42,0x78,0x00,0x00,0x01,0x10,0x04,0x41,0x59,0x78,0x00,0x00,0x01,0x10,
  0x04,0x41,0x6f,0x78,0x00,0x00,0x01,0x10,0x04,0x41,0x85,0x78,0x00,0x00,0x01,0x10,
  0x04,0x41,0x9b,0x78,0x00,0x00,0x01,0x10,0x04,0x41,0xb0,0x78,0x00,0x00,0x01,0x10,
  0x04,0x41,0xc6,0x78,0x00,0x00,0x01,0x10,0x04,0x41,0xdb,0x78,0x00,0x00,0x01,0x10,
  0x04,0x41,0xf0,0x78,0x00,0x00,0x01,0x10,0x04,0x41,0x04,0x79,0x00,0x00,0x01,0x10,
  0x04,0x41,0x19,0x79,0x00,0x00,0x01,0x10,0x04,0x41,0x2d,0x79,0x00,0x00,0x01,0x10,
  0x04,0x41,0x41,0x79,0x00,0x00,0x01,0x10,0x04,0x41,0x54,0x79,0x00,0x00,0x01,0x10,
  0x04,0x41,0x68,0x79,0x00,0x00,0x01,0x10,0x04,0x41,0x7b,0x79,0x00,0x00,0x01,0x10,
  0x04,0x41,0x8e,0x79,0x00,0x00,0x01,0x10,0x04,0x41,0xa1,0x79,0x00,0x00,0x01,0x10,
  0x04,0x41,0xb4,0x79,0x00,0x00,0x01,0x10,0x04,0x41,0xc6,0x79,0x00,0x00,0x01,0x10,
  0x04,0x41,0xd8,0x79,0x00,0x00,0x01,0x10,0x04,0x41,0xea,0x79,0x00,0x00,0x01,0x10,
  0x04,0x41,0xfc,0x79,0x00,0x00,0x01,0x10,0x04,0x41,0x0e,0x7a,0x00,0x00,0x01,0x10,
  0x04,0x41,0x1f,0x7a,0x00,0x00,0x01,0x10,0x04,0x41,0x31,0x7a,0x00,0x00,0x01,0x10,
  0x04,0x41,0x42,0x7a,0x00,0x00,0x01,0x10,0x04,0x41,0x52,0x7a,0x00,0x00,0x01,0x10,
  0x04,0x41,0x63,0x7a,0x00,0x00,0x01,0x10,0x04,0x41,0x74,0x7a,0x00,0x00,0x01,0x10,
  0x04,0x41,0x84,0x7a,0x00,0x00,0x01,0x10,0x04,0x41,0x94,0x7a,0x00,0x00,0x01,0x10,
  0x04,0x41,0xa4,0x7a,0x00,0x00,0x01,0x10,0x04,0x41,0xb4,0x7a,0x00,0x00,0x01,0x10,
  0x04,0x41,0xc3,0x7a,0x00,0x00,0x01,0x10,0x04,0x41,0xd3,0x7a,0x00,0x00,0x01,0x10,
  0x04,0x41,0xe2,0x7a,0x00,0x00,0x01,0x10,0x04,0x41,0xf1,0x7a,0x00,0x00,0x01,0x10,
  0x04,0x41,0x00,0x7b,0x00,0x00,0x01,0x10,0x04,0x41,0x0e,0x7b,0x00,0x00,0x01,0x10,
  0x04,0x41,0x1d,0x7b,0x00,0x00,0x01,0x10,0x04,0x41,0x2b,0x7b,0x00,0x00,0x01,0x10,
  0x04,0x41,0x3a,0x7b,0x00,0x00,0x01,0x10,0x04,0x41,0x48,0x7b,0x00,0x00,0x01,0x10,
  0x04,0x41,0x56,0x7b,0x00,0x00,0x01,0x10,0x04,0x41,0x63,0x7b,0x00,0x00,0x01,0x10,
  0x04,0x41,0x71,0x7b,0x00,0x00,0x01,0x10,0x04,0x41,0x7e,0x7b,0x00,0x00,0x01,0x10,
  0x04,0x41,0x8c,0x7b,0x00,0x00,0x01,0x10,0x04,0x41,0x99,0x7b,0x00,0x00,0x01,0x10,
  0x04,0x41,0xa6,0x7b,0x00,0x00,0x01,0x10,0x04,0x41,0xb3,0x7b,0x00,0x00,0x01,0x10,
  0x04,0x41,0xbf,0x7b,0x00,0x00,0x01,0x10,0x04,0x41,0xcc,0x7b,0x00,0x00,0x01,0x10,
  0x04,0x41,0xd8,0x7b,0x00,0x00,0x01,0x10,0x04,0x41,0xe4,0x7b,0x00,0x00,0x01,0x10,
  0x04,0x41,0xf1,0x7b,0x00,0x00,0x01,0x10,0x04,0x41,0xfd,0x7b,0x00,0x00,0x01,0x10,
  0x04,0x41,0x08,0x7c,0x00,0x00,0x01,0x10,0x04,0x41,0x14,0x7c,0x00,0x00,0x01,0x10,
  0x04,0x41,0x20,0x7c,0x00,0x00,0x01,0x10,0x04,0x41,0x2b,0x7c,0x00,0x00,0x01,0x10,
  0x04,0x41,0x36,0x7c,0x00,0x00,0x01,0x10,0x04,0x41,0x42,0x7c,0x00,0x00,0x01,0x10,
  0x04,0x41,0x4d,0x7c,0x00,0x00,0x01,0x10,0x04,0x41,0x58,0x7c,0x00,0x00,0x01,0x10,
  0x04,0x41,0x63,0x7c,0x00,0x00,0x01,0x10,0x04,0x41,0x6d,0x7c,0x00,0x00,0x01,0x10,
  0x04,0x41,0x78,0x7c,0x00,0x00,0x01,0x10,0x04,0x41,0x82,0x7c,0x00,0x00,0x01,0x10,
  0x04,0x41,0x8d,0x7c,0x00,0x00,0x01,0x10,0x04,0x41,0x97,0x7c,0x00,0x00,0x01,0x10,
  0x04,0x41,0xa1,0x7c,0x00,0x00,0x01,0x10,0x04,0x41,0xab,0x7c,0x00,0x00,0x01,0x10,
  0x04,0x41,0xb5,0x7c,0x00,0x00,0x01,0x10,0x04,0x41,0xbe,0x7c,0x00,0x00,0x01,0x10,
  0x04,0x41,0xc8,0x7c,0x00,0x00,0x01,0x10,0x04,0x41,0xd2,0x7c,0x00,0x00,0x01,0x10,
  0x04,0x41,0xdb,0x7c,0x00,0x00,0x01,0x10,0x04,0x41,0xe4,0x7c,0x00,0x00,0x01,0x10,
  0x04,0x41,0xee,0x7c,0x00,0x00,0x01,0x10,0x04,0x41,0xf7,0x7c,0x00,0x00,0x01,0x10,
  0x04,0x41,0x00,0x7d,0x00,0x00,0x01,0x10,0x04,0x41,0x09,0x7d,0x00,0x00,0x01,0x10,
  0x04,0x41,0x11,0x7d,0x00,0x00,0x01,0x10,0x04,0x41,0x1a,0x7d,0x00,0x00,0x01,0x10,
  0x04,0x41,0x23,0x7d,0x00,0x00,0x01,0x10,0x04,0x41,0x2b,0x7d,0x00,0x00,0x01,0x10,
  0x04,0x41,0x34,0x7d,0x00,0x00,0x01,0x10,0x04,0x41,0x3c,0x7d,0x00,0x00,0x01,0x10,
  0x04,0x41,0x44,0x7d,0x00,0x00,0x01,0x10,0x04,0x41,0x4c,0x7d,0x00,0x00,0x01,0x10,
  0x04,0x41,0x54,0x7d,0x00,0x00,0x01,0x10,0x04,0x41,0x5c,0x7d,0x00,0x00,0x01,0x10,
  0x04,0x41,0x64,0x7d,0x00,0x00,0x01,0x10,0x04,0x41,0x6c,0x7d,0x00,0x00,0x01,0x10,
  0x04,0x41,0x73,0x7d,0x00,0x00,0x01,0x10,0x04,0x41,0x7b,0x7d,0x00,0x00,0x01,0x10,
  0x04,0x41,0x82,0x7d,0x00,0x00,0x01,0x10,0x04,0x41,0x8a,0x7d,0x00,0x00,0x01,0x10,
  0x04,0x41,0x91,0x7d,0x00,0x00,0x01,0x10,0x04,0x41,0x98,0x7d,0x00,0x00,0x01,0x10,
  0x04,0x41,0x9f,0x7d,0x00,0x00,0x01,0x10,0x04,0x41,0xa6,0x7d,0x00,0x00,0x01,0x10,
  0x04,0x41,0xad,0x7d,0x00,0x00,0x01,0x10,0x04,0x41,0xb4,0x7d,0x00,0x00,0x01,0x10,
  0x04,0x41,0xbb,0x7d,0x00,0x00,0x01,0x10,0x04,0x41,0xc2,0x7d,0x00,0x00,0x01,0x10,
  0x04,0x41,0xc9,0x7d,0x00,0x00,0x01,0x10,0x04,0x41,0xcf,0x7d,0x00,0x00,0x01,0x10,
  0x04,0x41,0xd6,0x7d,0x00,0x00,0x01,0x10,0x04,0x41,0xdc,0x7d,0x00,0x00,0x01,0x10,
  0x04,0x41,0xe2,0x7d,0x00,0x00,0x01,0x10,0x04,0x41,0xe9,0x7d,0x00,0x00,0x01,0x10,
  0x04,0x41,0xef,0x7d,0x00,0x00,0x01,0x10,0x04,0x41,0xf5,0x7d,0x00,0x00,0x01,0x10,
  0x04,0x41,0xfb,0x7d,0x00,0x00,0x01,0x10,0x04,0x41,0x01,0x7e,0x00,0x00,0x01,0x10,
  0x04,0x41,0x07,0x7e,0x00,0x00,0x01,0x10,0x04,0x41,0x0d,0x7e,0x00,0x00,0x01,0x10,
  0x04,0x41,0x13,0x7e,0x00,0x00,0x01,0x10,0x04,0x41,0x19,0x7e,0x00,0x00,0x01,0x10,
  0x04,0x41,0x1e,0x7e,0x00,0x00,0x01,0x10,0x04,0x41,0x24,0x7e,0x00,0x00,0x01,0x10,
  0x04,0x41,0x29,0x7e,0x00,0x00,0x01,0x10,0x04,0x41,0x2f,0x7e,0x00,0x00,0x01,0x10,
  0x04,0x41,0x34,0x7e,0x00,0x00,0x01,0x10,0x04,0x41,0x3a,0x7e,0x00,0x00,0x01,0x10,
  0x04,0x41,0x3f,0x7e,0x00,0x00,0x01,0x10,0x04,0x41,0x44,0x7e,0x00,0x00,0x01,0x10,
  0x04,0x41,0x49,0x7e,0x00,0x00,0x01,0x10,0x04,0x41,0x4e,0x7e,0x00,0x00,0x01,0x10,
  0x04,0x41,0x53,0x7e,0x00,0x00,0x01,0x10,0x04,0x41,0x58,0x7e,0x00,0x00,0x01,0x10,
  0x04,0x41,0x5d,0x7e,0x00,0x00,0x01,0x10,0x04,0x41,0x62,0x7e,0x00,0x00,0x01,0x10,
  0x04,0x41,0x67,0x7e,0x00,0x00,0x01,0x10,0x04,0x41,0x6c,0x7e,0x00,0x00,0x01,0x10,
  0x04,0x41,0x70,0x7e,0x00,0x00,0x01,0x10,0x04,0x41,0x75,0x7e,0x00,0x00,0x01,0x10,
  0x04,0x41,0x7a,0x7e,0x00,0x00,0x01,0x10,0x04,0x41,0x7e,0x7e,0x00,0x00,0x01,0x10,
  0x04,0x41,0x83,0x7e,0x00,0x00,0x01,0x10,0x04,0x41,0x87,0x7e,0x00,0x00,0x01,0x10,
  0x04,0x41,0x8b,0x7e,0x00,0x00,0x01,0x10,0x04,0x41,0x90,0x7e,0x00,0x00,0x01,0x10,
  0x04,0x41,0x94,0x7e,0x00,0x00,0x01,0x10,0x04,0x41,0x98,0x7e,0x00,0x00,0x01,0x10,
  0x04,0x41,0x9d,0x7e,0x00,0x00,0x01,0x10,0x04,0x41,0xa1,0x7e,0x00,0x00,0x01,0x10,
  0x04,0x41,0xa5,0x7e,0x00,0x00,0x01,0x10,0x04,0x41,0xa9,0x7e,0x00,0x00,0x01,0x10,
  0x04,0x41,0xad,0x7e,0x00,0x00,0x01,0x10,0x04,0x41,0xb1,0x7e,0x00,0x00,0x01,0x10,
  0x04,0x41,0xb5,0x7e,0x00,0x00,0x01,0x10,0x04,0x41,0xb8,0x7e,0x00,0x00,0x01,0x10,
  0x04,0x41,0xbc,0x7e,0x00,0x00,0x01,0x10,0x04,0x41,0xc0,0x7e,0x00,0x00,0x01,0x10,
  0x04,0x41,0xc4,0x7e,0x00,0x00,0x01,0x10,0x04,0x41,0xc7,0x7e,0x00,0x00,0x01,0x10,
  0x04,0x41,0xcb,0x7e,0x00,0x00,0x01,0x10,0x04,0x41,0xcf,0x7e,0x00,0x00,0x01,0x10,
  0x04,0x41,0xd2,0x7e,0x00,0x00,0x01,0x10,0x04,0x41,0xd6,0x7e,0x00,0x00,0x01,0x10,
  0x04,0x41,0xd9,0x7e,0x00,0x00,0x01,0x10,0x04,0x41,0xdd,0x7e,0x00,0x00,0x01,0x10,
  0x04,0x41,0xe0,0x7e,0x00,0x00,0x01,0x10,0x04,0x41,0xe3,0x7e,0x00,0x00,0x01,0x10,
  0x04,0x41,0xe7,0x7e,0x00,0x00,0x01,0x10,0x04,0x41,0xea,0x7e,0x00,0x00,0x01,0x10,
  0x04,0x41,0xed,0x7e,0x00,0x00,0x01,0x10,0x04,0x41,0xf0,0x7e,0x00,0x00,0x01,0x10,
  0x04,0x41,0xf4,0x7e,0x00,0x00,0x01,0x10,0x04,0x41,0xf7,0x7e,0x00,0x00,0x01,0x10,
  0x04,0x41,0xfa,0x7e,0x00,0x00,0x01,0x10,0x04,0x41,0xfd,0x7e,0x00,0x00,0x01,0x10,
  0x04,0x41,0x00,0x7f,0x00,0x00,0x01,0x10,0x04,0x41,0x03,0x7f,0x00,0x00,0x01,0x10,
  0x04,0x41,0x06,0x7f,0x00,0x00,0x01,0x10,0x04,0x41,0x09,0x7f,0x00,0x00,0x01,0x10,
  0x04,0x41,0x0c,0x7f,0x00,0x00,0x01,0x10,0x04,0x41,0x0e,0x7f,0x00,0x00,0x01,0x10,
  0x04,0x41,0x11,0x7f,0x00,0x00,0x01,0x10,0x04,0x41,0x14,0x7f,0x00,0x00,0x01,0x10,
  0x04,0x41,0x17,0x7f,0x00,0x00,0x01,0x10,0x04,0x41,0x19,0x7f,0x00,0x00,0x01,0x10,
  0x04,0x41,0x1c,0x7f,0x00,0x00,0x01,0x10,0x04,0x41,0x1f,0x7f,0x00,0x00,0x01,0x10,
  0x04,0x41,0x21,0x7f,0x00,0x00,0x01,0x10,0x04,0x41,0x24,0x7f,0x00,0x00,0x01,0x10,
  0x04,0x41,0x27,0x7f,0x00,0x00,0x01,0x10,0x04,0x41,0x29,0x7f,0x00,0x00,0x01,0x10,
  0x04,0x41,0x2c,0x7f,0x00,0x00,0x01,0x10,0x04,0x41,0x2e,0x7f,0x00,0x00,0x01,0x10,
  0x04,0x41,0x31,0x7f,0x00,0x00,0x01,0x10,0x04,0x41,0x33,0x7f,0x00,0x00,0x01,0x10,
  0x04,0x41,0x35,0x7f,0x00,0x00,0x01,0x10,0x04,0x41,0x38,0x7f,0x00,0x00,0x01,0x10,
  0x04,0x41,0x3a,0x7f,0x00,0x00,0x01,0x10,0x04,0x41,0x3c,0x7f,0x00,0x00,0x01,0x10,
  0x04,0x41,0x3f,0x7f,0x00,0x00,0x01,0x10,0x04,0x41,0x41,0x7f,0x00,0x00,0x01,0x10,
  0x04,0x41,0x43,0x7f,0x00,0x00,0x01,0x10,0x04,0x41,0x45,0x7f,0x00,0x00,0x01,0x10,
  0x04,0x41,0x47,0x7f,0x00,0x00,0x01,0x10,0x04,0x41,0x4a,0x7f,0x00,0x00,0x01,0x10,
  0x04,0x41,0x4c,0x7f,0x00,0x00,0x01,0x10,0x04,0x41,0x4e,0x7f,0x00,0x00,0x01,0x10,
  0x04,0x41,0x50,0x7f,0x00,0x00,0x01,0x10,0x04,0x41,0x52,0x7f,0x00,0x00,0x01,0x10,
  0x04,0x41,0x54,0x7f,0x00,0x00,0x01,0x10,0x04,0x41,0x56,0x7f,0x00,0x00,0x01,0x10,
  0x04,0x41,0x58,0x7f,0x00,0x00,0x01,0x10,0x04,0x41,0x5a,0x7f,0x00,0x00,0x01,0x10,
  0x04,0x41,0x5c,0x7f,0x00,0x00,0x01,0x10,0x04,0x41,0x5e,0x7f,0x00,0x00,0x01,0x10,
  0x04,0x41,0x60,0x7f,0x00,0x00,0x01,0x10,0x04,0x41,0x61,0x7f,0x00,0x00,0x01,0x10,
  0x04,0x41,0x63,0x7f,0x00,0x00,0x01,0x10,0x10,0x00,0x00,0xe8,0xff,0xff,0x01,0x01,
  0x14,0x00,0x24,0x00,0x00,0x00,0x01,0x01,0x00,0x00,0x00,0x00,0x00,0x00,0x41,0x00,
  0x08,0x00,0x18,0x00,0x00,0x00,0x81,0x00,0x00,0x00,0x00,0x00,0x00,0x00,0x00,0x00,
  0x00,0x00,0x00,0x00,0x00,0x00,0x00,0x00,0x00,0x00,0x00,0x00,0x00,0x00,0x00,0x00,
  0x04,0x40,0x30,0x00,0x00,0x00,0x01,0x10,0x04,0x50,0x30,0x00,0x00,0x00,0x01,0x20,
  0x0c,0x40,0xe5,0x01,0x00,0x00,0x01,0x10,0x10,0x40,0x02,0x00,0x00,0x48,0x01,0x10,
  0x14,0x40,0x00,0x00,0x00,0x00,0x01,0x10,0x20,0x40,0x00,0xa0,0xf9,0xff,0x01,0x10,
  0x24,0x40,0x00,0x08,0x00,0x00,0x01,0x10,0x30,0x40,0x0f,0x00,0x00,0x00,0x01,0x10,
  0x34,0x40,0x07,0x00,0x00,0x00,0x01,0x10,0x38,0x40,0x00,0x00,0x00,0x00,0x01,0x10,
  0x3c,0x40,0x7f,0x01,0x7f,0x01,0x01,0x10,0x40,0x40,0x53,0x00,0x00,0x00,0x01,0x10,
  0x44,0x40,0x00,0x00,0x00,0x00,0x01,0x10,0x48,0x40,0x00,0x00,0x00,0x00,0x01,0x10,
  0x4c,0x40,0x00,0x00,0x00,0x00,0x01,0x10,0x50,0x40,0x02,0x00,0x00,0x00,0x01,0x10,
  0x54,0x40,0x00,0x00,0x00,0x00,0x01,0x10,0x58,0x40,0x7f,0x01,0x00,0x00,0x01,0x10,
  0x5c,0x40,0x0f,0x00,0x07,0x00,0x01,0x10,0x60,0x40,0x40,0x00,0x02,0x00,0x01,0x10,
  0x64,0x40,0x00,0x00,0x00,0x80,0x01,0x10,0x68,0x40,0x00,0x00,0x4c,0x6d,0x01,0x10,
  0x6c,0x40,0x00,0x00,0x00,0x00,0x01,0x10,0x70,0x40,0x02,0x03,0x00,0x00,0x01,0x10,
  0x74,0x40,0x00,0x00,0x00,0x00,0x01,0x10,0x78,0x40,0x01,0x00,0x00,0x00,0x01,0x10,
  0x7c,0x40,0x00,0x00,0x00,0x00,0x01,0x10,0x80,0x40,0x01,0x00,0x00,0x00,0x01,0x10,
  0x84,0x40,0x01,0x00,0x01,0x00,0x01,0x10,0x88,0x40,0x00,0xf0,0x00,0x00,0x01,0x10,
  0x90,0x40,0x00,0x00,0x00,0x00,0x01,0x10,0x94,0x40,0x00,0x00,0x00,0x00,0x01,0x10,
  0x98,0x40,0x00,0x00,0x00,0x00,0x01,0x10,0x9c,0x40,0x00,0x00,0x00,0x00,0x01,0x10,
  0xa0,0x40,0x00,0x00,0x00,0x00,0x01,0x10,0xa4,0x40,0x00,0x00,0x00,0x00,0x01,0x10,
  0xa8,0x40,0x00,0x00,0x00,0x00,0x01,0x10,0xac,0x40,0x00,0x00,0x00,0x00,0x01,0x10,
  0xc0,0x40,0x00,0x08,0x00,0x00,0x01,0x10,0xc4,0x40,0x00,0x00,0x00,0x00,0x01,0x10,
  0x00,0x41,0x00,0x00,0x00,0x00,0x01,0x10,0x04,0x41,0x00,0x00,0x00,0x00,0x01,0x10,
  0x08,0x41,0x68,0x00,0x00,0x00,0x01,0x10,0x0c,0x41,0x00,0x05,0x05,0x00,0x01,0x10,
  0x10,0x41,0x00,0xc0,0xff,0xff,0x01,0x10,0x14,0x41,0x00,0x00,0x00,0x00,0x01,0x10,
  0x18,0x41,0x00,0x00,0x00,0x00,0x01,0x10,0x1c,0x41,0x00,0x40,0x00,0x00,0x01,0x10,
  0x20,0x41,0x00,0x00,0x00,0x00,0x01,0x10,0x24,0x41,0x00,0x00,0x00,0x00,0x01,0x10,
  0x28,0x41,0x00,0x00,0x00,0x00,0x01,0x10,0x2c,0x41,0x00,0x00,0x00,0x00,0x01,0x10,
  0x0c,0x50,0x0f,0x00,0x00,0x00,0x01,0x20,0x10,0x50,0x07,0x00,0x00,0x00,0x01,0x20,
  0x14,0x50,0x7f,0x01,0x00,0x00,0x01,0x20,0x18,0x50,0x00,0xa0,0xfc,0xff,0x01,0x20,
  0x1c,0x50,0x00,0x00,0x00,0x00,0x01,0x20,0x20,0x50,0x00,0x00,0x00,0x00,0x01,0x20,
  0x28,0x50,0x00,0x00,0x00,0x00,0x01,0x20,0x2c,0x50,0x00,0x00,0x00,0x00,0x01,0x20,
  0x34,0x50,0x01,0x00,0x00,0x00,0x01,0x20,0x38,0x50,0x00,0x00,0x00,0x00,0x01,0x20,
  0x40,0x50,0x00,0x00,0x00,0x00,0x01,0x20,0x44,0x50,0x49,0x78,0x01,0x00,0x01,0x20,
  0x48,0x50,0x00,0x00,0x00,0x00,0x01,0x20,0x4c,0x50,0x00,0x00,0x00,0x00,0x01,0x20,
  0x64,0x50,0x00,0x00,0x00,0x00,0x01,0x20,0x68,0x50,0x01,0x01,0x01,0x01,0x01,0x20,
  0x6c,0x50,0x00,0x00,0x00,0x00,0x01,0x20,0x10,0x00,0x80,0xea,0xff,0xff,0x01,0x01,
  0x14,0x00,0x24,0x00,0x00,0x00,0x01,0x01,0x00,0x00,0x00,0x00,0x00,0x00,0x41,0x00,
  0x08,0x00,0x18,0x00,0x00,0x00,0x81,0x00,0x00,0x00,0x00,0x00,0x00,0x00,0x00,0x00,
  0x00,0x00,0x00,0x00,0x00,0x00,0x00,0x00,0x00,0x00,0x00,0x00,0x00,0x00,0x00,0x00,
  0x00,0x00,0x00,0x00,0x00,0x00,0x00,0x00,0x00,0x00,0x00,0x00,0x00,0x00,0x00,0x00,
  0x00,0x00,0x00,0x00,0x00,0x00,0x00,0x00,0x00,0x00,0x00,0x00,0x00,0x00,0x00,0x00,
  0x04,0x40,0x0e,0x00,0x00,0x00,0x01,0x10,0x04,0x50,0x0e,0x00,0x00,0x00,0x01,0x20,
  0x0c,0x40,0xe5,0x01,0x00,0x00,0x01,0x10,0x10,0x40,0x02,0x00,0x00,0x48,0x01,0x10,
  0x14,0x40,0x00,0x00,0x00,0x00,0x01,0x10,0x20,0x40,0x00,0xa0,0xf6,0xff,0x01,0x10,
  0x24,0x40,0x00,0x08,0x00,0x00,0x01,0x10,0x30,0x40,0x0f,0x00,0x00,0x00,0x01,0x10,
  0x34,0x40,0x07,0x00,0x00,0x00,0x01,0x10,0x38,0x40,0x00,0x00,0x00,0x00,0x01,0x10,
  0x3c,0x40,0x7f,0x01,0x7f,0x01,0x01,0x10,0x40,0x40,0x53,0x00,0x00,0x00,0x01,0x10,
  0x44,0x40,0x00,0x00,0x00,0x00,0x01,0x10,0x48,0x40,0x00,0x00,0x00,0x00,0x01,0x10,
  0x4c,0x40,0x00,0x00,0x00,0x00,0x01,0x10,0x50,0x40,0x02,0x00,0x00,0x00,0x01,0x10,
  0x54,0x40,0x00,0x00,0x00,0x00,0x01,0x10,0x58,0x40,0x7f,0x01,0x00,0x00,0x01,0x10,
  0x5c,0x40,0x0f,0x00,0x07,0x00,0x01,0x10,0x60,0x40,0x53,0x00,0x00,0x00,0x01,0x10,
  0x64,0x40,0x00,0x00,0x00,0x00,0x01,0x10,0x68,0x40,0x00,0x00,0x00,0x00,0x01,0x10,
  0x6c,0x40,0x00,0x00,0x00,0x00,0x01,0x10,0x70,0x40,0x83,0x03,0x00,0x00,0x01,0x10,
  0x74,0x40,0x00,0x00,0x00,0x00,0x01,0x10,0x78,0x40,0x01,0x00,0x00,0x00,0x01,0x10,
  0x7c,0x40,0x00,0x00,0x00,0x00,0x01,0x10,0x80,0x40,0x00,0x00,0x00,0x00,0x01,0x10,
  0x84,0x40,0x01,0x00,0x01,0x00,0x01,0x10,0x88,0x40,0x00,0x00,0x00,0x00,0x01,0x10,
  0x90,0x40,0x00,0x00,0x00,0x00,0x01,0x10,0x94,0x40,0x00,0x00,0x00,0x00,0x01,0x10,
  0x98,0x40,0x00,0x00,0x00,0x00,0x01,0x10,0x9c,0x40,0x00,0x00,0x00,0x00,0x01,0x10,
  0xa0,0x40,0x00,0x00,0x00,0x00,0x01,0x10,0xa4,0x40,0x00,0x00,0x00,0x00,0x01,0x10,
  0xa8,0x40,0x00,0x00,0x00,0x00,0x01,0x10,0xac,0x40,0x00,0x00,0x00,0x00,0x01,0x10,
  0xc0,0x40,0x00,0x08,0x00,0x00,0x01,0x10,0xc4,0x40,0x00,0x00,0x00,0x00,0x01,0x10,
  0x00,0x41,0x00,0x00,0x00,0x00,0x01,0x10,0x04,0x41,0x00,0x00,0x00,0x00,0x01,0x10,
  0x08,0x41,0x00,0x00,0x00,0x00,0x01,0x10,0x0c,0x41,0x00,0x00,0x00,0x00,0x01,0x10,
  0x10,0x41,0x00,0x00,0x00,0x00,0x01,0x10,0x14,0x41,0x00,0x00,0x00,0x00,0x01,0x10,
  0x18,0x41,0x00,0x00,0x00,0x00,0x01,0x10,0x1c,0x41,0x00,0x00,0x00,0x00,0x01,0x10,
  0x20,0x41,0x00,0x00,0x00,0x00,0x01,0x10,0x24,0x41,0x00,0x00,0x00,0x00,0x01,0x10,
  0x28,0x41,0x00,0x00,0x00,0x00,0x01,0x10,0x2c,0x41,0x00,0x00,0x00,0x00,0x01,0x10,
  0x0c,0x50,0x0f,0x00,0x00,0x00,0x01,0x20,0x10,0x50,0x07,0x00,0x00,0x00,0x01,0x20,
  0x14,0x50,0x7f,0x01,0x00,0x00,0x01,0x20,0x18,0x50,0x00,0xa0,0xf9,0xff,0x01,0x20,
  0x1c,0x50,0x00,0x00,0x00,0x00,0x01,0x20,0x20,0x50,0x00,0x00,0x00,0x00,0x01,0x20,
  0x28,0x50,0x00,0x00,0x00,0x00,0x01,0x20,0x2c,0x50,0x00,0x00,0x00,0x00,0x01,0x20,
  0x34,0x50,0x01,0x00,0x00,0x00,0x01,0x20,0x38,0x50,0x00,0x00,0x00,0x00,0x01,0x20,
  0x40,0x50,0x00,0x00,0x00,0x00,0x01,0x20,0x44,0x50,0x49,0x78,0x01,0x00,0x01,0x20,
  0x48,0x50,0x00,0x00,0x00,0x00,0x01,0x20,0x4c,0x50,0x00,0x00,0x00,0x00,0x01,0x20,
  0x64,0x50,0x00,0x00,0x00,0x00,0x01,0x20,0x68,0x50,0x01,0x01,0x01,0x01,0x01,0x20,
  0x6c,0x50,0x00,0x00,0x00,0x00,0x01,0x20,0x00,0x00,0x00,0x00,0x00,0x00,0x00,0x00,
  0x14,0x00,0x00,0x00,0x00,0x00,0x01,0x01,0x00,0x00,0x00,0x00,0x00,0x00,0x41,0x00,
  0x08,0x00,0x18,0x00,0x00,0x00,0x81,0x00,0x00,0x00,0x00,0x00,0x00,0x00,0x00,0x00,
  0x00,0x00,0x00,0x00,0x00,0x00,0x00,0x00,0x00,0x00,0x00,0x00,0x00,0x00,0x00,0x00,
  0x00,0x00,0x00,0x00,0x00,0x00,0x00,0x00,0x00,0x00,0x00,0x00,0x00,0x00,0x00,0x00,
  0x00,0x00,0x00,0x00,0x00,0x00,0x00,0x00,0x00,0x00,0x00,0x00,0x00,0x00,0x00,0x00,
  0x00,0x00,0x00,0x00,0x01,0x00,0x00,0x00,0x18,0x00,0x00,0x00,0x00,0x03,0x00,0x00,
  0xff,0xff,0x01,0x00,0x00,0x00,0x00,0x00,0x45,0x00,0x00,0x00,0x00,0x00,0x00,0x00,
  0x00,0x00,0x00,0x00,0x00,0x00,0x00,0x00,0x00,0x00,0x00,0x00,0x02,0x00,0x00,0x00,
  0x18,0x00,0x00,0x00,0x00,0x03,0x00,0x00,0xff,0xff,0x01,0x00,0x00,0x00,0x00,0x00,
  0x49,0x04,0x00,0x00,0x00,0x00,0x00,0x00,0x80,0x02,0x00,0x00,0x00,0x00,0x00,0x00,
  0x00,0x00,0x00,0x00,0x02,0x00,0x00,0x00,0x18,0x00,0x00,0x00,0x00,0x03,0x00,0x00,
  0xff,0xff,0x01,0x00,0x00,0x00,0x00,0x00,0x45,0x00,0x00,0x00,0x00,0x00,0x00,0x00,
  0x00,0x25,0x00,0x00,0x00,0x00,0x00,0x00,0x00,0x00,0x00,0x00,0x03,0x00,0x00,0x00,
  0x18,0x00,0x00,0x00,0x00,0x03,0x00,0x00,0xff,0xff,0x01,0x00,0x00,0x00,0x00,0x00,
  0x45,0x00,0x00,0x00,0x00,0x00,0x00,0x00,0x80,0x27,0x00,0x00,0x00,0x00,0x00,0x00,
  0x00,0x00,0x00,0x00,0x01,0x00,0x00,0x00,0x18,0x00,0x00,0x00,0x00,0x03,0x00,0x00,
  0xff,0xff,0x01,0x00,0x00,0x00,0x00,0x00,0x45,0x00,0x00,0x00,0x00,0x00,0x00,0x00,
  0x00,0x00,0x00,0x00,0x00,0x00,0x00,0x00,0x00,0x00,0x00,0x00,0x02,0x00,0x00,0x00,
  0x18,0x00,0x00,0x00,0x00,0x03,0x00,0x00,0xff,0xff,0x01,0x00,0x00,0x00,0x00,0x00,
  0x49,0x04,0x00,0x00,0x00,0x00,0x00,0x00,0x80,0x02,0x00,0x00,0x00,0x00,0x00,0x00,
  0x00,0x00,0x00,0x00,0x02,0x00,0x00,0x00,0x18,0x00,0x00,0x00,0x00,0x03,0x00,0x00,
  0xff,0xff,0x01,0x00,0x00,0x00,0x00,0x00,0x45,0x00,0x00,0x00,0x00,0x00,0x00,0x00,
  0x00,0x25,0x00,0x00,0x00,0x00,0x00,0x00,0x00,0x00,0x00,0x00,0x03,0x00,0x00,0x00,
  0x18,0x00,0x00,0x00,0x00,0x03,0x00,0x00,0xff,0xff,0x01,0x00,0x00,0x00,0x00,0x00,
  0x45,0x00,0x00,0x00,0x00,0x00,0x00,0x00,0x80,0x27,0x00,0x00,0x00,0x00,0x00,0x00,
  0x00,0x00,0x00,0x00,0x01,0x00,0x00,0x00,0x18,0x00,0x00,0x00,0x00,0x03,0x00,0x00,
  0xff,0xff,0x01,0x00,0x00,0x00,0x00,0x00,0x45,0x00,0x00,0x00,0x00,0x00,0x00,0x00,
  0x00,0x00,0x00,0x00,0x00,0x00,0x00,0x00,0x00,0x00,0x00,0x00,0x02,0x00,0x00,0x00,
  0x18,0x00,0x00,0x00,0x00,0x03,0x00,0x00,0xff,0xff,0x01,0x00,0x00,0x00,0x00,0x00,
  0x49,0x04,0x00,0x00,0x00,0x00,0x00,0x00,0x80,0x02,0x00,0x00,0x00,0x00,0x00,0x00,
  0x00,0x00,0x00,0x00,0x02,0x00,0x00,0x00,0x18,0x00,0x00,0x00,0x00,0x03,0x00,0x00,
  0xff,0xff,0x01,0x00,0x00,0x00,0x00,0x00,0x45,0x00,0x00,0x00,0x00,0x00,0x00,0x00,
  0x00,0x25,0x00,0x00,0x00,0x00,0x00,0x00,0x00,0x00,0x00,0x00,0x03,0x00,0x00,0x00,
  0x18,0x00,0x00,0x00,0x00,0x03,0x00,0x00,0xff,0xff,0x01,0x00,0x00,0x00,0x00,0x00,
  0x45,0x00,0x00,0x00,0x00,0x00,0x00,0x00,0x80,0x27,0x00,0x00,0x00,0x00,0x00,0x00,
  0x00,0x00,0x00,0x00,0x00,0x00,0x00,0x00,0x00,0x00,0x00,0x00,0x00,0x00,0x00,0x00,
  0x00,0x00,0x00,0x00,0x00,0x00,0x00,0x00,0x00,0x00,0x00,0x00,0x00,0x00,0x00,0x00,
  0x00,0x00,0x00,0x00,0x00,0x00,0x00,0x00,0x00,0x00,0x00,0x00,0x00,0x00,0x00,0x00,
  0x00,0x00,0x00,0x00,0x00,0x00,0x00,0x00,0x00,0x00,0x00,0x00,0x00,0x00,0x00,0x00,
  0x00,0x00,0x00,0x00,0x00,0x00,0x00,0x00,0x00,0x00,0x00,0x00,0x00,0x00,0x00,0x00,
  0x00,0x00,0x00,0x00,0x00,0x00,0x00,0x00,0x00,0x00,0x00,0x00,0x00,0x00,0x00,0x00,
  0x00,0x00,0x00,0x00,0x00,0x00,0x00,0x00,0x00,0x00,0x00,0x00,0x00,0x00,0x00,0x00,
  0x00,0x00,0x00,0x00,0x00,0x00,0x00,0x00,0x00,0x00,0x00,0x00,0x00,0x00,0x00,0x00,
  0x00,0x00,0x00,0x00,0x00,0x00,0x00,0x00,0x00,0x00,0x00,0x00,0x00,0x00,0x00,0x00,
  0x00,0x00,0x00,0x00,0x00,0x00,0x00,0x00,0x00,0x00,0x00,0x00,0x00,0x00,0x00,0x00,
  0x00,0x00,0x00,0x00,0x00,0x00,0x00,0x00,0x00,0x00,0x00,0x00,0x00,0x00,0x00,0x00,
  0x00,0x00,0x00,0x00,0x00,0x00,0x00,0x00,0x00,0x00,0x00,0x00,0x00,0x00,0x00,0x00,
  0x00,0x00,0x00,0x00,0x00,0x00,0x00,0x00,0x00,0x00,0x00,0x00,0x00,0x00,0x00,0x00,
  0x00,0x00,0x00,0x00,0x00,0x00,0x00,0x00,0x00,0x00,0x00,0x00,0x00,0x00,0x00,0x00,
  0x00,0x00,0x00,0x00,0x00,0x00,0x00,0x00,0x00,0x00,0x00,0x00,0x00,0x00,0x00,0x00,
  0x00,0x00,0x00,0x00,0x00,0x00,0x00,0x00,0x00,0x00,0x00,0x00,0x00,0x00,0x00,0x00,
  0x00,0x00,0x00,0x00,0x00,0x00,0x00,0x00,0x00,0x00,0x00,0x00,0x00,0x00,0x00,0x00,
  0x00,0x00,0x00,0x00,0x00,0x00,0x00,0x00,0x00,0x00,0x00,0x00,0x00,0x00,0x00,0x00,
};
#define TANH_H1_SZ1 4096
#define TANH_H2_SZ1 20480
static const unsigned char g_tanh_task2[4096] = {
  0x00,0x00,0x00,0x00,0x01,0x00,0x00,0x00,0x18,0x00,0x00,0x00,0x00,0x03,0x00,0x00,
  0xff,0xff,0x01,0x00,0x00,0x02,0x00,0x00,0x45,0x00,0x00,0x00,0x00,0x00,0x00,0x00,
  0x00,0xc3,0xff,0xff,0x00,0x00,0x00,0x00,0x00,0x00,0x00,0x00,0x02,0x00,0x00,0x00,
  0x18,0x00,0x00,0x00,0x00,0x03,0x00,0x00,0xff,0xff,0x01,0x00,0x00,0x00,0x00,0x00,
  0x49,0x04,0x00,0x00,0x00,0x00,0x00,0x00,0x80,0xc5,0xff,0xff,0x00,0x00,0x00,0x00,
  0x00,0x00,0x00,0x00,0x02,0x00,0x00,0x00,0x18,0x00,0x00,0x00,0x00,0x03,0x00,0x00,
  0xff,0xff,0x01,0x00,0x00,0x01,0x00,0x00,0x45,0x00,0x00,0x00,0x00,0x00,0x00,0x00,
  0x00,0xe8,0xff,0xff,0x00,0x00,0x00,0x00,0x00,0x00,0x00,0x00,0x03,0x00,0x00,0x00,
  0x18,0x00,0x00,0x00,0x00,0x03,0x00,0x00,0xff,0xff,0x01,0x00,0x00,0x01,0x00,0x00,
  0x45,0x00,0x00,0x00,0x00,0x00,0x00,0x00,0x80,0xea,0xff,0xff,0x00,0x00,0x00,0x00,
  0x00,0x00,0x00,0x00,0x01,0x00,0x00,0x00,0x18,0x00,0x00,0x00,0x00,0x03,0x00,0x00,
  0xff,0xff,0x01,0x00,0x00,0x00,0x00,0x00,0x45,0x00,0x00,0x00,0x00,0x00,0x00,0x00,
  0x00,0xc3,0xff,0xff,0x00,0x00,0x00,0x00,0x00,0x00,0x00,0x00,0x02,0x00,0x00,0x00,
  0x18,0x00,0x00,0x00,0x00,0x03,0x00,0x00,0xff,0xff,0x01,0x00,0x00,0x00,0x00,0x00,
  0x49,0x04,0x00,0x00,0x00,0x00,0x00,0x00,0x80,0xc5,0xff,0xff,0x00,0x00,0x00,0x00,
  0x00,0x00,0x00,0x00,0x02,0x00,0x00,0x00,0x18,0x00,0x00,0x00,0x00,0x03,0x00,0x00,
  0xff,0xff,0x01,0x00,0x00,0x00,0x00,0x00,0x45,0x00,0x00,0x00,0x00,0x00,0x00,0x00,
  0x00,0xe8,0xff,0xff,0x00,0x00,0x00,0x00,0x00,0x00,0x00,0x00,0x03,0x00,0x00,0x00,
  0x18,0x00,0x00,0x00,0x00,0x03,0x00,0x00,0xff,0xff,0x01,0x00,0x00,0x00,0x00,0x00,
  0x45,0x00,0x00,0x00,0x00,0x00,0x00,0x00,0x80,0xea,0xff,0xff,0x00,0x00,0x00,0x00,
  0x00,0x00,0x00,0x00,0x01,0x00,0x00,0x00,0x18,0x00,0x00,0x00,0x00,0x03,0x00,0x00,
  0xff,0xff,0x01,0x00,0x00,0x00,0x00,0x00,0x45,0x00,0x00,0x00,0x00,0x00,0x00,0x00,
  0x00,0xc3,0xff,0xff,0x00,0x00,0x00,0x00,0x00,0x00,0x00,0x00,0x02,0x00,0x00,0x00,
  0x18,0x00,0x00,0x00,0x00,0x03,0x00,0x00,0xff,0xff,0x01,0x00,0x00,0x00,0x00,0x00,
  0x49,0x04,0x00,0x00,0x00,0x00,0x00,0x00,0x80,0xc5,0xff,0xff,0x00,0x00,0x00,0x00,
  0x00,0x00,0x00,0x00,0x02,0x00,0x00,0x00,0x18,0x00,0x00,0x00,0x00,0x03,0x00,0x00,
  0xff,0xff,0x01,0x00,0x00,0x00,0x00,0x00,0x45,0x00,0x00,0x00,0x00,0x00,0x00,0x00,
  0x00,0xe8,0xff,0xff,0x00,0x00,0x00,0x00,0x00,0x00,0x00,0x00,0x03,0x00,0x00,0x00,
  0x18,0x00,0x00,0x00,0x00,0x03,0x00,0x00,0xff,0xff,0x01,0x00,0x00,0x00,0x00,0x00,
  0x45,0x00,0x00,0x00,0x00,0x00,0x00,0x00,0x80,0xea,0xff,0xff,0x00,0x00,0x00,0x00,
  0x00,0x00,0x00,0x00,0x00,0x00,0x00,0x00,0x00,0x00,0x00,0x00,0x00,0x00,0x00,0x00,
  0x00,0x00,0x00,0x00,0x00,0x00,0x00,0x00,0x00,0x00,0x00,0x00,0x00,0x00,0x00,0x00,
  0x00,0x00,0x00,0x00,0x00,0x00,0x00,0x00,0x00,0x00,0x00,0x00,0x00,0x00,0x00,0x00,
  0x00,0x00,0x00,0x00,0x00,0x00,0x00,0x00,0x00,0x00,0x00,0x00,0x00,0x00,0x00,0x00,
  0x00,0x00,0x00,0x00,0x00,0x00,0x00,0x00,0x00,0x00,0x00,0x00,0x00,0x00,0x00,0x00,
  0x00,0x00,0x00,0x00,0x00,0x00,0x00,0x00,0x00,0x00,0x00,0x00,0x00,0x00,0x00,0x00,
  0x00,0x00,0x00,0x00,0x00,0x00,0x00,0x00,0x00,0x00,0x00,0x00,0x00,0x00,0x00,0x00,
  0x00,0x00,0x00,0x00,0x00,0x00,0x00,0x00,0x00,0x00,0x00,0x00,0x00,0x00,0x00,0x00,
  0x00,0x00,0x00,0x00,0x00,0x00,0x00,0x00,0x00,0x00,0x00,0x00,0x00,0x00,0x00,0x00,
  0x00,0x00,0x00,0x00,0x00,0x00,0x00,0x00,0x00,0x00,0x00,0x00,0x00,0x00,0x00,0x00,
  0x00,0x00,0x00,0x00,0x00,0x00,0x00,0x00,0x00,0x00,0x00,0x00,0x00,0x00,0x00,0x00,
  0x00,0x00,0x00,0x00,0x00,0x00,0x00,0x00,0x00,0x00,0x00,0x00,0x00,0x00,0x00,0x00,
  0x00,0x00,0x00,0x00,0x00,0x00,0x00,0x00,0x00,0x00,0x00,0x00,0x00,0x00,0x00,0x00,
  0x00,0x00,0x00,0x00,0x00,0x00,0x00,0x00,0x00,0x00,0x00,0x00,0x00,0x00,0x00,0x00,
  0x00,0x00,0x00,0x00,0x00,0x00,0x00,0x00,0x00,0x00,0x00,0x00,0x00,0x00,0x00,0x00,
  0x00,0x00,0x00,0x00,0x00,0x00,0x00,0x00,0x00,0x00,0x00,0x00,0x00,0x00,0x00,0x00,
  0x00,0x00,0x00,0x00,0x00,0x00,0x00,0x00,0x00,0x00,0x00,0x00,0x00,0x00,0x00,0x00,
  0x00,0x00,0x00,0x00,0x00,0x00,0x00,0x00,0x00,0x00,0x00,0x00,0x00,0x00,0x00,0x00,
  0x00,0x00,0x00,0x00,0x00,0x00,0x00,0x00,0x00,0x00,0x00,0x00,0x00,0x00,0x00,0x00,
  0x00,0x00,0x00,0x00,0x00,0x00,0x00,0x00,0x00,0x00,0x00,0x00,0x00,0x00,0x00,0x00,
  0x00,0x00,0x00,0x00,0x00,0x00,0x00,0x00,0x00,0x00,0x00,0x00,0x00,0x00,0x00,0x00,
  0x00,0x00,0x00,0x00,0x00,0x00,0x00,0x00,0x00,0x00,0x00,0x00,0x00,0x00,0x00,0x00,
  0x00,0x00,0x00,0x00,0x00,0x00,0x00,0x00,0x00,0x00,0x00,0x00,0x00,0x00,0x00,0x00,
  0x00,0x00,0x00,0x00,0x00,0x00,0x00,0x00,0x00,0x00,0x00,0x00,0x00,0x00,0x00,0x00,
  0x00,0x00,0x00,0x00,0x00,0x00,0x00,0x00,0x00,0x00,0x00,0x00,0x00,0x00,0x00,0x00,
  0x00,0x00,0x00,0x00,0x00,0x00,0x00,0x00,0x00,0x00,0x00,0x00,0x00,0x00,0x00,0x00,
  0x00,0x00,0x00,0x00,0x00,0x00,0x00,0x00,0x00,0x00,0x00,0x00,0x00,0x00,0x00,0x00,
  0x00,0x00,0x00,0x00,0x00,0x00,0x00,0x00,0x00,0x00,0x00,0x00,0x00,0x00,0x00,0x00,
  0x00,0x00,0x00,0x00,0x00,0x00,0x00,0x00,0x00,0x00,0x00,0x00,0x00,0x00,0x00,0x00,
  0x00,0x00,0x00,0x00,0x00,0x00,0x00,0x00,0x00,0x00,0x00,0x00,0x00,0x00,0x00,0x00,
  0x00,0x00,0x00,0x00,0x00,0x00,0x00,0x00,0x00,0x00,0x00,0x00,0x00,0x00,0x00,0x00,
  0x00,0x00,0x00,0x00,0x00,0x00,0x00,0x00,0x00,0x00,0x00,0x00,0x00,0x00,0x00,0x00,
  0x00,0x00,0x00,0x00,0x00,0x00,0x00,0x00,0x00,0x00,0x00,0x00,0x00,0x00,0x00,0x00,
  0x00,0x00,0x00,0x00,0x00,0x00,0x00,0x00,0x00,0x00,0x00,0x00,0x00,0x00,0x00,0x00,
  0x00,0x00,0x00,0x00,0x00,0x00,0x00,0x00,0x00,0x00,0x00,0x00,0x00,0x00,0x00,0x00,
  0x00,0x00,0x00,0x00,0x00,0x00,0x00,0x00,0x00,0x00,0x00,0x00,0x00,0x00,0x00,0x00,
  0x00,0x00,0x00,0x00,0x00,0x00,0x00,0x00,0x00,0x00,0x00,0x00,0x00,0x00,0x00,0x00,
  0x00,0x00,0x00,0x00,0x00,0x00,0x00,0x00,0x00,0x00,0x00,0x00,0x00,0x00,0x00,0x00,
  0x00,0x00,0x00,0x00,0x00,0x00,0x00,0x00,0x00,0x00,0x00,0x00,0x00,0x00,0x00,0x00,
  0x00,0x00,0x00,0x00,0x00,0x00,0x00,0x00,0x00,0x00,0x00,0x00,0x00,0x00,0x00,0x00,
  0x00,0x00,0x00,0x00,0x00,0x00,0x00,0x00,0x00,0x00,0x00,0x00,0x00,0x00,0x00,0x00,
  0x00,0x00,0x00,0x00,0x00,0x00,0x00,0x00,0x00,0x00,0x00,0x00,0x00,0x00,0x00,0x00,
  0x00,0x00,0x00,0x00,0x00,0x00,0x00,0x00,0x00,0x00,0x00,0x00,0x00,0x00,0x00,0x00,
  0x00,0x00,0x00,0x00,0x00,0x00,0x00,0x00,0x00,0x00,0x00,0x00,0x00,0x00,0x00,0x00,
  0x00,0x00,0x00,0x00,0x00,0x00,0x00,0x00,0x00,0x00,0x00,0x00,0x00,0x00,0x00,0x00,
  0x00,0x00,0x00,0x00,0x00,0x00,0x00,0x00,0x00,0x00,0x00,0x00,0x00,0x00,0x00,0x00,
  0x00,0x00,0x00,0x00,0x00,0x00,0x00,0x00,0x00,0x00,0x00,0x00,0x00,0x00,0x00,0x00,
  0x00,0x00,0x00,0x00,0x00,0x00,0x00,0x00,0x00,0x00,0x00,0x00,0x00,0x00,0x00,0x00,
  0x00,0x00,0x00,0x00,0x00,0x00,0x00,0x00,0x00,0x00,0x00,0x00,0x00,0x00,0x00,0x00,
  0x00,0x00,0x00,0x00,0x00,0x00,0x00,0x00,0x00,0x00,0x00,0x00,0x00,0x00,0x00,0x00,
  0x00,0x00,0x00,0x00,0x00,0x00,0x00,0x00,0x00,0x00,0x00,0x00,0x00,0x00,0x00,0x00,
  0x00,0x00,0x00,0x00,0x00,0x00,0x00,0x00,0x00,0x00,0x00,0x00,0x00,0x00,0x00,0x00,
  0x00,0x00,0x00,0x00,0x00,0x00,0x00,0x00,0x00,0x00,0x00,0x00,0x00,0x00,0x00,0x00,
  0x00,0x00,0x00,0x00,0x00,0x00,0x00,0x00,0x00,0x00,0x00,0x00,0x00,0x00,0x00,0x00,
  0x00,0x00,0x00,0x00,0x00,0x00,0x00,0x00,0x00,0x00,0x00,0x00,0x00,0x00,0x00,0x00,
  0x00,0x00,0x00,0x00,0x00,0x00,0x00,0x00,0x00,0x00,0x00,0x00,0x00,0x00,0x00,0x00,
  0x00,0x00,0x00,0x00,0x00,0x00,0x00,0x00,0x00,0x00,0x00,0x00,0x00,0x00,0x00,0x00,
  0x00,0x00,0x00,0x00,0x00,0x00,0x00,0x00,0x00,0x00,0x00,0x00,0x00,0x00,0x00,0x00,
  0x00,0x00,0x00,0x00,0x00,0x00,0x00,0x00,0x00,0x00,0x00,0x00,0x00,0x00,0x00,0x00,
  0x00,0x00,0x00,0x00,0x00,0x00,0x00,0x00,0x00,0x00,0x00,0x00,0x00,0x00,0x00,0x00,
  0x00,0x00,0x00,0x00,0x00,0x00,0x00,0x00,0x00,0x00,0x00,0x00,0x00,0x00,0x00,0x00,
  0x00,0x00,0x00,0x00,0x00,0x00,0x00,0x00,0x00,0x00,0x00,0x00,0x00,0x00,0x00,0x00,
  0x00,0x00,0x00,0x00,0x00,0x00,0x00,0x00,0x00,0x00,0x00,0x00,0x00,0x00,0x00,0x00,
  0x00,0x00,0x00,0x00,0x00,0x00,0x00,0x00,0x00,0x00,0x00,0x00,0x00,0x00,0x00,0x00,
  0x00,0x00,0x00,0x00,0x00,0x00,0x00,0x00,0x00,0x00,0x00,0x00,0x00,0x00,0x00,0x00,
  0x00,0x00,0x00,0x00,0x00,0x00,0x00,0x00,0x00,0x00,0x00,0x00,0x00,0x00,0x00,0x00,
  0x00,0x00,0x00,0x00,0x00,0x00,0x00,0x00,0x00,0x00,0x00,0x00,0x00,0x00,0x00,0x00,
  0x00,0x00,0x00,0x00,0x00,0x00,0x00,0x00,0x00,0x00,0x00,0x00,0x00,0x00,0x00,0x00,
  0x00,0x00,0x00,0x00,0x00,0x00,0x00,0x00,0x00,0x00,0x00,0x00,0x00,0x00,0x00,0x00,
  0x00,0x00,0x00,0x00,0x00,0x00,0x00,0x00,0x00,0x00,0x00,0x00,0x00,0x00,0x00,0x00,
  0x00,0x00,0x00,0x00,0x00,0x00,0x00,0x00,0x00,0x00,0x00,0x00,0x00,0x00,0x00,0x00,
  0x00,0x00,0x00,0x00,0x00,0x00,0x00,0x00,0x00,0x00,0x00,0x00,0x00,0x00,0x00,0x00,
  0x00,0x00,0x00,0x00,0x00,0x00,0x00,0x00,0x00,0x00,0x00,0x00,0x00,0x00,0x00,0x00,
  0x00,0x00,0x00,0x00,0x00,0x00,0x00,0x00,0x00,0x00,0x00,0x00,0x00,0x00,0x00,0x00,
  0x00,0x00,0x00,0x00,0x00,0x00,0x00,0x00,0x00,0x00,0x00,0x00,0x00,0x00,0x00,0x00,
  0x00,0x00,0x00,0x00,0x00,0x00,0x00,0x00,0x00,0x00,0x00,0x00,0x00,0x00,0x00,0x00,
  0x00,0x00,0x00,0x00,0x00,0x00,0x00,0x00,0x00,0x00,0x00,0x00,0x00,0x00,0x00,0x00,
  0x00,0x00,0x00,0x00,0x00,0x00,0x00,0x00,0x00,0x00,0x00,0x00,0x00,0x00,0x00,0x00,
  0x00,0x00,0x00,0x00,0x00,0x00,0x00,0x00,0x00,0x00,0x00,0x00,0x00,0x00,0x00,0x00,
  0x00,0x00,0x00,0x00,0x00,0x00,0x00,0x00,0x00,0x00,0x00,0x00,0x00,0x00,0x00,0x00,
  0x00,0x00,0x00,0x00,0x00,0x00,0x00,0x00,0x00,0x00,0x00,0x00,0x00,0x00,0x00,0x00,
  0x00,0x00,0x00,0x00,0x00,0x00,0x00,0x00,0x00,0x00,0x00,0x00,0x00,0x00,0x00,0x00,
  0x00,0x00,0x00,0x00,0x00,0x00,0x00,0x00,0x00,0x00,0x00,0x00,0x00,0x00,0x00,0x00,
  0x00,0x00,0x00,0x00,0x00,0x00,0x00,0x00,0x00,0x00,0x00,0x00,0x00,0x00,0x00,0x00,
  0x00,0x00,0x00,0x00,0x00,0x00,0x00,0x00,0x00,0x00,0x00,0x00,0x00,0x00,0x00,0x00,
  0x00,0x00,0x00,0x00,0x00,0x00,0x00,0x00,0x00,0x00,0x00,0x00,0x00,0x00,0x00,0x00,
  0x00,0x00,0x00,0x00,0x00,0x00,0x00,0x00,0x00,0x00,0x00,0x00,0x00,0x00,0x00,0x00,
  0x00,0x00,0x00,0x00,0x00,0x00,0x00,0x00,0x00,0x00,0x00,0x00,0x00,0x00,0x00,0x00,
  0x00,0x00,0x00,0x00,0x00,0x00,0x00,0x00,0x00,0x00,0x00,0x00,0x00,0x00,0x00,0x00,
  0x00,0x00,0x00,0x00,0x00,0x00,0x00,0x00,0x00,0x00,0x00,0x00,0x00,0x00,0x00,0x00,
  0x00,0x00,0x00,0x00,0x00,0x00,0x00,0x00,0x00,0x00,0x00,0x00,0x00,0x00,0x00,0x00,
  0x00,0x00,0x00,0x00,0x00,0x00,0x00,0x00,0x00,0x00,0x00,0x00,0x00,0x00,0x00,0x00,
  0x00,0x00,0x00,0x00,0x00,0x00,0x00,0x00,0x00,0x00,0x00,0x00,0x00,0x00,0x00,0x00,
  0x00,0x00,0x00,0x00,0x00,0x00,0x00,0x00,0x00,0x00,0x00,0x00,0x00,0x00,0x00,0x00,
  0x00,0x00,0x00,0x00,0x00,0x00,0x00,0x00,0x00,0x00,0x00,0x00,0x00,0x00,0x00,0x00,
  0x00,0x00,0x00,0x00,0x00,0x00,0x00,0x00,0x00,0x00,0x00,0x00,0x00,0x00,0x00,0x00,
  0x00,0x00,0x00,0x00,0x00,0x00,0x00,0x00,0x00,0x00,0x00,0x00,0x00,0x00,0x00,0x00,
  0x00,0x00,0x00,0x00,0x00,0x00,0x00,0x00,0x00,0x00,0x00,0x00,0x00,0x00,0x00,0x00,
  0x00,0x00,0x00,0x00,0x00,0x00,0x00,0x00,0x00,0x00,0x00,0x00,0x00,0x00,0x00,0x00,
  0x00,0x00,0x00,0x00,0x00,0x00,0x00,0x00,0x00,0x00,0x00,0x00,0x00,0x00,0x00,0x00,
  0x00,0x00,0x00,0x00,0x00,0x00,0x00,0x00,0x00,0x00,0x00,0x00,0x00,0x00,0x00,0x00,
  0x00,0x00,0x00,0x00,0x00,0x00,0x00,0x00,0x00,0x00,0x00,0x00,0x00,0x00,0x00,0x00,
  0x00,0x00,0x00,0x00,0x00,0x00,0x00,0x00,0x00,0x00,0x00,0x00,0x00,0x00,0x00,0x00,
  0x00,0x00,0x00,0x00,0x00,0x00,0x00,0x00,0x00,0x00,0x00,0x00,0x00,0x00,0x00,0x00,
  0x00,0x00,0x00,0x00,0x00,0x00,0x00,0x00,0x00,0x00,0x00,0x00,0x00,0x00,0x00,0x00,
  0x00,0x00,0x00,0x00,0x00,0x00,0x00,0x00,0x00,0x00,0x00,0x00,0x00,0x00,0x00,0x00,
  0x00,0x00,0x00,0x00,0x00,0x00,0x00,0x00,0x00,0x00,0x00,0x00,0x00,0x00,0x00,0x00,
  0x00,0x00,0x00,0x00,0x00,0x00,0x00,0x00,0x00,0x00,0x00,0x00,0x00,0x00,0x00,0x00,
  0x00,0x00,0x00,0x00,0x00,0x00,0x00,0x00,0x00,0x00,0x00,0x00,0x00,0x00,0x00,0x00,
  0x00,0x00,0x00,0x00,0x00,0x00,0x00,0x00,0x00,0x00,0x00,0x00,0x00,0x00,0x00,0x00,
  0x00,0x00,0x00,0x00,0x00,0x00,0x00,0x00,0x00,0x00,0x00,0x00,0x00,0x00,0x00,0x00,
  0x00,0x00,0x00,0x00,0x00,0x00,0x00,0x00,0x00,0x00,0x00,0x00,0x00,0x00,0x00,0x00,
  0x00,0x00,0x00,0x00,0x00,0x00,0x00,0x00,0x00,0x00,0x00,0x00,0x00,0x00,0x00,0x00,
  0x00,0x00,0x00,0x00,0x00,0x00,0x00,0x00,0x00,0x00,0x00,0x00,0x00,0x00,0x00,0x00,
  0x00,0x00,0x00,0x00,0x00,0x00,0x00,0x00,0x00,0x00,0x00,0x00,0x00,0x00,0x00,0x00,
  0x00,0x00,0x00,0x00,0x00,0x00,0x00,0x00,0x00,0x00,0x00,0x00,0x00,0x00,0x00,0x00,
  0x00,0x00,0x00,0x00,0x00,0x00,0x00,0x00,0x00,0x00,0x00,0x00,0x00,0x00,0x00,0x00,
  0x00,0x00,0x00,0x00,0x00,0x00,0x00,0x00,0x00,0x00,0x00,0x00,0x00,0x00,0x00,0x00,
  0x00,0x00,0x00,0x00,0x00,0x00,0x00,0x00,0x00,0x00,0x00,0x00,0x00,0x00,0x00,0x00,
  0x00,0x00,0x00,0x00,0x00,0x00,0x00,0x00,0x00,0x00,0x00,0x00,0x00,0x00,0x00,0x00,
  0x00,0x00,0x00,0x00,0x00,0x00,0x00,0x00,0x00,0x00,0x00,0x00,0x00,0x00,0x00,0x00,
  0x00,0x00,0x00,0x00,0x00,0x00,0x00,0x00,0x00,0x00,0x00,0x00,0x00,0x00,0x00,0x00,
  0x00,0x00,0x00,0x00,0x00,0x00,0x00,0x00,0x00,0x00,0x00,0x00,0x00,0x00,0x00,0x00,
  0x00,0x00,0x00,0x00,0x00,0x00,0x00,0x00,0x00,0x00,0x00,0x00,0x00,0x00,0x00,0x00,
  0x00,0x00,0x00,0x00,0x00,0x00,0x00,0x00,0x00,0x00,0x00,0x00,0x00,0x00,0x00,0x00,
  0x00,0x00,0x00,0x00,0x00,0x00,0x00,0x00,0x00,0x00,0x00,0x00,0x00,0x00,0x00,0x00,
  0x00,0x00,0x00,0x00,0x00,0x00,0x00,0x00,0x00,0x00,0x00,0x00,0x00,0x00,0x00,0x00,
  0x00,0x00,0x00,0x00,0x00,0x00,0x00,0x00,0x00,0x00,0x00,0x00,0x00,0x00,0x00,0x00,
  0x00,0x00,0x00,0x00,0x00,0x00,0x00,0x00,0x00,0x00,0x00,0x00,0x00,0x00,0x00,0x00,
  0x00,0x00,0x00,0x00,0x00,0x00,0x00,0x00,0x00,0x00,0x00,0x00,0x00,0x00,0x00,0x00,
  0x00,0x00,0x00,0x00,0x00,0x00,0x00,0x00,0x00,0x00,0x00,0x00,0x00,0x00,0x00,0x00,
  0x00,0x00,0x00,0x00,0x00,0x00,0x00,0x00,0x00,0x00,0x00,0x00,0x00,0x00,0x00,0x00,
  0x00,0x00,0x00,0x00,0x00,0x00,0x00,0x00,0x00,0x00,0x00,0x00,0x00,0x00,0x00,0x00,
  0x00,0x00,0x00,0x00,0x00,0x00,0x00,0x00,0x00,0x00,0x00,0x00,0x00,0x00,0x00,0x00,
  0x00,0x00,0x00,0x00,0x00,0x00,0x00,0x00,0x00,0x00,0x00,0x00,0x00,0x00,0x00,0x00,
  0x00,0x00,0x00,0x00,0x00,0x00,0x00,0x00,0x00,0x00,0x00,0x00,0x00,0x00,0x00,0x00,
  0x00,0x00,0x00,0x00,0x00,0x00,0x00,0x00,0x00,0x00,0x00,0x00,0x00,0x00,0x00,0x00,
  0x00,0x00,0x00,0x00,0x00,0x00,0x00,0x00,0x00,0x00,0x00,0x00,0x00,0x00,0x00,0x00,
  0x00,0x00,0x00,0x00,0x00,0x00,0x00,0x00,0x00,0x00,0x00,0x00,0x00,0x00,0x00,0x00,
  0x00,0x00,0x00,0x00,0x00,0x00,0x00,0x00,0x00,0x00,0x00,0x00,0x00,0x00,0x00,0x00,
  0x00,0x00,0x00,0x00,0x00,0x00,0x00,0x00,0x00,0x00,0x00,0x00,0x00,0x00,0x00,0x00,
  0x00,0x00,0x00,0x00,0x00,0x00,0x00,0x00,0x00,0x00,0x00,0x00,0x00,0x00,0x00,0x00,
  0x00,0x00,0x00,0x00,0x00,0x00,0x00,0x00,0x00,0x00,0x00,0x00,0x00,0x00,0x00,0x00,
  0x00,0x00,0x00,0x00,0x00,0x00,0x00,0x00,0x00,0x00,0x00,0x00,0x00,0x00,0x00,0x00,
  0x00,0x00,0x00,0x00,0x00,0x00,0x00,0x00,0x00,0x00,0x00,0x00,0x00,0x00,0x00,0x00,
  0x00,0x00,0x00,0x00,0x00,0x00,0x00,0x00,0x00,0x00,0x00,0x00,0x00,0x00,0x00,0x00,
  0x00,0x00,0x00,0x00,0x00,0x00,0x00,0x00,0x00,0x00,0x00,0x00,0x00,0x00,0x00,0x00,
  0x00,0x00,0x00,0x00,0x00,0x00,0x00,0x00,0x00,0x00,0x00,0x00,0x00,0x00,0x00,0x00,
  0x00,0x00,0x00,0x00,0x00,0x00,0x00,0x00,0x00,0x00,0x00,0x00,0x00,0x00,0x00,0x00,
  0x00,0x00,0x00,0x00,0x00,0x00,0x00,0x00,0x00,0x00,0x00,0x00,0x00,0x00,0x00,0x00,
  0x00,0x00,0x00,0x00,0x00,0x00,0x00,0x00,0x00,0x00,0x00,0x00,0x00,0x00,0x00,0x00,
  0x00,0x00,0x00,0x00,0x00,0x00,0x00,0x00,0x00,0x00,0x00,0x00,0x00,0x00,0x00,0x00,
  0x00,0x00,0x00,0x00,0x00,0x00,0x00,0x00,0x00,0x00,0x00,0x00,0x00,0x00,0x00,0x00,
  0x00,0x00,0x00,0x00,0x00,0x00,0x00,0x00,0x00,0x00,0x00,0x00,0x00,0x00,0x00,0x00,
  0x00,0x00,0x00,0x00,0x00,0x00,0x00,0x00,0x00,0x00,0x00,0x00,0x00,0x00,0x00,0x00,
  0x00,0x00,0x00,0x00,0x00,0x00,0x00,0x00,0x00,0x00,0x00,0x00,0x00,0x00,0x00,0x00,
  0x00,0x00,0x00,0x00,0x00,0x00,0x00,0x00,0x00,0x00,0x00,0x00,0x00,0x00,0x00,0x00,
  0x00,0x00,0x00,0x00,0x00,0x00,0x00,0x00,0x00,0x00,0x00,0x00,0x00,0x00,0x00,0x00,
  0x00,0x00,0x00,0x00,0x00,0x00,0x00,0x00,0x00,0x00,0x00,0x00,0x00,0x00,0x00,0x00,
  0x00,0x00,0x00,0x00,0x00,0x00,0x00,0x00,0x00,0x00,0x00,0x00,0x00,0x00,0x00,0x00,
  0x00,0x00,0x00,0x00,0x00,0x00,0x00,0x00,0x00,0x00,0x00,0x00,0x00,0x00,0x00,0x00,
  0x00,0x00,0x00,0x00,0x00,0x00,0x00,0x00,0x00,0x00,0x00,0x00,0x00,0x00,0x00,0x00,
  0x00,0x00,0x00,0x00,0x00,0x00,0x00,0x00,0x00,0x00,0x00,0x00,0x00,0x00,0x00,0x00,
  0x00,0x00,0x00,0x00,0x00,0x00,0x00,0x00,0x00,0x00,0x00,0x00,0x00,0x00,0x00,0x00,
  0x00,0x00,0x00,0x00,0x00,0x00,0x00,0x00,0x00,0x00,0x00,0x00,0x00,0x00,0x00,0x00,
  0x00,0x00,0x00,0x00,0x00,0x00,0x00,0x00,0x00,0x00,0x00,0x00,0x00,0x00,0x00,0x00,
  0x00,0x00,0x00,0x00,0x00,0x00,0x00,0x00,0x00,0x00,0x00,0x00,0x00,0x00,0x00,0x00,
  0x00,0x00,0x00,0x00,0x00,0x00,0x00,0x00,0x00,0x00,0x00,0x00,0x00,0x00,0x00,0x00,
  0x00,0x00,0x00,0x00,0x00,0x00,0x00,0x00,0x00,0x00,0x00,0x00,0x00,0x00,0x00,0x00,
  0x00,0x00,0x00,0x00,0x00,0x00,0x00,0x00,0x00,0x00,0x00,0x00,0x00,0x00,0x00,0x00,
  0x00,0x00,0x00,0x00,0x00,0x00,0x00,0x00,0x00,0x00,0x00,0x00,0x00,0x00,0x00,0x00,
  0x00,0x00,0x00,0x00,0x00,0x00,0x00,0x00,0x00,0x00,0x00,0x00,0x00,0x00,0x00,0x00,
  0x00,0x00,0x00,0x00,0x00,0x00,0x00,0x00,0x00,0x00,0x00,0x00,0x00,0x00,0x00,0x00,
  0x00,0x00,0x00,0x00,0x00,0x00,0x00,0x00,0x00,0x00,0x00,0x00,0x00,0x00,0x00,0x00,
  0x00,0x00,0x00,0x00,0x00,0x00,0x00,0x00,0x00,0x00,0x00,0x00,0x00,0x00,0x00,0x00,
  0x00,0x00,0x00,0x00,0x00,0x00,0x00,0x00,0x00,0x00,0x00,0x00,0x00,0x00,0x00,0x00,
  0x00,0x00,0x00,0x00,0x00,0x00,0x00,0x00,0x00,0x00,0x00,0x00,0x00,0x00,0x00,0x00,
  0x00,0x00,0x00,0x00,0x00,0x00,0x00,0x00,0x00,0x00,0x00,0x00,0x00,0x00,0x00,0x00,
  0x00,0x00,0x00,0x00,0x00,0x00,0x00,0x00,0x00,0x00,0x00,0x00,0x00,0x00,0x00,0x00,
  0x00,0x00,0x00,0x00,0x00,0x00,0x00,0x00,0x00,0x00,0x00,0x00,0x00,0x00,0x00,0x00,
  0x00,0x00,0x00,0x00,0x00,0x00,0x00,0x00,0x00,0x00,0x00,0x00,0x00,0x00,0x00,0x00,
  0x00,0x00,0x00,0x00,0x00,0x00,0x00,0x00,0x00,0x00,0x00,0x00,0x00,0x00,0x00,0x00,
  0x00,0x00,0x00,0x00,0x00,0x00,0x00,0x00,0x00,0x00,0x00,0x00,0x00,0x00,0x00,0x00,
  0x00,0x00,0x00,0x00,0x00,0x00,0x00,0x00,0x00,0x00,0x00,0x00,0x00,0x00,0x00,0x00,
  0x00,0x00,0x00,0x00,0x00,0x00,0x00,0x00,0x00,0x00,0x00,0x00,0x00,0x00,0x00,0x00,
  0x00,0x00,0x00,0x00,0x00,0x00,0x00,0x00,0x00,0x00,0x00,0x00,0x00,0x00,0x00,0x00,
  0x00,0x00,0x00,0x00,0x00,0x00,0x00,0x00,0x00,0x00,0x00,0x00,0x00,0x00,0x00,0x00,
  0x00,0x00,0x00,0x00,0x00,0x00,0x00,0x00,0x00,0x00,0x00,0x00,0x00,0x00,0x00,0x00,
  0x00,0x00,0x00,0x00,0x00,0x00,0x00,0x00,0x00,0x00,0x00,0x00,0x00,0x00,0x00,0x00,
  0x00,0x00,0x00,0x00,0x00,0x00,0x00,0x00,0x00,0x00,0x00,0x00,0x00,0x00,0x00,0x00,
  0x00,0x00,0x00,0x00,0x00,0x00,0x00,0x00,0x00,0x00,0x00,0x00,0x00,0x00,0x00,0x00,
  0x00,0x00,0x00,0x00,0x00,0x00,0x00,0x00,0x00,0x00,0x00,0x00,0x00,0x00,0x00,0x00,
  0x00,0x00,0x00,0x00,0x00,0x00,0x00,0x00,0x00,0x00,0x00,0x00,0x00,0x00,0x00,0x00,
  0x00,0x00,0x00,0x00,0x00,0x00,0x00,0x00,0x00,0x00,0x00,0x00,0x00,0x00,0x00,0x00,
  0x00,0x00,0x00,0x00,0x00,0x00,0x00,0x00,0x00,0x00,0x00,0x00,0x00,0x00,0x00,0x00,
  0x00,0x00,0x00,0x00,0x00,0x00,0x00,0x00,0x00,0x00,0x00,0x00,0x00,0x00,0x00,0x00,
  0x00,0x00,0x00,0x00,0x00,0x00,0x00,0x00,0x00,0x00,0x00,0x00,0x00,0x00,0x00,0x00,
  0x00,0x00,0x00,0x00,0x00,0x00,0x00,0x00,0x00,0x00,0x00,0x00,0x00,0x00,0x00,0x00,
  0x00,0x00,0x00,0x00,0x00,0x00,0x00,0x00,0x00,0x00,0x00,0x00,0x00,0x00,0x00,0x00,
  0x00,0x00,0x00,0x00,0x00,0x00,0x00,0x00,0x00,0x00,0x00,0x00,0x00,0x00,0x00,0x00,
  0x00,0x00,0x00,0x00,0x00,0x00,0x00,0x00,0x00,0x00,0x00,0x00,0x00,0x00,0x00,0x00,
  0x00,0x00,0x00,0x00,0x00,0x00,0x00,0x00,0x00,0x00,0x00,0x00,0x00,0x00,0x00,0x00,
  0x00,0x00,0x00,0x00,0x00,0x00,0x00,0x00,0x00,0x00,0x00,0x00,0x00,0x00,0x00,0x00,
  0x00,0x00,0x00,0x00,0x00,0x00,0x00,0x00,0x00,0x00,0x00,0x00,0x00,0x00,0x00,0x00,
  0x00,0x00,0x00,0x00,0x00,0x00,0x00,0x00,0x00,0x00,0x00,0x00,0x00,0x00,0x00,0x00,
  0x00,0x00,0x00,0x00,0x00,0x00,0x00,0x00,0x00,0x00,0x00,0x00,0x00,0x00,0x00,0x00,
  0x00,0x00,0x00,0x00,0x00,0x00,0x00,0x00,0x00,0x00,0x00,0x00,0x00,0x00,0x00,0x00,
  0x00,0x00,0x00,0x00,0x00,0x00,0x00,0x00,0x00,0x00,0x00,0x00,0x00,0x00,0x00,0x00,
  0x00,0x00,0x00,0x00,0x00,0x00,0x00,0x00,0x00,0x00,0x00,0x00,0x00,0x00,0x00,0x00,
  0x00,0x00,0x00,0x00,0x00,0x00,0x00,0x00,0x00,0x00,0x00,0x00,0x00,0x00,0x00,0x00,
  0x00,0x00,0x00,0x00,0x00,0x00,0x00,0x00,0x00,0x00,0x00,0x00,0x00,0x00,0x00,0x00,
  0x00,0x00,0x00,0x00,0x00,0x00,0x00,0x00,0x00,0x00,0x00,0x00,0x00,0x00,0x00,0x00,
  0x00,0x00,0x00,0x00,0x00,0x00,0x00,0x00,0x00,0x00,0x00,0x00,0x00,0x00,0x00,0x00,
  0x00,0x00,0x00,0x00,0x00,0x00,0x00,0x00,0x00,0x00,0x00,0x00,0x00,0x00,0x00,0x00,
  0x00,0x00,0x00,0x00,0x00,0x00,0x00,0x00,0x00,0x00,0x00,0x00,0x00,0x00,0x00,0x00,
  0x00,0x00,0x00,0x00,0x00,0x00,0x00,0x00,0x00,0x00,0x00,0x00,0x00,0x00,0x00,0x00,
  0x00,0x00,0x00,0x00,0x00,0x00,0x00,0x00,0x00,0x00,0x00,0x00,0x00,0x00,0x00,0x00,
  0x00,0x00,0x00,0x00,0x00,0x00,0x00,0x00,0x00,0x00,0x00,0x00,0x00,0x00,0x00,0x00,
  0x00,0x00,0x00,0x00,0x00,0x00,0x00,0x00,0x00,0x00,0x00,0x00,0x00,0x00,0x00,0x00,
  0x00,0x00,0x00,0x00,0x00,0x00,0x00,0x00,0x00,0x00,0x00,0x00,0x00,0x00,0x00,0x00,
  0x00,0x00,0x00,0x00,0x00,0x00,0x00,0x00,0x00,0x00,0x00,0x00,0x00,0x00,0x00,0x00,
  0x00,0x00,0x00,0x00,0x00,0x00,0x00,0x00,0x00,0x00,0x00,0x00,0x00,0x00,0x00,0x00,
  0x00,0x00,0x00,0x00,0x00,0x00,0x00,0x00,0x00,0x00,0x00,0x00,0x00,0x00,0x00,0x00,
  0x00,0x00,0x00,0x00,0x00,0x00,0x00,0x00,0x00,0x00,0x00,0x00,0x00,0x00,0x00,0x00,
  0x00,0x00,0x00,0x00,0x00,0x00,0x00,0x00,0x00,0x00,0x00,0x00,0x00,0x00,0x00,0x00,
  0x00,0x00,0x00,0x00,0x00,0x00,0x00,0x00,0x00,0x00,0x00,0x00,0x00,0x00,0x00,0x00,
};
static const unsigned char g_tanh_regcmd2[20480] = {
  0x00,0x00,0x04,0x40,0x0e,0x00,0x00,0x00,0x00,0x00,0x04,0x50,0x0e,0x00,0x00,0x00,
  0x00,0x00,0x0c,0x40,0xe5,0x01,0x00,0x00,0x00,0x00,0x10,0x40,0x00,0x00,0x00,0x00,
  0x00,0x00,0x14,0x40,0x00,0x00,0x00,0x00,0x00,0x00,0x20,0x40,0x00,0x00,0x00,0x00,
  0x00,0x00,0x24,0x40,0x10,0x00,0x00,0x00,0x00,0x00,0x30,0x40,0x00,0x00,0x00,0x00,
  0x00,0x00,0x34,0x40,0x00,0x00,0x00,0x00,0x00,0x00,0x38,0x40,0x00,0x00,0x00,0x00,
  0x00,0x00,0x3c,0x40,0x0f,0x00,0x0f,0x00,0x00,0x00,0x40,0x40,0x53,0x00,0x00,0x00,
  0x00,0x00,0x44,0x40,0x00,0x00,0x00,0x00,0x00,0x00,0x48,0x40,0x00,0x00,0x00,0x00,
  0x00,0x00,0x4c,0x40,0x00,0x00,0x00,0x00,0x00,0x00,0x50,0x40,0x02,0x00,0x00,0x00,
  0x00,0x00,0x54,0x40,0x00,0x00,0x00,0x00,0x00,0x00,0x58,0x40,0x0f,0x00,0x00,0x00,
  0x00,0x00,0x5c,0x40,0x00,0x00,0x00,0x00,0x00,0x00,0x60,0x40,0x53,0x00,0x00,0x00,
  0x00,0x00,0x64,0x40,0x00,0x00,0x00,0x00,0x00,0x00,0x68,0x40,0x00,0x00,0x00,0x00,
  0x00,0x00,0x6c,0x40,0x00,0x00,0x00,0x00,0x00,0x00,0x70,0x40,0x83,0x03,0x00,0x00,
  0x00,0x00,0x74,0x40,0x00,0x00,0x00,0x00,0x00,0x00,0x78,0x40,0x01,0x00,0x00,0x00,
  0x00,0x00,0x7c,0x40,0x00,0x00,0x00,0x00,0x00,0x00,0x80,0x40,0x00,0x00,0x00,0x00,
  0x00,0x00,0x84,0x40,0x01,0x00,0x00,0x00,0x00,0x00,0x88,0x40,0x00,0x00,0x00,0x00,
  0x00,0x00,0x90,0x40,0x00,0x00,0x00,0x00,0x00,0x00,0x94,0x40,0x00,0x00,0x00,0x00,
  0x00,0x00,0x98,0x40,0x00,0x00,0x00,0x00,0x00,0x00,0x9c,0x40,0x00,0x00,0x00,0x00,
  0x00,0x00,0xa0,0x40,0x00,0x00,0x00,0x00,0x00,0x00,0xa4,0x40,0x00,0x00,0x00,0x00,
  0x00,0x00,0xa8,0x40,0x00,0x00,0x00,0x00,0x00,0x00,0xac,0x40,0x00,0x00,0x00,0x00,
  0x00,0x00,0xc0,0x40,0x10,0x00,0x00,0x00,0x00,0x00,0xc4,0x40,0x00,0x00,0x00,0x00,
  0x00,0x00,0x00,0x41,0x00,0x00,0x00,0x00,0x00,0x00,0x04,0x41,0x00,0x00,0x00,0x00,
  0x00,0x00,0x08,0x41,0x00,0x00,0x00,0x00,0x00,0x00,0x0c,0x41,0x00,0x00,0x00,0x00,
  0x00,0x00,0x10,0x41,0x00,0x00,0x00,0x00,0x00,0x00,0x14,0x41,0x00,0x00,0x00,0x00,
  0x00,0x00,0x18,0x41,0x00,0x00,0x00,0x00,0x00,0x00,0x1c,0x41,0x00,0x00,0x00,0x00,
  0x00,0x00,0x20,0x41,0x00,0x00,0x00,0x00,0x00,0x00,0x24,0x41,0x00,0x00,0x00,0x00,
  0x00,0x00,0x28,0x41,0x00,0x00,0x00,0x00,0x00,0x00,0x2c,0x41,0x00,0x00,0x00,0x00,
  0x00,0x00,0x0c,0x50,0x00,0x00,0x00,0x00,0x00,0x00,0x10,0x50,0x00,0x00,0x00,0x00,
  0x00,0x00,0x14,0x50,0x0f,0x00,0x00,0x00,0x00,0x00,0x18,0x50,0x00,0x00,0x00,0x00,
  0x00,0x00,0x1c,0x50,0x00,0x00,0x00,0x00,0x00,0x00,0x20,0x50,0x00,0x00,0x00,0x00,
  0x00,0x00,0x28,0x50,0x00,0x00,0x00,0x00,0x00,0x00,0x2c,0x50,0x00,0x00,0x00,0x00,
  0x00,0x00,0x34,0x50,0x01,0x00,0x00,0x00,0x00,0x00,0x38,0x50,0x00,0x00,0x00,0x00,
  0x00,0x00,0x40,0x50,0x00,0x00,0x00,0x00,0x00,0x00,0x44,0x50,0x01,0x78,0x00,0x00,
  0x00,0x00,0x48,0x50,0x00,0x00,0x00,0x00,0x00,0x00,0x4c,0x50,0x00,0x00,0x00,0x00,
  0x00,0x00,0x64,0x50,0x00,0x00,0x00,0x00,0x00,0x00,0x68,0x50,0x01,0x01,0x01,0x01,
  0x00,0x00,0x6c,0x50,0x00,0x00,0x00,0x00,0x00,0x00,0x00,0x41,0x00,0x00,0x02,0x00,
  0x00,0x00,0x04,0x41,0x9d,0x80,0xff,0xff,0x00,0x00,0x04,0x41,0x9f,0x80,0xff,0xff,
  0x00,0x00,0x04,0x41,0xa0,0x80,0xff,0xff,0x00,0x00,0x04,0x41,0xa2,0x80,0xff,0xff,
  0x00,0x00,0x04,0x41,0xa4,0x80,0xff,0xff,0x00,0x00,0x04,0x41,0xa6,0x80,0xff,0xff,
  0x00,0x00,0x04,0x41,0xa8,0x80,0xff,0xff,0x00,0x00,0x04,0x41,0xaa,0x80,0xff,0xff,
  0x00,0x00,0x04,0x41,0xac,0x80,0xff,0xff,0x00,0x00,0x04,0x41,0xae,0x80,0xff,0xff,
  0x00,0x00,0x04,0x41,0xb0,0x80,0xff,0xff,0x00,0x00,0x04,0x41,0xb2,0x80,0xff,0xff,
  0x00,0x00,0x04,0x41,0xb4,0x80,0xff,0xff,0x00,0x00,0x04,0x41,0xb6,0x80,0xff,0xff,
  0x00,0x00,0x04,0x41,0xb9,0x80,0xff,0xff,0x00,0x00,0x04,0x41,0xbb,0x80,0xff,0xff,
  0x00,0x00,0x04,0x41,0xbd,0x80,0xff,0xff,0x00,0x00,0x04,0x41,0xbf,0x80,0xff,0xff,
  0x00,0x00,0x04,0x41,0xc1,0x80,0xff,0xff,0x00,0x00,0x04,0x41,0xc4,0x80,0xff,0xff,
  0x00,0x00,0x04,0x41,0xc6,0x80,0xff,0xff,0x00,0x00,0x04,0x41,0xc8,0x80,0xff,0xff,
  0x00,0x00,0x04,0x41,0xcb,0x80,0xff,0xff,0x00,0x00,0x04,0x41,0xcd,0x80,0xff,0xff,
  0x00,0x00,0x04,0x41,0xcf,0x80,0xff,0xff,0x00,0x00,0x04,0x41,0xd2,0x80,0xff,0xff,
  0x00,0x00,0x04,0x41,0xd4,0x80,0xff,0xff,0x00,0x00,0x04,0x41,0xd7,0x80,0xff,0xff,
  0x00,0x00,0x04,0x41,0xd9,0x80,0xff,0xff,0x00,0x00,0x04,0x41,0xdc,0x80,0xff,0xff,
  0x00,0x00,0x04,0x41,0xdf,0x80,0xff,0xff,0x00,0x00,0x04,0x41,0xe1,0x80,0xff,0xff,
  0x00,0x00,0x04,0x41,0xe4,0x80,0xff,0xff,0x00,0x00,0x04,0x41,0xe7,0x80,0xff,0xff,
  0x00,0x00,0x04,0x41,0xe9,0x80,0xff,0xff,0x00,0x00,0x04,0x41,0xec,0x80,0xff,0xff,
  0x00,0x00,0x04,0x41,0xef,0x80,0xff,0xff,0x00,0x00,0x04,0x41,0xf2,0x80,0xff,0xff,
  0x00,0x00,0x04,0x41,0xf4,0x80,0xff,0xff,0x00,0x00,0x04,0x41,0xf7,0x80,0xff,0xff,
  0x00,0x00,0x04,0x41,0xfa,0x80,0xff,0xff,0x00,0x00,0x04,0x41,0xfd,0x80,0xff,0xff,
  0x00,0x00,0x04,0x41,0x00,0x81,0xff,0xff,0x00,0x00,0x04,0x41,0x03,0x81,0xff,0xff,
  0x00,0x00,0x04,0x41,0x06,0x81,0xff,0xff,0x00,0x00,0x04,0x41,0x09,0x81,0xff,0xff,
  0x00,0x00,0x04,0x41,0x0c,0x81,0xff,0xff,0x00,0x00,0x04,0x41,0x10,0x81,0xff,0xff,
  0x00,0x00,0x04,0x41,0x13,0x81,0xff,0xff,0x00,0x00,0x04,0x41,0x16,0x81,0xff,0xff,
  0x00,0x00,0x04,0x41,0x19,0x81,0xff,0xff,0x00,0x00,0x04,0x41,0x1d,0x81,0xff,0xff,
  0x00,0x00,0x04,0x41,0x20,0x81,0xff,0xff,0x00,0x00,0x04,0x41,0x23,0x81,0xff,0xff,
  0x00,0x00,0x04,0x41,0x27,0x81,0xff,0xff,0x00,0x00,0x04,0x41,0x2a,0x81,0xff,0xff,
  0x00,0x00,0x04,0x41,0x2e,0x81,0xff,0xff,0x00,0x00,0x04,0x41,0x31,0x81,0xff,0xff,
  0x00,0x00,0x04,0x41,0x35,0x81,0xff,0xff,0x00,0x00,0x04,0x41,0x39,0x81,0xff,0xff,
  0x00,0x00,0x04,0x41,0x3c,0x81,0xff,0xff,0x00,0x00,0x04,0x41,0x40,0x81,0xff,0xff,
  0x00,0x00,0x04,0x41,0x44,0x81,0xff,0xff,0x00,0x00,0x04,0x41,0x48,0x81,0xff,0xff,
  0x00,0x00,0x04,0x41,0x4b,0x81,0xff,0xff,0x00,0x00,0x04,0x41,0x4f,0x81,0xff,0xff,
  0x00,0x00,0x04,0x41,0x53,0x81,0xff,0xff,0x00,0x00,0x04,0x41,0x57,0x81,0xff,0xff,
  0x00,0x00,0x04,0x41,0x5b,0x81,0xff,0xff,0x00,0x00,0x04,0x41,0x5f,0x81,0xff,0xff,
  0x00,0x00,0x04,0x41,0x63,0x81,0xff,0xff,0x00,0x00,0x04,0x41,0x68,0x81,0xff,0xff,
  0x00,0x00,0x04,0x41,0x6c,0x81,0xff,0xff,0x00,0x00,0x04,0x41,0x70,0x81,0xff,0xff,
  0x00,0x00,0x04,0x41,0x75,0x81,0xff,0xff,0x00,0x00,0x04,0x41,0x79,0x81,0xff,0xff,
  0x00,0x00,0x04,0x41,0x7d,0x81,0xff,0xff,0x00,0x00,0x04,0x41,0x82,0x81,0xff,0xff,
  0x00,0x00,0x04,0x41,0x86,0x81,0xff,0xff,0x00,0x00,0x04,0x41,0x8b,0x81,0xff,0xff,
  0x00,0x00,0x04,0x41,0x90,0x81,0xff,0xff,0x00,0x00,0x04,0x41,0x94,0x81,0xff,0xff,
  0x00,0x00,0x04,0x41,0x99,0x81,0xff,0xff,0x00,0x00,0x04,0x41,0x9e,0x81,0xff,0xff,
  0x00,0x00,0x04,0x41,0xa3,0x81,0xff,0xff,0x00,0x00,0x04,0x41,0xa8,0x81,0xff,0xff,
  0x00,0x00,0x04,0x41,0xad,0x81,0xff,0xff,0x00,0x00,0x04,0x41,0xb2,0x81,0xff,0xff,
  0x00,0x00,0x04,0x41,0xb7,0x81,0xff,0xff,0x00,0x00,0x04,0x41,0xbc,0x81,0xff,0xff,
  0x00,0x00,0x04,0x41,0xc1,0x81,0xff,0xff,0x00,0x00,0x04,0x41,0xc6,0x81,0xff,0xff,
  0x00,0x00,0x04,0x41,0xcc,0x81,0xff,0xff,0x00,0x00,0x04,0x41,0xd1,0x81,0xff,0xff,
  0x00,0x00,0x04,0x41,0xd7,0x81,0xff,0xff,0x00,0x00,0x04,0x41,0xdc,0x81,0xff,0xff,
  0x00,0x00,0x04,0x41,0xe2,0x81,0xff,0xff,0x00,0x00,0x04,0x41,0xe7,0x81,0xff,0xff,
  0x00,0x00,0x04,0x41,0xed,0x81,0xff,0xff,0x00,0x00,0x04,0x41,0xf3,0x81,0xff,0xff,
  0x00,0x00,0x04,0x41,0xf9,0x81,0xff,0xff,0x00,0x00,0x04,0x41,0xff,0x81,0xff,0xff,
  0x00,0x00,0x04,0x41,0x05,0x82,0xff,0xff,0x00,0x00,0x04,0x41,0x0b,0x82,0xff,0xff,
  0x00,0x00,0x04,0x41,0x11,0x82,0xff,0xff,0x00,0x00,0x04,0x41,0x17,0x82,0xff,0xff,
  0x00,0x00,0x04,0x41,0x1e,0x82,0xff,0xff,0x00,0x00,0x04,0x41,0x24,0x82,0xff,0xff,
  0x00,0x00,0x04,0x41,0x2a,0x82,0xff,0xff,0x00,0x00,0x04,0x41,0x31,0x82,0xff,0xff,
  0x00,0x00,0x04,0x41,0x37,0x82,0xff,0xff,0x00,0x00,0x04,0x41,0x3e,0x82,0xff,0xff,
  0x00,0x00,0x04,0x41,0x45,0x82,0xff,0xff,0x00,0x00,0x04,0x41,0x4c,0x82,0xff,0xff,
  0x00,0x00,0x04,0x41,0x53,0x82,0xff,0xff,0x00,0x00,0x04,0x41,0x5a,0x82,0xff,0xff,
  0x00,0x00,0x04,0x41,0x61,0x82,0xff,0xff,0x00,0x00,0x04,0x41,0x68,0x82,0xff,0xff,
  0x00,0x00,0x04,0x41,0x6f,0x82,0xff,0xff,0x00,0x00,0x04,0x41,0x76,0x82,0xff,0xff,
  0x00,0x00,0x04,0x41,0x7e,0x82,0xff,0xff,0x00,0x00,0x04,0x41,0x85,0x82,0xff,0xff,
  0x00,0x00,0x04,0x41,0x8d,0x82,0xff,0xff,0x00,0x00,0x04,0x41,0x94,0x82,0xff,0xff,
  0x00,0x00,0x04,0x41,0x9c,0x82,0xff,0xff,0x00,0x00,0x04,0x41,0xa4,0x82,0xff,0xff,
  0x00,0x00,0x04,0x41,0xac,0x82,0xff,0xff,0x00,0x00,0x04,0x41,0xb4,0x82,0xff,0xff,
  0x00,0x00,0x04,0x41,0xbc,0x82,0xff,0xff,0x00,0x00,0x04,0x41,0xc4,0x82,0xff,0xff,
  0x00,0x00,0x04,0x41,0xcc,0x82,0xff,0xff,0x00,0x00,0x04,0x41,0xd5,0x82,0xff,0xff,
  0x00,0x00,0x04,0x41,0xdd,0x82,0xff,0xff,0x00,0x00,0x04,0x41,0xe6,0x82,0xff,0xff,
  0x00,0x00,0x04,0x41,0xef,0x82,0xff,0xff,0x00,0x00,0x04,0x41,0xf7,0x82,0xff,0xff,
  0x00,0x00,0x04,0x41,0x00,0x83,0xff,0xff,0x00,0x00,0x04,0x41,0x09,0x83,0xff,0xff,
  0x00,0x00,0x04,0x41,0x12,0x83,0xff,0xff,0x00,0x00,0x04,0x41,0x1c,0x83,0xff,0xff,
  0x00,0x00,0x04,0x41,0x25,0x83,0xff,0xff,0x00,0x00,0x04,0x41,0x2e,0x83,0xff,0xff,
  0x00,0x00,0x04,0x41,0x38,0x83,0xff,0xff,0x00,0x00,0x04,0x41,0x42,0x83,0xff,0xff,
  0x00,0x00,0x04,0x41,0x4b,0x83,0xff,0xff,0x00,0x00,0x04,0x41,0x55,0x83,0xff,0xff,
  0x00,0x00,0x04,0x41,0x5f,0x83,0xff,0xff,0x00,0x00,0x04,0x41,0x69,0x83,0xff,0xff,
  0x00,0x00,0x04,0x41,0x73,0x83,0xff,0xff,0x00,0x00,0x04,0x41,0x7e,0x83,0xff,0xff,
  0x00,0x00,0x04,0x41,0x88,0x83,0xff,0xff,0x00,0x00,0x04,0x41,0x93,0x83,0xff,0xff,
  0x00,0x00,0x04,0x41,0x9d,0x83,0xff,0xff,0x00,0x00,0x04,0x41,0xa8,0x83,0xff,0xff,
  0x00,0x00,0x04,0x41,0xb3,0x83,0xff,0xff,0x00,0x00,0x04,0x41,0xbe,0x83,0xff,0xff,
  0x00,0x00,0x04,0x41,0xca,0x83,0xff,0xff,0x00,0x00,0x04,0x41,0xd5,0x83,0xff,0xff,
  0x00,0x00,0x04,0x41,0xe0,0x83,0xff,0xff,0x00,0x00,0x04,0x41,0xec,0x83,0xff,0xff,
  0x00,0x00,0x04,0x41,0xf8,0x83,0xff,0xff,0x00,0x00,0x04,0x41,0x03,0x84,0xff,0xff,
  0x00,0x00,0x04,0x41,0x0f,0x84,0xff,0xff,0x00,0x00,0x04,0x41,0x1c,0x84,0xff,0xff,
  0x00,0x00,0x04,0x41,0x28,0x84,0xff,0xff,0x00,0x00,0x04,0x41,0x34,0x84,0xff,0xff,
  0x00,0x00,0x04,0x41,0x41,0x84,0xff,0xff,0x00,0x00,0x04,0x41,0x4d,0x84,0xff,0xff,
  0x00,0x00,0x04,0x41,0x5a,0x84,0xff,0xff,0x00,0x00,0x04,0x41,0x67,0x84,0xff,0xff,
  0x00,0x00,0x04,0x41,0x74,0x84,0xff,0xff,0x00,0x00,0x04,0x41,0x82,0x84,0xff,0xff,
  0x00,0x00,0x04,0x41,0x8f,0x84,0xff,0xff,0x00,0x00,0x04,0x41,0x9d,0x84,0xff,0xff,
  0x00,0x00,0x04,0x41,0xaa,0x84,0xff,0xff,0x00,0x00,0x04,0x41,0xb8,0x84,0xff,0xff,
  0x00,0x00,0x04,0x41,0xc6,0x84,0xff,0xff,0x00,0x00,0x04,0x41,0xd5,0x84,0xff,0xff,
  0x00,0x00,0x04,0x41,0xe3,0x84,0xff,0xff,0x00,0x00,0x04,0x41,0xf2,0x84,0xff,0xff,
  0x00,0x00,0x04,0x41,0x00,0x85,0xff,0xff,0x00,0x00,0x04,0x41,0x0f,0x85,0xff,0xff,
  0x00,0x00,0x04,0x41,0x1e,0x85,0xff,0xff,0x00,0x00,0x04,0x41,0x2d,0x85,0xff,0xff,
  0x00,0x00,0x04,0x41,0x3d,0x85,0xff,0xff,0x00,0x00,0x04,0x41,0x4c,0x85,0xff,0xff,
  0x00,0x00,0x04,0x41,0x5c,0x85,0xff,0xff,0x00,0x00,0x04,0x41,0x6c,0x85,0xff,0xff,
  0x00,0x00,0x04,0x41,0x7c,0x85,0xff,0xff,0x00,0x00,0x04,0x41,0x8c,0x85,0xff,0xff,
  0x00,0x00,0x04,0x41,0x9d,0x85,0xff,0xff,0x00,0x00,0x04,0x41,0xae,0x85,0xff,0xff,
  0x00,0x00,0x04,0x41,0xbe,0x85,0xff,0xff,0x00,0x00,0x04,0x41,0xcf,0x85,0xff,0xff,
  0x00,0x00,0x04,0x41,0xe1,0x85,0xff,0xff,0x00,0x00,0x04,0x41,0xf2,0x85,0xff,0xff,
  0x00,0x00,0x04,0x41,0x04,0x86,0xff,0xff,0x00,0x00,0x04,0x41,0x16,0x86,0xff,0xff,
  0x00,0x00,0x04,0x41,0x28,0x86,0xff,0xff,0x00,0x00,0x04,0x41,0x3a,0x86,0xff,0xff,
  0x00,0x00,0x04,0x41,0x4c,0x86,0xff,0xff,0x00,0x00,0x04,0x41,0x5f,0x86,0xff,0xff,
  0x00,0x00,0x04,0x41,0x72,0x86,0xff,0xff,0x00,0x00,0x04,0x41,0x85,0x86,0xff,0xff,
  0x00,0x00,0x04,0x41,0x98,0x86,0xff,0xff,0x00,0x00,0x04,0x41,0xac,0x86,0xff,0xff,
  0x00,0x00,0x04,0x41,0xbf,0x86,0xff,0xff,0x00,0x00,0x04,0x41,0xd3,0x86,0xff,0xff,
  0x00,0x00,0x04,0x41,0xe7,0x86,0xff,0xff,0x00,0x00,0x04,0x41,0xfc,0x86,0xff,0xff,
  0x00,0x00,0x04,0x41,0x10,0x87,0xff,0xff,0x00,0x00,0x04,0x41,0x25,0x87,0xff,0xff,
  0x00,0x00,0x04,0x41,0x3a,0x87,0xff,0xff,0x00,0x00,0x04,0x41,0x50,0x87,0xff,0xff,
  0x00,0x00,0x04,0x41,0x65,0x87,0xff,0xff,0x00,0x00,0x04,0x41,0x7b,0x87,0xff,0xff,
  0x00,0x00,0x04,0x41,0x91,0x87,0xff,0xff,0x00,0x00,0x04,0x41,0xa7,0x87,0xff,0xff,
  0x00,0x00,0x04,0x41,0xbe,0x87,0xff,0xff,0x00,0x00,0x04,0x41,0xd5,0x87,0xff,0xff,
  0x00,0x00,0x04,0x41,0xec,0x87,0xff,0xff,0x00,0x00,0x04,0x41,0x03,0x88,0xff,0xff,
  0x00,0x00,0x04,0x41,0x1b,0x88,0xff,0xff,0x00,0x00,0x04,0x41,0x32,0x88,0xff,0xff,
  0x00,0x00,0x04,0x41,0x4b,0x88,0xff,0xff,0x00,0x00,0x04,0x41,0x63,0x88,0xff,0xff,
  0x00,0x00,0x04,0x41,0x7c,0x88,0xff,0xff,0x00,0x00,0x04,0x41,0x94,0x88,0xff,0xff,
  0x00,0x00,0x04,0x41,0xae,0x88,0xff,0xff,0x00,0x00,0x04,0x41,0xc7,0x88,0xff,0xff,
  0x00,0x00,0x04,0x41,0xe1,0x88,0xff,0xff,0x00,0x00,0x04,0x41,0xfb,0x88,0xff,0xff,
  0x00,0x00,0x04,0x41,0x15,0x89,0xff,0xff,0x00,0x00,0x04,0x41,0x30,0x89,0xff,0xff,
  0x00,0x00,0x04,0x41,0x4b,0x89,0xff,0xff,0x00,0x00,0x04,0x41,0x66,0x89,0xff,0xff,
  0x00,0x00,0x04,0x41,0x81,0x89,0xff,0xff,0x00,0x00,0x04,0x41,0x9d,0x89,0xff,0xff,
  0x00,0x00,0x04,0x41,0xb9,0x89,0xff,0xff,0x00,0x00,0x04,0x41,0xd5,0x89,0xff,0xff,
  0x00,0x00,0x04,0x41,0xf2,0x89,0xff,0xff,0x00,0x00,0x04,0x41,0x0f,0x8a,0xff,0xff,
  0x00,0x00,0x04,0x41,0x2d,0x8a,0xff,0xff,0x00,0x00,0x04,0x41,0x4a,0x8a,0xff,0xff,
  0x00,0x00,0x04,0x41,0x68,0x8a,0xff,0xff,0x00,0x00,0x04,0x41,0x86,0x8a,0xff,0xff,
  0x00,0x00,0x04,0x41,0xa5,0x8a,0xff,0xff,0x00,0x00,0x04,0x41,0xc4,0x8a,0xff,0xff,
  0x00,0x00,0x04,0x41,0xe3,0x8a,0xff,0xff,0x00,0x00,0x04,0x41,0x03,0x8b,0xff,0xff,
  0x00,0x00,0x04,0x41,0x23,0x8b,0xff,0xff,0x00,0x00,0x04,0x41,0x43,0x8b,0xff,0xff,
  0x00,0x00,0x04,0x41,0x64,0x8b,0xff,0xff,0x00,0x00,0x04,0x41,0x85,0x8b,0xff,0xff,
  0x00,0x00,0x04,0x41,0xa6,0x8b,0xff,0xff,0x00,0x00,0x04,0x41,0xc8,0x8b,0xff,0xff,
  0x00,0x00,0x04,0x41,0xea,0x8b,0xff,0xff,0x00,0x00,0x04,0x41,0x0d,0x8c,0xff,0xff,
  0x00,0x00,0x04,0x41,0x30,0x8c,0xff,0xff,0x00,0x00,0x04,0x41,0x53,0x8c,0xff,0xff,
  0x00,0x00,0x04,0x41,0x76,0x8c,0xff,0xff,0x00,0x00,0x04,0x41,0x9a,0x8c,0xff,0xff,
  0x00,0x00,0x04,0x41,0xbf,0x8c,0xff,0xff,0x00,0x00,0x04,0x41,0xe4,0x8c,0xff,0xff,
  0x00,0x00,0x04,0x41,0x09,0x8d,0xff,0xff,0x00,0x00,0x04,0x41,0x2e,0x8d,0xff,0xff,
  0x00,0x00,0x04,0x41,0x54,0x8d,0xff,0xff,0x00,0x00,0x04,0x41,0x7b,0x8d,0xff,0xff,
  0x00,0x00,0x04,0x41,0xa1,0x8d,0xff,0xff,0x00,0x00,0x04,0x41,0xc9,0x8d,0xff,0xff,
  0x00,0x00,0x04,0x41,0xf0,0x8d,0xff,0xff,0x00,0x00,0x04,0x41,0x18,0x8e,0xff,0xff,
  0x00,0x00,0x04,0x41,0x41,0x8e,0xff,0xff,0x00,0x00,0x04,0x41,0x69,0x8e,0xff,0xff,
  0x00,0x00,0x04,0x41,0x93,0x8e,0xff,0xff,0x00,0x00,0x04,0x41,0xbc,0x8e,0xff,0xff,
  0x00,0x00,0x04,0x41,0xe7,0x8e,0xff,0xff,0x00,0x00,0x04,0x41,0x11,0x8f,0xff,0xff,
  0x00,0x00,0x04,0x41,0x3c,0x8f,0xff,0xff,0x00,0x00,0x04,0x41,0x68,0x8f,0xff,0xff,
  0x00,0x00,0x04,0x41,0x94,0x8f,0xff,0xff,0x00,0x00,0x04,0x41,0xc0,0x8f,0xff,0xff,
  0x00,0x00,0x04,0x41,0xed,0x8f,0xff,0xff,0x00,0x00,0x04,0x41,0x1a,0x90,0xff,0xff,
  0x00,0x00,0x04,0x41,0x48,0x90,0xff,0xff,0x00,0x00,0x04,0x41,0x76,0x90,0xff,0xff,
  0x00,0x00,0x04,0x41,0xa5,0x90,0xff,0xff,0x00,0x00,0x04,0x41,0xd4,0x90,0xff,0xff,
  0x00,0x00,0x04,0x41,0x04,0x91,0xff,0xff,0x00,0x00,0x04,0x41,0x34,0x91,0xff,0xff,
  0x00,0x00,0x04,0x41,0x65,0x91,0xff,0xff,0x00,0x00,0x04,0x41,0x96,0x91,0xff,0xff,
  0x00,0x00,0x04,0x41,0xc8,0x91,0xff,0xff,0x00,0x00,0x04,0x41,0xfa,0x91,0xff,0xff,
  0x00,0x00,0x04,0x41,0x2d,0x92,0xff,0xff,0x00,0x00,0x04,0x41,0x60,0x92,0xff,0xff,
  0x00,0x00,0x04,0x41,0x94,0x92,0xff,0xff,0x00,0x00,0x04,0x41,0xc8,0x92,0xff,0xff,
  0x00,0x00,0x04,0x41,0xfd,0x92,0xff,0xff,0x00,0x00,0x04,0x41,0x32,0x93,0xff,0xff,
  0x00,0x00,0x04,0x41,0x68,0x93,0xff,0xff,0x00,0x00,0x04,0x41,0x9e,0x93,0xff,0xff,
  0x00,0x00,0x04,0x41,0xd5,0x93,0xff,0xff,0x00,0x00,0x04,0x41,0x0d,0x94,0xff,0xff,
  0x00,0x00,0x04,0x41,0x45,0x94,0xff,0xff,0x00,0x00,0x04,0x41,0x7e,0x94,0xff,0xff,
  0x00,0x00,0x04,0x41,0xb7,0x94,0xff,0xff,0x00,0x00,0x04,0x41,0xf1,0x94,0xff,0xff,
  0x00,0x00,0x04,0x41,0x2b,0x95,0xff,0xff,0x00,0x00,0x04,0x41,0x66,0x95,0xff,0xff,
  0x00,0x00,0x04,0x41,0xa1,0x95,0xff,0xff,0x00,0x00,0x04,0x41,0xdd,0x95,0xff,0xff,
  0x00,0x00,0x04,0x41,0x1a,0x96,0xff,0xff,0x00,0x00,0x04,0x41,0x57,0x96,0xff,0xff,
  0x00,0x00,0x04,0x41,0x95,0x96,0xff,0xff,0x00,0x00,0x04,0x41,0xd4,0x96,0xff,0xff,
  0x00,0x00,0x04,0x41,0x13,0x97,0xff,0xff,0x00,0x00,0x04,0x41,0x53,0x97,0xff,0xff,
  0x00,0x00,0x04,0x41,0x93,0x97,0xff,0xff,0x00,0x00,0x04,0x41,0xd4,0x97,0xff,0xff,
  0x00,0x00,0x04,0x41,0x15,0x98,0xff,0xff,0x00,0x00,0x04,0x41,0x58,0x98,0xff,0xff,
  0x00,0x00,0x04,0x41,0x9a,0x98,0xff,0xff,0x00,0x00,0x04,0x41,0xde,0x98,0xff,0xff,
  0x00,0x00,0x04,0x41,0x22,0x99,0xff,0xff,0x00,0x00,0x04,0x41,0x67,0x99,0xff,0xff,
  0x00,0x00,0x04,0x41,0xac,0x99,0xff,0xff,0x00,0x00,0x04,0x41,0xf2,0x99,0xff,0xff,
  0x00,0x00,0x04,0x41,0x39,0x9a,0xff,0xff,0x00,0x00,0x04,0x41,0x80,0x9a,0xff,0xff,
  0x00,0x00,0x04,0x41,0xc8,0x9a,0xff,0xff,0x00,0x00,0x04,0x41,0x11,0x9b,0xff,0xff,
  0x00,0x00,0x04,0x41,0x5b,0x9b,0xff,0xff,0x00,0x00,0x04,0x41,0xa5,0x9b,0xff,0xff,
  0x00,0x00,0x04,0x41,0xf0,0x9b,0xff,0xff,0x00,0x00,0x04,0x41,0x3b,0x9c,0xff,0xff,
  0x00,0x00,0x04,0x41,0x87,0x9c,0xff,0xff,0x00,0x00,0x04,0x41,0xd4,0x9c,0xff,0xff,
  0x00,0x00,0x04,0x41,0x22,0x9d,0xff,0xff,0x00,0x00,0x04,0x41,0x70,0x9d,0xff,0xff,
  0x00,0x00,0x04,0x41,0xbf,0x9d,0xff,0xff,0x00,0x00,0x04,0x41,0x0f,0x9e,0xff,0xff,
  0x00,0x00,0x04,0x41,0x5f,0x9e,0xff,0xff,0x00,0x00,0x04,0x41,0xb0,0x9e,0xff,0xff,
  0x00,0x00,0x04,0x41,0x02,0x9f,0xff,0xff,0x00,0x00,0x04,0x41,0x55,0x9f,0xff,0xff,
  0x00,0x00,0x04,0x41,0xa8,0x9f,0xff,0xff,0x00,0x00,0x04,0x41,0xfd,0x9f,0xff,0xff,
  0x00,0x00,0x04,0x41,0x52,0xa0,0xff,0xff,0x00,0x00,0x04,0x41,0xa7,0xa0,0xff,0xff,
  0x00,0x00,0x04,0x41,0xfe,0xa0,0xff,0xff,0x00,0x00,0x04,0x41,0x55,0xa1,0xff,0xff,
  0x00,0x00,0x04,0x41,0xad,0xa1,0xff,0xff,0x00,0x00,0x04,0x41,0x05,0xa2,0xff,0xff,
  0x00,0x00,0x04,0x41,0x5f,0xa2,0xff,0xff,0x00,0x00,0x04,0x41,0xb9,0xa2,0xff,0xff,
  0x00,0x00,0x04,0x41,0x14,0xa3,0xff,0xff,0x00,0x00,0x04,0x41,0x70,0xa3,0xff,0xff,
  0x00,0x00,0x04,0x41,0xcc,0xa3,0xff,0xff,0x00,0x00,0x04,0x41,0x2a,0xa4,0xff,0xff,
  0x00,0x00,0x04,0x41,0x88,0xa4,0xff,0xff,0x00,0x00,0x04,0x41,0xe7,0xa4,0xff,0xff,
  0x00,0x00,0x04,0x41,0x47,0xa5,0xff,0xff,0x00,0x00,0x04,0x41,0xa7,0xa5,0xff,0xff,
  0x00,0x00,0x04,0x41,0x09,0xa6,0xff,0xff,0x00,0x00,0x04,0x41,0x6b,0xa6,0xff,0xff,
  0x00,0x00,0x04,0x41,0xce,0xa6,0xff,0xff,0x00,0x00,0x04,0x41,0x32,0xa7,0xff,0xff,
  0x00,0x00,0x04,0x41,0x96,0xa7,0xff,0xff,0x00,0x00,0x04,0x41,0xfc,0xa7,0xff,0xff,
  0x00,0x00,0x04,0x41,0x62,0xa8,0xff,0xff,0x00,0x00,0x04,0x41,0xc9,0xa8,0xff,0xff,
  0x00,0x00,0x04,0x41,0x31,0xa9,0xff,0xff,0x00,0x00,0x04,0x41,0x9a,0xa9,0xff,0xff,
  0x00,0x00,0x04,0x41,0x04,0xaa,0xff,0xff,0x00,0x00,0x04,0x41,0x6e,0xaa,0xff,0xff,
  0x00,0x00,0x04,0x41,0xd9,0xaa,0xff,0xff,0x00,0x00,0x04,0x41,0x46,0xab,0xff,0xff,
  0x00,0x00,0x04,0x41,0xb3,0xab,0xff,0xff,0x00,0x00,0x04,0x41,0x21,0xac,0xff,0xff,
  0x00,0x00,0x04,0x41,0x8f,0xac,0xff,0xff,0x00,0x00,0x04,0x41,0xff,0xac,0xff,0xff,
  0x00,0x00,0x04,0x41,0x6f,0xad,0xff,0xff,0x00,0x00,0x04,0x41,0xe1,0xad,0xff,0xff,
  0x00,0x00,0x04,0x41,0x53,0xae,0xff,0xff,0x00,0x00,0x04,0x41,0xc6,0xae,0xff,0xff,
  0x00,0x00,0x04,0x41,0x3a,0xaf,0xff,0xff,0x00,0x00,0x04,0x41,0xae,0xaf,0xff,0xff,
  0x00,0x00,0x04,0x41,0x24,0xb0,0xff,0xff,0x00,0x00,0x04,0x41,0x9a,0xb0,0xff,0xff,
  0x00,0x00,0x04,0x41,0x12,0xb1,0xff,0xff,0x00,0x00,0x04,0x41,0x8a,0xb1,0xff,0xff,
  0x00,0x00,0x04,0x41,0x03,0xb2,0xff,0xff,0x00,0x00,0x04,0x41,0x7d,0xb2,0xff,0xff,
  0x00,0x00,0x04,0x41,0xf8,0xb2,0xff,0xff,0x00,0x00,0x04,0x41,0x73,0xb3,0xff,0xff,
  0x00,0x00,0x04,0x41,0xf0,0xb3,0xff,0xff,0x00,0x00,0x04,0x41,0x6d,0xb4,0xff,0xff,
  0x00,0x00,0x04,0x41,0xec,0xb4,0xff,0xff,0x00,0x00,0x04,0x41,0x6b,0xb5,0xff,0xff,
  0x00,0x00,0x04,0x41,0xeb,0xb5,0xff,0xff,0x00,0x00,0x04,0x41,0x6c,0xb6,0xff,0xff,
  0x00,0x00,0x04,0x41,0xee,0xb6,0xff,0xff,0x00,0x00,0x04,0x41,0x71,0xb7,0xff,0xff,
  0x00,0x00,0x04,0x41,0xf4,0xb7,0xff,0xff,0x00,0x00,0x04,0x41,0x79,0xb8,0xff,0xff,
  0x00,0x00,0x04,0x41,0xfe,0xb8,0xff,0xff,0x00,0x00,0x04,0x41,0x84,0xb9,0xff,0xff,
  0x00,0x00,0x04,0x41,0x0b,0xba,0xff,0xff,0x00,0x00,0x04,0x41,0x93,0xba,0xff,0xff,
  0x00,0x00,0x04,0x41,0x1c,0xbb,0xff,0xff,0x00,0x00,0x04,0x41,0xa6,0xbb,0xff,0xff,
  0x00,0x00,0x04,0x41,0x31,0xbc,0xff,0xff,0x00,0x00,0x04,0x41,0xbc,0xbc,0xff,0xff,
  0x00,0x00,0x04,0x41,0x48,0xbd,0xff,0xff,0x00,0x00,0x04,0x41,0xd6,0xbd,0xff,0xff,
  0x00,0x00,0x04,0x41,0x64,0xbe,0xff,0xff,0x00,0x00,0x04,0x41,0xf3,0xbe,0xff,0xff,
  0x00,0x00,0x04,0x41,0x82,0xbf,0xff,0xff,0x00,0x00,0x04,0x41,0x13,0xc0,0xff,0xff,
  0x00,0x00,0x04,0x41,0xa4,0xc0,0xff,0xff,0x00,0x00,0x04,0x41,0x37,0xc1,0xff,0xff,
  0x00,0x00,0x04,0x41,0xca,0xc1,0xff,0xff,0x00,0x00,0x04,0x41,0x5e,0xc2,0xff,0xff,
  0x00,0x00,0x04,0x41,0xf3,0xc2,0xff,0xff,0x00,0x00,0x04,0x41,0x89,0xc3,0xff,0xff,
  0x00,0x00,0x04,0x41,0x1f,0xc4,0xff,0xff,0x00,0x00,0x04,0x41,0xb7,0xc4,0xff,0xff,
  0x00,0x00,0x04,0x41,0x4f,0xc5,0xff,0xff,0x00,0x00,0x04,0x41,0xe8,0xc5,0xff,0xff,
  0x00,0x00,0x04,0x41,0x82,0xc6,0xff,0xff,0x00,0x00,0x04,0x41,0x1c,0xc7,0xff,0xff,
  0x00,0x00,0x04,0x41,0xb8,0xc7,0xff,0xff,0x00,0x00,0x04,0x41,0x54,0xc8,0xff,0xff,
  0x00,0x00,0x04,0x41,0xf1,0xc8,0xff,0xff,0x00,0x00,0x04,0x41,0x8f,0xc9,0xff,0xff,
  0x00,0x00,0x04,0x41,0x2e,0xca,0xff,0xff,0x00,0x00,0x04,0x41,0xcd,0xca,0xff,0xff,
  0x00,0x00,0x04,0x41,0x6e,0xcb,0xff,0xff,0x00,0x00,0x04,0x41,0x0f,0xcc,0xff,0xff,
  0x00,0x00,0x04,0x41,0xb1,0xcc,0xff,0xff,0x00,0x00,0x04,0x41,0x53,0xcd,0xff,0xff,
  0x00,0x00,0x04,0x41,0xf7,0xcd,0xff,0xff,0x00,0x00,0x04,0x41,0x9b,0xce,0xff,0xff,
  0x00,0x00,0x04,0x41,0x40,0xcf,0xff,0xff,0x00,0x00,0x04,0x41,0xe5,0xcf,0xff,0xff,
  0x00,0x00,0x04,0x41,0x8c,0xd0,0xff,0xff,0x00,0x00,0x04,0x41,0x33,0xd1,0xff,0xff,
  0x00,0x00,0x04,0x41,0xda,0xd1,0xff,0xff,0x00,0x00,0x04,0x41,0x83,0xd2,0xff,0xff,
  0x00,0x00,0x04,0x41,0x2c,0xd3,0xff,0xff,0x00,0x00,0x04,0x41,0xd6,0xd3,0xff,0xff,
  0x00,0x00,0x04,0x41,0x81,0xd4,0xff,0xff,0x00,0x00,0x04,0x41,0x2c,0xd5,0xff,0xff,
  0x00,0x00,0x04,0x41,0xd8,0xd5,0xff,0xff,0x00,0x00,0x04,0x41,0x85,0xd6,0xff,0xff,
  0x00,0x00,0x04,0x41,0x32,0xd7,0xff,0xff,0x00,0x00,0x04,0x41,0xe0,0xd7,0xff,0xff,
  0x00,0x00,0x04,0x41,0x8e,0xd8,0xff,0xff,0x00,0x00,0x04,0x41,0x3e,0xd9,0xff,0xff,
  0x00,0x00,0x04,0x41,0xed,0xd9,0xff,0xff,0x00,0x00,0x04,0x41,0x9e,0xda,0xff,0xff,
  0x00,0x00,0x04,0x41,0x4f,0xdb,0xff,0xff,0x00,0x00,0x04,0x41,0x01,0xdc,0xff,0xff,
  0x00,0x00,0x04,0x41,0xb3,0xdc,0xff,0xff,0x00,0x00,0x04,0x41,0x66,0xdd,0xff,0xff,
  0x00,0x00,0x04,0x41,0x19,0xde,0xff,0xff,0x00,0x00,0x04,0x41,0xcd,0xde,0xff,0xff,
  0x00,0x00,0x04,0x41,0x82,0xdf,0xff,0xff,0x00,0x00,0x04,0x41,0x37,0xe0,0xff,0xff,
  0x00,0x00,0x04,0x41,0xed,0xe0,0xff,0xff,0x00,0x00,0x04,0x41,0xa3,0xe1,0xff,0xff,
  0x00,0x00,0x04,0x41,0x59,0xe2,0xff,0xff,0x00,0x00,0x04,0x41,0x11,0xe3,0xff,0xff,
  0x00,0x00,0x04,0x41,0xc8,0xe3,0xff,0xff,0x00,0x00,0x04,0x41,0x80,0xe4,0xff,0xff,
  0x00,0x00,0x04,0x41,0x39,0xe5,0xff,0xff,0x00,0x00,0x04,0x41,0xf2,0xe5,0xff,0xff,
  0x00,0x00,0x04,0x41,0xab,0xe6,0xff,0xff,0x00,0x00,0x04,0x41,0x65,0xe7,0xff,0xff,
  0x00,0x00,0x04,0x41,0x20,0xe8,0xff,0xff,0x00,0x00,0x04,0x41,0xda,0xe8,0xff,0xff,
  0x00,0x00,0x04,0x41,0x96,0xe9,0xff,0xff,0x00,0x00,0x04,0x41,0x51,0xea,0xff,0xff,
  0x00,0x00,0x04,0x41,0x0d,0xeb,0xff,0xff,0x00,0x00,0x04,0x41,0xc9,0xeb,0xff,0xff,
  0x00,0x00,0x04,0x41,0x86,0xec,0xff,0xff,0x00,0x00,0x04,0x41,0x43,0xed,0xff,0xff,
  0x00,0x00,0x04,0x41,0x00,0xee,0xff,0xff,0x00,0x00,0x04,0x41,0xbe,0xee,0xff,0xff,
  0x00,0x00,0x04,0x41,0x7c,0xef,0xff,0xff,0x00,0x00,0x04,0x41,0x3a,0xf0,0xff,0xff,
  0x00,0x00,0x04,0x41,0xf8,0xf0,0xff,0xff,0x00,0x00,0x04,0x41,0xb7,0xf1,0xff,0xff,
  0x00,0x00,0x04,0x41,0x76,0xf2,0xff,0xff,0x00,0x00,0x04,0x41,0x35,0xf3,0xff,0xff,
  0x00,0x00,0x04,0x41,0xf5,0xf3,0xff,0xff,0x00,0x00,0x04,0x41,0xb4,0xf4,0xff,0xff,
  0x00,0x00,0x04,0x41,0x74,0xf5,0xff,0xff,0x00,0x00,0x04,0x41,0x34,0xf6,0xff,0xff,
  0x00,0x00,0x04,0x41,0xf5,0xf6,0xff,0xff,0x00,0x00,0x04,0x41,0xb5,0xf7,0xff,0xff,
  0x00,0x00,0x04,0x41,0x76,0xf8,0xff,0xff,0x00,0x00,0x04,0x41,0x36,0xf9,0xff,0xff,
  0x00,0x00,0x04,0x41,0xf7,0xf9,0xff,0xff,0x00,0x00,0x04,0x41,0xb8,0xfa,0xff,0xff,
  0x00,0x00,0x04,0x41,0x79,0xfb,0xff,0xff,0x00,0x00,0x04,0x41,0x3a,0xfc,0xff,0xff,
  0x00,0x00,0x04,0x41,0xfb,0xfc,0xff,0xff,0x00,0x00,0x04,0x41,0xbc,0xfd,0xff,0xff,
  0x00,0x00,0x04,0x41,0x7d,0xfe,0xff,0xff,0x00,0x00,0x04,0x41,0x3f,0xff,0xff,0xff,
  0x00,0x00,0x04,0x41,0x00,0x00,0x00,0x00,0x00,0x00,0x00,0x41,0x00,0x00,0x03,0x00,
  0x00,0x00,0x04,0x41,0x00,0x00,0x00,0x00,0x00,0x00,0x04,0x41,0xc1,0x00,0x00,0x00,
  0x00,0x00,0x04,0x41,0x83,0x01,0x00,0x00,0x00,0x00,0x04,0x41,0x44,0x02,0x00,0x00,
  0x00,0x00,0x04,0x41,0x05,0x03,0x00,0x00,0x00,0x00,0x04,0x41,0xc6,0x03,0x00,0x00,
  0x00,0x00,0x04,0x41,0x87,0x04,0x00,0x00,0x00,0x00,0x04,0x41,0x48,0x05,0x00,0x00,
  0x00,0x00,0x04,0x41,0x09,0x06,0x00,0x00,0x00,0x00,0x04,0x41,0xca,0x06,0x00,0x00,
  0x00,0x00,0x04,0x41,0x8b,0x07,0x00,0x00,0x00,0x00,0x04,0x41,0x4b,0x08,0x00,0x00,
  0x00,0x00,0x04,0x41,0x0b,0x09,0x00,0x00,0x00,0x00,0x04,0x41,0xcc,0x09,0x00,0x00,
  0x00,0x00,0x04,0x41,0x8c,0x0a,0x00,0x00,0x00,0x00,0x04,0x41,0x4c,0x0b,0x00,0x00,
  0x00,0x00,0x04,0x41,0x0b,0x0c,0x00,0x00,0x00,0x00,0x04,0x41,0xcb,0x0c,0x00,0x00,
  0x00,0x00,0x04,0x41,0x8a,0x0d,0x00,0x00,0x00,0x00,0x04,0x41,0x49,0x0e,0x00,0x00,
  0x00,0x00,0x04,0x41,0x08,0x0f,0x00,0x00,0x00,0x00,0x04,0x41,0xc6,0x0f,0x00,0x00,
  0x00,0x00,0x04,0x41,0x84,0x10,0x00,0x00,0x00,0x00,0x04,0x41,0x42,0x11,0x00,0x00,
  0x00,0x00,0x04,0x41,0x00,0x12,0x00,0x00,0x00,0x00,0x04,0x41,0xbd,0x12,0x00,0x00,
  0x00,0x00,0x04,0x41,0x7a,0x13,0x00,0x00,0x00,0x00,0x04,0x41,0x37,0x14,0x00,0x00,
  0x00,0x00,0x04,0x41,0xf3,0x14,0x00,0x00,0x00,0x00,0x04,0x41,0xaf,0x15,0x00,0x00,
  0x00,0x00,0x04,0x41,0x6a,0x16,0x00,0x00,0x00,0x00,0x04,0x41,0x26,0x17,0x00,0x00,
  0x00,0x00,0x04,0x41,0xe0,0x17,0x00,0x00,0x00,0x00,0x04,0x41,0x9b,0x18,0x00,0x00,
  0x00,0x00,0x04,0x41,0x55,0x19,0x00,0x00,0x00,0x00,0x04,0x41,0x0e,0x1a,0x00,0x00,
  0x00,0x00,0x04,0x41,0xc7,0x1a,0x00,0x00,0x00,0x00,0x04,0x41,0x80,0x1b,0x00,0x00,
  0x00,0x00,0x04,0x41,0x38,0x1c,0x00,0x00,0x00,0x00,0x04,0x41,0xef,0x1c,0x00,0x00,
  0x00,0x00,0x04,0x41,0xa7,0x1d,0x00,0x00,0x00,0x00,0x04,0x41,0x5d,0x1e,0x00,0x00,
  0x00,0x00,0x04,0x41,0x13,0x1f,0x00,0x00,0x00,0x00,0x04,0x41,0xc9,0x1f,0x00,0x00,
  0x00,0x00,0x04,0x41,0x7e,0x20,0x00,0x00,0x00,0x00,0x04,0x41,0x33,0x21,0x00,0x00,
  0x00,0x00,0x04,0x41,0xe7,0x21,0x00,0x00,0x00,0x00,0x04,0x41,0x9a,0x22,0x00,0x00,
  0x00,0x00,0x04,0x41,0x4d,0x23,0x00,0x00,0x00,0x00,0x04,0x41,0xff,0x23,0x00,0x00,
  0x00,0x00,0x04,0x41,0xb1,0x24,0x00,0x00,0x00,0x00,0x04,0x41,0x62,0x25,0x00,0x00,
  0x00,0x00,0x04,0x41,0x13,0x26,0x00,0x00,0x00,0x00,0x04,0x41,0xc2,0x26,0x00,0x00,
  0x00,0x00,0x04,0x41,0x72,0x27,0x00,0x00,0x00,0x00,0x04,0x41,0x20,0x28,0x00,0x00,
  0x00,0x00,0x04,0x41,0xce,0x28,0x00,0x00,0x00,0x00,0x04,0x41,0x7b,0x29,0x00,0x00,
  0x00,0x00,0x04,0x41,0x28,0x2a,0x00,0x00,0x00,0x00,0x04,0x41,0xd4,0x2a,0x00,0x00,
  0x00,0x00,0x04,0x41,0x7f,0x2b,0x00,0x00,0x00,0x00,0x04,0x41,0x2a,0x2c,0x00,0x00,
  0x00,0x00,0x04,0x41,0xd4,0x2c,0x00,0x00,0x00,0x00,0x04,0x41,0x7d,0x2d,0x00,0x00,
  0x00,0x00,0x04,0x41,0x26,0x2e,0x00,0x00,0x00,0x00,0x04,0x41,0xcd,0x2e,0x00,0x00,
  0x00,0x00,0x04,0x41,0x74,0x2f,0x00,0x00,0x00,0x00,0x04,0x41,0x1b,0x30,0x00,0x00,
  0x00,0x00,0x04,0x41,0xc0,0x30,0x00,0x00,0x00,0x00,0x04,0x41,0x65,0x31,0x00,0x00,
  0x00,0x00,0x04,0x41,0x09,0x32,0x00,0x00,0x00,0x00,0x04,0x41,0xad,0x32,0x00,0x00,
  0x00,0x00,0x04,0x41,0x4f,0x33,0x00,0x00,0x00,0x00,0x04,0x41,0xf1,0x33,0x00,0x00,
  0x00,0x00,0x04,0x41,0x92,0x34,0x00,0x00,0x00,0x00,0x04,0x41,0x33,0x35,0x00,0x00,
  0x00,0x00,0x04,0x41,0xd2,0x35,0x00,0x00,0x00,0x00,0x04,0x41,0x71,0x36,0x00,0x00,
  0x00,0x00,0x04,0x41,0x0f,0x37,0x00,0x00,0x00,0x00,0x04,0x41,0xac,0x37,0x00,0x00,
  0x00,0x00,0x04,0x41,0x48,0x38,0x00,0x00,0x00,0x00,0x04,0x41,0xe4,0x38,0x00,0x00,
  0x00,0x00,0x04,0x41,0x7e,0x39,0x00,0x00,0x00,0x00,0x04,0x41,0x18,0x3a,0x00,0x00,
  0x00,0x00,0x04,0x41,0xb1,0x3a,0x00,0x00,0x00,0x00,0x04,0x41,0x49,0x3b,0x00,0x00,
  0x00,0x00,0x04,0x41,0xe1,0x3b,0x00,0x00,0x00,0x00,0x04,0x41,0x77,0x3c,0x00,0x00,
  0x00,0x00,0x04,0x41,0x0d,0x3d,0x00,0x00,0x00,0x00,0x04,0x41,0xa2,0x3d,0x00,0x00,
  0x00,0x00,0x04,0x41,0x36,0x3e,0x00,0x00,0x00,0x00,0x04,0x41,0xc9,0x3e,0x00,0x00,
  0x00,0x00,0x04,0x41,0x5c,0x3f,0x00,0x00,0x00,0x00,0x04,0x41,0xed,0x3f,0x00,0x00,
  0x00,0x00,0x04,0x41,0x7e,0x40,0x00,0x00,0x00,0x00,0x04,0x41,0x0d,0x41,0x00,0x00,
  0x00,0x00,0x04,0x41,0x9c,0x41,0x00,0x00,0x00,0x00,0x04,0x41,0x2a,0x42,0x00,0x00,
  0x00,0x00,0x04,0x41,0xb8,0x42,0x00,0x00,0x00,0x00,0x04,0x41,0x44,0x43,0x00,0x00,
  0x00,0x00,0x04,0x41,0xcf,0x43,0x00,0x00,0x00,0x00,0x04,0x41,0x5a,0x44,0x00,0x00,
  0x00,0x00,0x04,0x41,0xe4,0x44,0x00,0x00,0x00,0x00,0x04,0x41,0x6d,0x45,0x00,0x00,
  0x00,0x00,0x04,0x41,0xf5,0x45,0x00,0x00,0x00,0x00,0x04,0x41,0x7c,0x46,0x00,0x00,
  0x00,0x00,0x04,0x41,0x02,0x47,0x00,0x00,0x00,0x00,0x04,0x41,0x87,0x47,0x00,0x00,
  0x00,0x00,0x04,0x41,0x0c,0x48,0x00,0x00,0x00,0x00,0x04,0x41,0x8f,0x48,0x00,0x00,
  0x00,0x00,0x04,0x41,0x12,0x49,0x00,0x00,0x00,0x00,0x04,0x41,0x94,0x49,0x00,0x00,
  0x00,0x00,0x04,0x41,0x15,0x4a,0x00,0x00,0x00,0x00,0x04,0x41,0x95,0x4a,0x00,0x00,
  0x00,0x00,0x04,0x41,0x14,0x4b,0x00,0x00,0x00,0x00,0x04,0x41,0x92,0x4b,0x00,0x00,
  0x00,0x00,0x04,0x41,0x10,0x4c,0x00,0x00,0x00,0x00,0x04,0x41,0x8d,0x4c,0x00,0x00,
  0x00,0x00,0x04,0x41,0x08,0x4d,0x00,0x00,0x00,0x00,0x04,0x41,0x83,0x4d,0x00,0x00,
  0x00,0x00,0x04,0x41,0xfd,0x4d,0x00,0x00,0x00,0x00,0x04,0x41,0x76,0x4e,0x00,0x00,
  0x00,0x00,0x04,0x41,0xee,0x4e,0x00,0x00,0x00,0x00,0x04,0x41,0x66,0x4f,0x00,0x00,
  0x00,0x00,0x04,0x41,0xdc,0x4f,0x00,0x00,0x00,0x00,0x04,0x41,0x52,0x50,0x00,0x00,
  0x00,0x00,0x04,0x41,0xc6,0x50,0x00,0x00,0x00,0x00,0x04,0x41,0x3a,0x51,0x00,0x00,
  0x00,0x00,0x04,0x41,0xad,0x51,0x00,0x00,0x00,0x00,0x04,0x41,0x1f,0x52,0x00,0x00,
  0x00,0x00,0x04,0x41,0x91,0x52,0x00,0x00,0x00,0x00,0x04,0x41,0x01,0x53,0x00,0x00,
  0x00,0x00,0x04,0x41,0x71,0x53,0x00,0x00,0x00,0x00,0x04,0x41,0xdf,0x53,0x00,0x00,
  0x00,0x00,0x04,0x41,0x4d,0x54,0x00,0x00,0x00,0x00,0x04,0x41,0xba,0x54,0x00,0x00,
  0x00,0x00,0x04,0x41,0x27,0x55,0x00,0x00,0x00,0x00,0x04,0x41,0x92,0x55,0x00,0x00,
  0x00,0x00,0x04,0x41,0xfc,0x55,0x00,0x00,0x00,0x00,0x04,0x41,0x66,0x56,0x00,0x00,
  0x00,0x00,0x04,0x41,0xcf,0x56,0x00,0x00,0x00,0x00,0x04,0x41,0x37,0x57,0x00,0x00,
  0x00,0x00,0x04,0x41,0x9e,0x57,0x00,0x00,0x00,0x00,0x04,0x41,0x04,0x58,0x00,0x00,
  0x00,0x00,0x04,0x41,0x6a,0x58,0x00,0x00,0x00,0x00,0x04,0x41,0xce,0x58,0x00,0x00,
  0x00,0x00,0x04,0x41,0x32,0x59,0x00,0x00,0x00,0x00,0x04,0x41,0x95,0x59,0x00,0x00,
  0x00,0x00,0x04,0x41,0xf7,0x59,0x00,0x00,0x00,0x00,0x04,0x41,0x59,0x5a,0x00,0x00,
  0x00,0x00,0x04,0x41,0xb9,0x5a,0x00,0x00,0x00,0x00,0x04,0x41,0x19,0x5b,0x00,0x00,
  0x00,0x00,0x04,0x41,0x78,0x5b,0x00,0x00,0x00,0x00,0x04,0x41,0xd6,0x5b,0x00,0x00,
  0x00,0x00,0x04,0x41,0x34,0x5c,0x00,0x00,0x00,0x00,0x04,0x41,0x90,0x5c,0x00,0x00,
  0x00,0x00,0x04,0x41,0xec,0x5c,0x00,0x00,0x00,0x00,0x04,0x41,0x47,0x5d,0x00,0x00,
  0x00,0x00,0x04,0x41,0xa1,0x5d,0x00,0x00,0x00,0x00,0x04,0x41,0xfb,0x5d,0x00,0x00,
  0x00,0x00,0x04,0x41,0x53,0x5e,0x00,0x00,0x00,0x00,0x04,0x41,0xab,0x5e,0x00,0x00,
  0x00,0x00,0x04,0x41,0x02,0x5f,0x00,0x00,0x00,0x00,0x04,0x41,0x59,0x5f,0x00,0x00,
  0x00,0x00,0x04,0x41,0xae,0x5f,0x00,0x00,0x00,0x00,0x04,0x41,0x03,0x60,0x00,0x00,
  0x00,0x00,0x04,0x41,0x58,0x60,0x00,0x00,0x00,0x00,0x04,0x41,0xab,0x60,0x00,0x00,
  0x00,0x00,0x04,0x41,0xfe,0x60,0x00,0x00,0x00,0x00,0x04,0x41,0x50,0x61,0x00,0x00,
  0x00,0x00,0x04,0x41,0xa1,0x61,0x00,0x00,0x00,0x00,0x04,0x41,0xf1,0x61,0x00,0x00,
  0x00,0x00,0x04,0x41,0x41,0x62,0x00,0x00,0x00,0x00,0x04,0x41,0x90,0x62,0x00,0x00,
  0x00,0x00,0x04,0x41,0xde,0x62,0x00,0x00,0x00,0x00,0x04,0x41,0x2c,0x63,0x00,0x00,
  0x00,0x00,0x04,0x41,0x79,0x63,0x00,0x00,0x00,0x00,0x04,0x41,0xc5,0x63,0x00,0x00,
  0x00,0x00,0x04,0x41,0x10,0x64,0x00,0x00,0x00,0x00,0x04,0x41,0x5b,0x64,0x00,0x00,
  0x00,0x00,0x04,0x41,0xa5,0x64,0x00,0x00,0x00,0x00,0x04,0x41,0xef,0x64,0x00,0x00,
  0x00,0x00,0x04,0x41,0x38,0x65,0x00,0x00,0x00,0x00,0x04,0x41,0x80,0x65,0x00,0x00,
  0x00,0x00,0x04,0x41,0xc7,0x65,0x00,0x00,0x00,0x00,0x04,0x41,0x0e,0x66,0x00,0x00,
  0x00,0x00,0x04,0x41,0x54,0x66,0x00,0x00,0x00,0x00,0x04,0x41,0x99,0x66,0x00,0x00,
  0x00,0x00,0x04,0x41,0xde,0x66,0x00,0x00,0x00,0x00,0x04,0x41,0x22,0x67,0x00,0x00,
  0x00,0x00,0x04,0x41,0x66,0x67,0x00,0x00,0x00,0x00,0x04,0x41,0xa8,0x67,0x00,0x00,
  0x00,0x00,0x04,0x41,0xeb,0x67,0x00,0x00,0x00,0x00,0x04,0x41,0x2c,0x68,0x00,0x00,
  0x00,0x00,0x04,0x41,0x6d,0x68,0x00,0x00,0x00,0x00,0x04,0x41,0xad,0x68,0x00,0x00,
  0x00,0x00,0x04,0x41,0xed,0x68,0x00,0x00,0x00,0x00,0x04,0x41,0x2c,0x69,0x00,0x00,
  0x00,0x00,0x04,0x41,0x6b,0x69,0x00,0x00,0x00,0x00,0x04,0x41,0xa9,0x69,0x00,0x00,
  0x00,0x00,0x04,0x41,0xe6,0x69,0x00,0x00,0x00,0x00,0x04,0x41,0x23,0x6a,0x00,0x00,
  0x00,0x00,0x04,0x41,0x5f,0x6a,0x00,0x00,0x00,0x00,0x04,0x41,0x9a,0x6a,0x00,0x00,
  0x00,0x00,0x04,0x41,0xd5,0x6a,0x00,0x00,0x00,0x00,0x04,0x41,0x0f,0x6b,0x00,0x00,
  0x00,0x00,0x04,0x41,0x49,0x6b,0x00,0x00,0x00,0x00,0x04,0x41,0x82,0x6b,0x00,0x00,
  0x00,0x00,0x04,0x41,0xbb,0x6b,0x00,0x00,0x00,0x00,0x04,0x41,0xf3,0x6b,0x00,0x00,
  0x00,0x00,0x04,0x41,0x2b,0x6c,0x00,0x00,0x00,0x00,0x04,0x41,0x62,0x6c,0x00,0x00,
  0x00,0x00,0x04,0x41,0x98,0x6c,0x00,0x00,0x00,0x00,0x04,0x41,0xce,0x6c,0x00,0x00,
  0x00,0x00,0x04,0x41,0x03,0x6d,0x00,0x00,0x00,0x00,0x04,0x41,0x38,0x6d,0x00,0x00,
  0x00,0x00,0x04,0x41,0x6c,0x6d,0x00,0x00,0x00,0x00,0x04,0x41,0xa0,0x6d,0x00,0x00,
  0x00,0x00,0x04,0x41,0xd3,0x6d,0x00,0x00,0x00,0x00,0x04,0x41,0x06,0x6e,0x00,0x00,
  0x00,0x00,0x04,0x41,0x38,0x6e,0x00,0x00,0x00,0x00,0x04,0x41,0x6a,0x6e,0x00,0x00,
  0x00,0x00,0x04,0x41,0x9b,0x6e,0x00,0x00,0x00,0x00,0x04,0x41,0xcc,0x6e,0x00,0x00,
  0x00,0x00,0x04,0x41,0xfc,0x6e,0x00,0x00,0x00,0x00,0x04,0x41,0x2c,0x6f,0x00,0x00,
  0x00,0x00,0x04,0x41,0x5b,0x6f,0x00,0x00,0x00,0x00,0x04,0x41,0x8a,0x6f,0x00,0x00,
  0x00,0x00,0x04,0x41,0xb8,0x6f,0x00,0x00,0x00,0x00,0x04,0x41,0xe6,0x6f,0x00,0x00,
  0x00,0x00,0x04,0x41,0x13,0x70,0x00,0x00,0x00,0x00,0x04,0x41,0x40,0x70,0x00,0x00,
  0x00,0x00,0x04,0x41,0x6c,0x70,0x00,0x00,0x00,0x00,0x04,0x41,0x98,0x70,0x00,0x00,
  0x00,0x00,0x04,0x41,0xc4,0x70,0x00,0x00,0x00,0x00,0x04,0x41,0xef,0x70,0x00,0x00,
  0x00,0x00,0x04,0x41,0x19,0x71,0x00,0x00,0x00,0x00,0x04,0x41,0x44,0x71,0x00,0x00,
  0x00,0x00,0x04,0x41,0x6d,0x71,0x00,0x00,0x00,0x00,0x04,0x41,0x97,0x71,0x00,0x00,
  0x00,0x00,0x04,0x41,0xbf,0x71,0x00,0x00,0x00,0x00,0x04,0x41,0xe8,0x71,0x00,0x00,
  0x00,0x00,0x04,0x41,0x10,0x72,0x00,0x00,0x00,0x00,0x04,0x41,0x37,0x72,0x00,0x00,
  0x00,0x00,0x04,0x41,0x5f,0x72,0x00,0x00,0x00,0x00,0x04,0x41,0x85,0x72,0x00,0x00,
  0x00,0x00,0x04,0x41,0xac,0x72,0x00,0x00,0x00,0x00,0x04,0x41,0xd2,0x72,0x00,0x00,
  0x00,0x00,0x04,0x41,0xf7,0x72,0x00,0x00,0x00,0x00,0x04,0x41,0x1c,0x73,0x00,0x00,
  0x00,0x00,0x04,0x41,0x41,0x73,0x00,0x00,0x00,0x00,0x04,0x41,0x66,0x73,0x00,0x00,
  0x00,0x00,0x04,0x41,0x8a,0x73,0x00,0x00,0x00,0x00,0x04,0x41,0xad,0x73,0x00,0x00,
  0x00,0x00,0x04,0x41,0xd0,0x73,0x00,0x00,0x00,0x00,0x04,0x41,0xf3,0x73,0x00,0x00,
  0x00,0x00,0x04,0x41,0x16,0x74,0x00,0x00,0x00,0x00,0x04,0x41,0x38,0x74,0x00,0x00,
  0x00,0x00,0x04,0x41,0x5a,0x74,0x00,0x00,0x00,0x00,0x04,0x41,0x7b,0x74,0x00,0x00,
  0x00,0x00,0x04,0x41,0x9c,0x74,0x00,0x00,0x00,0x00,0x04,0x41,0xbd,0x74,0x00,0x00,
  0x00,0x00,0x04,0x41,0xdd,0x74,0x00,0x00,0x00,0x00,0x04,0x41,0xfd,0x74,0x00,0x00,
  0x00,0x00,0x04,0x41,0x1d,0x75,0x00,0x00,0x00,0x00,0x04,0x41,0x3c,0x75,0x00,0x00,
  0x00,0x00,0x04,0x41,0x5b,0x75,0x00,0x00,0x00,0x00,0x04,0x41,0x7a,0x75,0x00,0x00,
  0x00,0x00,0x04,0x41,0x98,0x75,0x00,0x00,0x00,0x00,0x04,0x41,0xb6,0x75,0x00,0x00,
  0x00,0x00,0x04,0x41,0xd3,0x75,0x00,0x00,0x00,0x00,0x04,0x41,0xf1,0x75,0x00,0x00,
  0x00,0x00,0x04,0x41,0x0e,0x76,0x00,0x00,0x00,0x00,0x04,0x41,0x2b,0x76,0x00,0x00,
  0x00,0x00,0x04,0x41,0x47,0x76,0x00,0x00,0x00,0x00,0x04,0x41,0x63,0x76,0x00,0x00,
  0x00,0x00,0x04,0x41,0x7f,0x76,0x00,0x00,0x00,0x00,0x04,0x41,0x9a,0x76,0x00,0x00,
  0x00,0x00,0x04,0x41,0xb5,0x76,0x00,0x00,0x00,0x00,0x04,0x41,0xd0,0x76,0x00,0x00,
  0x00,0x00,0x04,0x41,0xeb,0x76,0x00,0x00,0x00,0x00,0x04,0x41,0x05,0x77,0x00,0x00,
  0x00,0x00,0x04,0x41,0x1f,0x77,0x00,0x00,0x00,0x00,0x04,0x41,0x39,0x77,0x00,0x00,
  0x00,0x00,0x04,0x41,0x52,0x77,0x00,0x00,0x00,0x00,0x04,0x41,0x6c,0x77,0x00,0x00,
  0x00,0x00,0x04,0x41,0x84,0x77,0x00,0x00,0x00,0x00,0x04,0x41,0x9d,0x77,0x00,0x00,
  0x00,0x00,0x04,0x41,0xb5,0x77,0x00,0x00,0x00,0x00,0x04,0x41,0xce,0x77,0x00,0x00,
  0x00,0x00,0x04,0x41,0xe5,0x77,0x00,0x00,0x00,0x00,0x04,0x41,0xfd,0x77,0x00,0x00,
  0x00,0x00,0x04,0x41,0x14,0x78,0x00,0x00,0x00,0x00,0x04,0x41,0x2b,0x78,0x00,0x00,
  0x00,0x00,0x04,0x41,0x42,0x78,0x00,0x00,0x00,0x00,0x04,0x41,0x59,0x78,0x00,0x00,
  0x00,0x00,0x04,0x41,0x6f,0x78,0x00,0x00,0x00,0x00,0x04,0x41,0x85,0x78,0x00,0x00,
  0x00,0x00,0x04,0x41,0x9b,0x78,0x00,0x00,0x00,0x00,0x04,0x41,0xb0,0x78,0x00,0x00,
  0x00,0x00,0x04,0x41,0xc6,0x78,0x00,0x00,0x00,0x00,0x04,0x41,0xdb,0x78,0x00,0x00,
  0x00,0x00,0x04,0x41,0xf0,0x78,0x00,0x00,0x00,0x00,0x04,0x41,0x04,0x79,0x00,0x00,
  0x00,0x00,0x04,0x41,0x19,0x79,0x00,0x00,0x00,0x00,0x04,0x41,0x2d,0x79,0x00,0x00,
  0x00,0x00,0x04,0x41,0x41,0x79,0x00,0x00,0x00,0x00,0x04,0x41,0x54,0x79,0x00,0x00,
  0x00,0x00,0x04,0x41,0x68,0x79,0x00,0x00,0x00,0x00,0x04,0x41,0x7b,0x79,0x00,0x00,
  0x00,0x00,0x04,0x41,0x8e,0x79,0x00,0x00,0x00,0x00,0x04,0x41,0xa1,0x79,0x00,0x00,
  0x00,0x00,0x04,0x41,0xb4,0x79,0x00,0x00,0x00,0x00,0x04,0x41,0xc6,0x79,0x00,0x00,
  0x00,0x00,0x04,0x41,0xd8,0x79,0x00,0x00,0x00,0x00,0x04,0x41,0xea,0x79,0x00,0x00,
  0x00,0x00,0x04,0x41,0xfc,0x79,0x00,0x00,0x00,0x00,0x04,0x41,0x0e,0x7a,0x00,0x00,
  0x00,0x00,0x04,0x41,0x1f,0x7a,0x00,0x00,0x00,0x00,0x04,0x41,0x31,0x7a,0x00,0x00,
  0x00,0x00,0x04,0x41,0x42,0x7a,0x00,0x00,0x00,0x00,0x04,0x41,0x52,0x7a,0x00,0x00,
  0x00,0x00,0x04,0x41,0x63,0x7a,0x00,0x00,0x00,0x00,0x04,0x41,0x74,0x7a,0x00,0x00,
  0x00,0x00,0x04,0x41,0x84,0x7a,0x00,0x00,0x00,0x00,0x04,0x41,0x94,0x7a,0x00,0x00,
  0x00,0x00,0x04,0x41,0xa4,0x7a,0x00,0x00,0x00,0x00,0x04,0x41,0xb4,0x7a,0x00,0x00,
  0x00,0x00,0x04,0x41,0xc3,0x7a,0x00,0x00,0x00,0x00,0x04,0x41,0xd3,0x7a,0x00,0x00,
  0x00,0x00,0x04,0x41,0xe2,0x7a,0x00,0x00,0x00,0x00,0x04,0x41,0xf1,0x7a,0x00,0x00,
  0x00,0x00,0x04,0x41,0x00,0x7b,0x00,0x00,0x00,0x00,0x04,0x41,0x0e,0x7b,0x00,0x00,
  0x00,0x00,0x04,0x41,0x1d,0x7b,0x00,0x00,0x00,0x00,0x04,0x41,0x2b,0x7b,0x00,0x00,
  0x00,0x00,0x04,0x41,0x3a,0x7b,0x00,0x00,0x00,0x00,0x04,0x41,0x48,0x7b,0x00,0x00,
  0x00,0x00,0x04,0x41,0x56,0x7b,0x00,0x00,0x00,0x00,0x04,0x41,0x63,0x7b,0x00,0x00,
  0x00,0x00,0x04,0x41,0x71,0x7b,0x00,0x00,0x00,0x00,0x04,0x41,0x7e,0x7b,0x00,0x00,
  0x00,0x00,0x04,0x41,0x8c,0x7b,0x00,0x00,0x00,0x00,0x04,0x41,0x99,0x7b,0x00,0x00,
  0x00,0x00,0x04,0x41,0xa6,0x7b,0x00,0x00,0x00,0x00,0x04,0x41,0xb3,0x7b,0x00,0x00,
  0x00,0x00,0x04,0x41,0xbf,0x7b,0x00,0x00,0x00,0x00,0x04,0x41,0xcc,0x7b,0x00,0x00,
  0x00,0x00,0x04,0x41,0xd8,0x7b,0x00,0x00,0x00,0x00,0x04,0x41,0xe4,0x7b,0x00,0x00,
  0x00,0x00,0x04,0x41,0xf1,0x7b,0x00,0x00,0x00,0x00,0x04,0x41,0xfd,0x7b,0x00,0x00,
  0x00,0x00,0x04,0x41,0x08,0x7c,0x00,0x00,0x00,0x00,0x04,0x41,0x14,0x7c,0x00,0x00,
  0x00,0x00,0x04,0x41,0x20,0x7c,0x00,0x00,0x00,0x00,0x04,0x41,0x2b,0x7c,0x00,0x00,
  0x00,0x00,0x04,0x41,0x36,0x7c,0x00,0x00,0x00,0x00,0x04,0x41,0x42,0x7c,0x00,0x00,
  0x00,0x00,0x04,0x41,0x4d,0x7c,0x00,0x00,0x00,0x00,0x04,0x41,0x58,0x7c,0x00,0x00,
  0x00,0x00,0x04,0x41,0x63,0x7c,0x00,0x00,0x00,0x00,0x04,0x41,0x6d,0x7c,0x00,0x00,
  0x00,0x00,0x04,0x41,0x78,0x7c,0x00,0x00,0x00,0x00,0x04,0x41,0x82,0x7c,0x00,0x00,
  0x00,0x00,0x04,0x41,0x8d,0x7c,0x00,0x00,0x00,0x00,0x04,0x41,0x97,0x7c,0x00,0x00,
  0x00,0x00,0x04,0x41,0xa1,0x7c,0x00,0x00,0x00,0x00,0x04,0x41,0xab,0x7c,0x00,0x00,
  0x00,0x00,0x04,0x41,0xb5,0x7c,0x00,0x00,0x00,0x00,0x04,0x41,0xbe,0x7c,0x00,0x00,
  0x00,0x00,0x04,0x41,0xc8,0x7c,0x00,0x00,0x00,0x00,0x04,0x41,0xd2,0x7c,0x00,0x00,
  0x00,0x00,0x04,0x41,0xdb,0x7c,0x00,0x00,0x00,0x00,0x04,0x41,0xe4,0x7c,0x00,0x00,
  0x00,0x00,0x04,0x41,0xee,0x7c,0x00,0x00,0x00,0x00,0x04,0x41,0xf7,0x7c,0x00,0x00,
  0x00,0x00,0x04,0x41,0x00,0x7d,0x00,0x00,0x00,0x00,0x04,0x41,0x09,0x7d,0x00,0x00,
  0x00,0x00,0x04,0x41,0x11,0x7d,0x00,0x00,0x00,0x00,0x04,0x41,0x1a,0x7d,0x00,0x00,
  0x00,0x00,0x04,0x41,0x23,0x7d,0x00,0x00,0x00,0x00,0x04,0x41,0x2b,0x7d,0x00,0x00,
  0x00,0x00,0x04,0x41,0x34,0x7d,0x00,0x00,0x00,0x00,0x04,0x41,0x3c,0x7d,0x00,0x00,
  0x00,0x00,0x04,0x41,0x44,0x7d,0x00,0x00,0x00,0x00,0x04,0x41,0x4c,0x7d,0x00,0x00,
  0x00,0x00,0x04,0x41,0x54,0x7d,0x00,0x00,0x00,0x00,0x04,0x41,0x5c,0x7d,0x00,0x00,
  0x00,0x00,0x04,0x41,0x64,0x7d,0x00,0x00,0x00,0x00,0x04,0x41,0x6c,0x7d,0x00,0x00,
  0x00,0x00,0x04,0x41,0x73,0x7d,0x00,0x00,0x00,0x00,0x04,0x41,0x7b,0x7d,0x00,0x00,
  0x00,0x00,0x04,0x41,0x82,0x7d,0x00,0x00,0x00,0x00,0x04,0x41,0x8a,0x7d,0x00,0x00,
  0x00,0x00,0x04,0x41,0x91,0x7d,0x00,0x00,0x00,0x00,0x04,0x41,0x98,0x7d,0x00,0x00,
  0x00,0x00,0x04,0x41,0x9f,0x7d,0x00,0x00,0x00,0x00,0x04,0x41,0xa6,0x7d,0x00,0x00,
  0x00,0x00,0x04,0x41,0xad,0x7d,0x00,0x00,0x00,0x00,0x04,0x41,0xb4,0x7d,0x00,0x00,
  0x00,0x00,0x04,0x41,0xbb,0x7d,0x00,0x00,0x00,0x00,0x04,0x41,0xc2,0x7d,0x00,0x00,
  0x00,0x00,0x04,0x41,0xc9,0x7d,0x00,0x00,0x00,0x00,0x04,0x41,0xcf,0x7d,0x00,0x00,
  0x00,0x00,0x04,0x41,0xd6,0x7d,0x00,0x00,0x00,0x00,0x04,0x41,0xdc,0x7d,0x00,0x00,
  0x00,0x00,0x04,0x41,0xe2,0x7d,0x00,0x00,0x00,0x00,0x04,0x41,0xe9,0x7d,0x00,0x00,
  0x00,0x00,0x04,0x41,0xef,0x7d,0x00,0x00,0x00,0x00,0x04,0x41,0xf5,0x7d,0x00,0x00,
  0x00,0x00,0x04,0x41,0xfb,0x7d,0x00,0x00,0x00,0x00,0x04,0x41,0x01,0x7e,0x00,0x00,
  0x00,0x00,0x04,0x41,0x07,0x7e,0x00,0x00,0x00,0x00,0x04,0x41,0x0d,0x7e,0x00,0x00,
  0x00,0x00,0x04,0x41,0x13,0x7e,0x00,0x00,0x00,0x00,0x04,0x41,0x19,0x7e,0x00,0x00,
  0x00,0x00,0x04,0x41,0x1e,0x7e,0x00,0x00,0x00,0x00,0x04,0x41,0x24,0x7e,0x00,0x00,
  0x00,0x00,0x04,0x41,0x29,0x7e,0x00,0x00,0x00,0x00,0x04,0x41,0x2f,0x7e,0x00,0x00,
  0x00,0x00,0x04,0x41,0x34,0x7e,0x00,0x00,0x00,0x00,0x04,0x41,0x3a,0x7e,0x00,0x00,
  0x00,0x00,0x04,0x41,0x3f,0x7e,0x00,0x00,0x00,0x00,0x04,0x41,0x44,0x7e,0x00,0x00,
  0x00,0x00,0x04,0x41,0x49,0x7e,0x00,0x00,0x00,0x00,0x04,0x41,0x4e,0x7e,0x00,0x00,
  0x00,0x00,0x04,0x41,0x53,0x7e,0x00,0x00,0x00,0x00,0x04,0x41,0x58,0x7e,0x00,0x00,
  0x00,0x00,0x04,0x41,0x5d,0x7e,0x00,0x00,0x00,0x00,0x04,0x41,0x62,0x7e,0x00,0x00,
  0x00,0x00,0x04,0x41,0x67,0x7e,0x00,0x00,0x00,0x00,0x04,0x41,0x6c,0x7e,0x00,0x00,
  0x00,0x00,0x04,0x41,0x70,0x7e,0x00,0x00,0x00,0x00,0x04,0x41,0x75,0x7e,0x00,0x00,
  0x00,0x00,0x04,0x41,0x7a,0x7e,0x00,0x00,0x00,0x00,0x04,0x41,0x7e,0x7e,0x00,0x00,
  0x00,0x00,0x04,0x41,0x83,0x7e,0x00,0x00,0x00,0x00,0x04,0x41,0x87,0x7e,0x00,0x00,
  0x00,0x00,0x04,0x41,0x8b,0x7e,0x00,0x00,0x00,0x00,0x04,0x41,0x90,0x7e,0x00,0x00,
  0x00,0x00,0x04,0x41,0x94,0x7e,0x00,0x00,0x00,0x00,0x04,0x41,0x98,0x7e,0x00,0x00,
  0x00,0x00,0x04,0x41,0x9d,0x7e,0x00,0x00,0x00,0x00,0x04,0x41,0xa1,0x7e,0x00,0x00,
  0x00,0x00,0x04,0x41,0xa5,0x7e,0x00,0x00,0x00,0x00,0x04,0x41,0xa9,0x7e,0x00,0x00,
  0x00,0x00,0x04,0x41,0xad,0x7e,0x00,0x00,0x00,0x00,0x04,0x41,0xb1,0x7e,0x00,0x00,
  0x00,0x00,0x04,0x41,0xb5,0x7e,0x00,0x00,0x00,0x00,0x04,0x41,0xb8,0x7e,0x00,0x00,
  0x00,0x00,0x04,0x41,0xbc,0x7e,0x00,0x00,0x00,0x00,0x04,0x41,0xc0,0x7e,0x00,0x00,
  0x00,0x00,0x04,0x41,0xc4,0x7e,0x00,0x00,0x00,0x00,0x04,0x41,0xc7,0x7e,0x00,0x00,
  0x00,0x00,0x04,0x41,0xcb,0x7e,0x00,0x00,0x00,0x00,0x04,0x41,0xcf,0x7e,0x00,0x00,
  0x00,0x00,0x04,0x41,0xd2,0x7e,0x00,0x00,0x00,0x00,0x04,0x41,0xd6,0x7e,0x00,0x00,
  0x00,0x00,0x04,0x41,0xd9,0x7e,0x00,0x00,0x00,0x00,0x04,0x41,0xdd,0x7e,0x00,0x00,
  0x00,0x00,0x04,0x41,0xe0,0x7e,0x00,0x00,0x00,0x00,0x04,0x41,0xe3,0x7e,0x00,0x00,
  0x00,0x00,0x04,0x41,0xe7,0x7e,0x00,0x00,0x00,0x00,0x04,0x41,0xea,0x7e,0x00,0x00,
  0x00,0x00,0x04,0x41,0xed,0x7e,0x00,0x00,0x00,0x00,0x04,0x41,0xf0,0x7e,0x00,0x00,
  0x00,0x00,0x04,0x41,0xf4,0x7e,0x00,0x00,0x00,0x00,0x04,0x41,0xf7,0x7e,0x00,0x00,
  0x00,0x00,0x04,0x41,0xfa,0x7e,0x00,0x00,0x00,0x00,0x04,0x41,0xfd,0x7e,0x00,0x00,
  0x00,0x00,0x04,0x41,0x00,0x7f,0x00,0x00,0x00,0x00,0x04,0x41,0x03,0x7f,0x00,0x00,
  0x00,0x00,0x04,0x41,0x06,0x7f,0x00,0x00,0x00,0x00,0x04,0x41,0x09,0x7f,0x00,0x00,
  0x00,0x00,0x04,0x41,0x0c,0x7f,0x00,0x00,0x00,0x00,0x04,0x41,0x0e,0x7f,0x00,0x00,
  0x00,0x00,0x04,0x41,0x11,0x7f,0x00,0x00,0x00,0x00,0x04,0x41,0x14,0x7f,0x00,0x00,
  0x00,0x00,0x04,0x41,0x17,0x7f,0x00,0x00,0x00,0x00,0x04,0x41,0x19,0x7f,0x00,0x00,
  0x00,0x00,0x04,0x41,0x1c,0x7f,0x00,0x00,0x00,0x00,0x04,0x41,0x1f,0x7f,0x00,0x00,
  0x00,0x00,0x04,0x41,0x21,0x7f,0x00,0x00,0x00,0x00,0x04,0x41,0x24,0x7f,0x00,0x00,
  0x00,0x00,0x04,0x41,0x27,0x7f,0x00,0x00,0x00,0x00,0x04,0x41,0x29,0x7f,0x00,0x00,
  0x00,0x00,0x04,0x41,0x2c,0x7f,0x00,0x00,0x00,0x00,0x04,0x41,0x2e,0x7f,0x00,0x00,
  0x00,0x00,0x04,0x41,0x31,0x7f,0x00,0x00,0x00,0x00,0x04,0x41,0x33,0x7f,0x00,0x00,
  0x00,0x00,0x04,0x41,0x35,0x7f,0x00,0x00,0x00,0x00,0x04,0x41,0x38,0x7f,0x00,0x00,
  0x00,0x00,0x04,0x41,0x3a,0x7f,0x00,0x00,0x00,0x00,0x04,0x41,0x3c,0x7f,0x00,0x00,
  0x00,0x00,0x04,0x41,0x3f,0x7f,0x00,0x00,0x00,0x00,0x04,0x41,0x41,0x7f,0x00,0x00,
  0x00,0x00,0x04,0x41,0x43,0x7f,0x00,0x00,0x00,0x00,0x04,0x41,0x45,0x7f,0x00,0x00,
  0x00,0x00,0x04,0x41,0x47,0x7f,0x00,0x00,0x00,0x00,0x04,0x41,0x4a,0x7f,0x00,0x00,
  0x00,0x00,0x04,0x41,0x4c,0x7f,0x00,0x00,0x00,0x00,0x04,0x41,0x4e,0x7f,0x00,0x00,
  0x00,0x00,0x04,0x41,0x50,0x7f,0x00,0x00,0x00,0x00,0x04,0x41,0x52,0x7f,0x00,0x00,
  0x00,0x00,0x04,0x41,0x54,0x7f,0x00,0x00,0x00,0x00,0x04,0x41,0x56,0x7f,0x00,0x00,
  0x00,0x00,0x04,0x41,0x58,0x7f,0x00,0x00,0x00,0x00,0x04,0x41,0x5a,0x7f,0x00,0x00,
  0x00,0x00,0x04,0x41,0x5c,0x7f,0x00,0x00,0x00,0x00,0x04,0x41,0x5e,0x7f,0x00,0x00,
  0x00,0x00,0x04,0x41,0x60,0x7f,0x00,0x00,0x00,0x00,0x04,0x41,0x61,0x7f,0x00,0x00,
  0x00,0x00,0x04,0x41,0x63,0x7f,0x00,0x00,0x00,0x00,0x00,0x00,0x00,0x00,0x00,0x00,
  0x00,0x00,0x00,0x00,0x00,0x00,0x00,0x00,0x00,0x00,0x00,0x00,0x00,0x00,0x00,0x00,
  0x00,0x00,0x00,0x00,0x00,0x00,0x00,0x00,0x00,0x00,0x00,0x00,0x00,0x00,0x00,0x00,
  0x00,0x00,0x00,0x00,0x00,0x00,0x00,0x00,0x00,0x00,0x00,0x00,0x00,0x00,0x00,0x00,
  0x01,0x00,0x00,0x00,0x00,0x00,0x00,0x00,0x40,0x00,0x00,0x00,0x00,0x00,0x00,0x00,
  0x01,0x00,0x00,0x00,0x00,0x00,0x00,0x00,0x00,0x03,0x00,0x00,0x00,0x00,0x00,0x00,
  0x00,0x00,0x00,0x00,0x00,0x00,0x00,0x00,0x00,0x00,0x00,0x00,0x00,0x00,0x00,0x00,
  0x00,0x00,0x00,0x00,0x00,0x00,0x00,0x00,0x00,0x00,0x00,0x00,0x00,0x00,0x00,0x00,
  0x01,0x00,0x00,0x00,0x00,0x00,0x00,0x00,0x40,0x00,0x00,0x00,0x00,0x00,0x00,0x00,
  0x00,0x03,0x00,0x00,0x00,0x00,0x00,0x00,0x00,0x00,0x00,0x00,0x00,0x00,0x00,0x00,
  0x00,0x00,0x00,0x00,0x00,0x00,0x00,0x00,0x00,0x00,0x00,0x00,0x00,0x00,0x00,0x00,
  0x00,0x00,0x00,0x00,0x00,0x00,0x00,0x00,0x00,0x00,0x00,0x00,0x00,0x00,0x00,0x00,
  0x04,0x40,0x0e,0x00,0x00,0x00,0x01,0x10,0x04,0x50,0x0e,0x00,0x00,0x00,0x01,0x20,
  0x0c,0x40,0xe5,0x01,0x00,0x00,0x01,0x10,0x10,0x40,0x02,0x00,0x00,0x48,0x01,0x10,
  0x14,0x40,0x00,0x00,0x00,0x00,0x01,0x10,0x20,0x40,0x00,0xa0,0xfc,0xff,0x01,0x10,
  0x24,0x40,0x00,0x08,0x00,0x00,0x01,0x10,0x30,0x40,0x0f,0x00,0x00,0x00,0x01,0x10,
  0x34,0x40,0x07,0x00,0x00,0x00,0x01,0x10,0x38,0x40,0x00,0x00,0x00,0x00,0x01,0x10,
  0x3c,0x40,0x7f,0x01,0x7f,0x01,0x01,0x10,0x40,0x40,0x53,0x00,0x00,0x00,0x01,0x10,
  0x44,0x40,0x00,0x00,0x00,0x00,0x01,0x10,0x48,0x40,0x00,0x00,0x00,0x00,0x01,0x10,
  0x4c,0x40,0x00,0x00,0x00,0x00,0x01,0x10,0x50,0x40,0x02,0x00,0x00,0x00,0x01,0x10,
  0x54,0x40,0x00,0x00,0x00,0x00,0x01,0x10,0x58,0x40,0x7f,0x01,0x00,0x00,0x01,0x10,
  0x5c,0x40,0x0f,0x00,0x07,0x00,0x01,0x10,0x60,0x40,0x53,0x00,0x00,0x00,0x01,0x10,
  0x64,0x40,0x00,0x00,0x00,0x00,0x01,0x10,0x68,0x40,0x00,0x00,0x00,0x00,0x01,0x10,
  0x6c,0x40,0x00,0x00,0x00,0x00,0x01,0x10,0x70,0x40,0x83,0x03,0x00,0x00,0x01,0x10,
  0x74,0x40,0x00,0x00,0x00,0x00,0x01,0x10,0x78,0x40,0x01,0x00,0x00,0x00,0x01,0x10,
  0x7c,0x40,0x00,0x00,0x00,0x00,0x01,0x10,0x80,0x40,0x00,0x00,0x00,0x00,0x01,0x10,
  0x84,0x40,0x01,0x00,0x01,0x00,0x01,0x10,0x88,0x40,0x00,0x00,0x00,0x00,0x01,0x10,
  0x90,0x40,0x00,0x00,0x00,0x00,0x01,0x10,0x94,0x40,0x00,0x00,0x00,0x00,0x01,0x10,
  0x98,0x40,0x00,0x00,0x00,0x00,0x01,0x10,0x9c,0x40,0x00,0x00,0x00,0x00,0x01,0x10,
  0xa0,0x40,0x00,0x00,0x00,0x00,0x01,0x10,0xa4,0x40,0x00,0x00,0x00,0x00,0x01,0x10,
  0xa8,0x40,0x00,0x00,0x00,0x00,0x01,0x10,0xac,0x40,0x00,0x00,0x00,0x00,0x01,0x10,
  0xc0,0x40,0x00,0x08,0x00,0x00,0x01,0x10,0xc4,0x40,0x00,0x00,0x00,0x00,0x01,0x10,
  0x00,0x41,0x00,0x00,0x00,0x00,0x01,0x10,0x04,0x41,0x00,0x00,0x00,0x00,0x01,0x10,
  0x08,0x41,0x00,0x00,0x00,0x00,0x01,0x10,0x0c,0x41,0x00,0x00,0x00,0x00,0x01,0x10,
  0x10,0x41,0x00,0x00,0x00,0x00,0x01,0x10,0x14,0x41,0x00,0x00,0x00,0x00,0x01,0x10,
  0x18,0x41,0x00,0x00,0x00,0x00,0x01,0x10,0x1c,0x41,0x00,0x00,0x00,0x00,0x01,0x10,
  0x20,0x41,0x00,0x00,0x00,0x00,0x01,0x10,0x24,0x41,0x00,0x00,0x00,0x00,0x01,0x10,
  0x28,0x41,0x00,0x00,0x00,0x00,0x01,0x10,0x2c,0x41,0x00,0x00,0x00,0x00,0x01,0x10,
  0x0c,0x50,0x0f,0x00,0x00,0x00,0x01,0x20,0x10,0x50,0x07,0x00,0x00,0x00,0x01,0x20,
  0x14,0x50,0x7f,0x01,0x00,0x00,0x01,0x20,0x18,0x50,0x00,0x20,0xf8,0xff,0x01,0x20,
  0x1c,0x50,0x00,0x00,0x00,0x00,0x01,0x20,0x20,0x50,0x00,0x00,0x00,0x00,0x01,0x20,
  0x28,0x50,0x00,0x00,0x00,0x00,0x01,0x20,0x2c,0x50,0x00,0x00,0x00,0x00,0x01,0x20,
  0x34,0x50,0x01,0x00,0x00,0x00,0x01,0x20,0x38,0x50,0x00,0x00,0x00,0x00,0x01,0x20,
  0x40,0x50,0x00,0x00,0x00,0x00,0x01,0x20,0x44,0x50,0x49,0x78,0x01,0x00,0x01,0x20,
  0x48,0x50,0x00,0x00,0x00,0x00,0x01,0x20,0x4c,0x50,0x00,0x00,0x00,0x00,0x01,0x20,
  0x64,0x50,0x00,0x00,0x00,0x00,0x01,0x20,0x68,0x50,0x01,0x01,0x01,0x01,0x01,0x20,
  0x6c,0x50,0x00,0x00,0x00,0x00,0x01,0x20,0x10,0x00,0x80,0xc5,0xff,0xff,0x01,0x01,
  0x14,0x00,0x26,0x02,0x00,0x00,0x01,0x01,0x00,0x00,0x00,0x00,0x00,0x00,0x41,0x00,
  0x08,0x00,0x18,0x00,0x00,0x00,0x81,0x00,0x00,0x00,0x00,0x00,0x00,0x00,0x00,0x00,
  0x00,0x00,0x00,0x00,0x00,0x00,0x00,0x00,0x00,0x00,0x00,0x00,0x00,0x00,0x00,0x00,
  0x00,0x00,0x00,0x00,0x00,0x00,0x00,0x00,0x00,0x00,0x00,0x00,0x00,0x00,0x00,0x00,
  0x00,0x00,0x00,0x00,0x00,0x00,0x00,0x00,0x00,0x00,0x00,0x00,0x00,0x00,0x00,0x00,
  0x04,0x40,0x0e,0x00,0x00,0x00,0x01,0x10,0x04,0x50,0x0e,0x00,0x00,0x00,0x01,0x20,
  0x0c,0x40,0xe5,0x01,0x00,0x00,0x01,0x10,0x10,0x40,0x00,0x00,0x00,0x00,0x01,0x10,
  0x14,0x40,0x00,0x00,0x00,0x00,0x01,0x10,0x20,0x40,0x00,0xc3,0xff,0xff,0x01,0x10,
  0x24,0x40,0x10,0x00,0x00,0x00,0x01,0x10,0x30,0x40,0x00,0x00,0x00,0x00,0x01,0x10,
  0x34,0x40,0x00,0x00,0x00,0x00,0x01,0x10,0x38,0x40,0x00,0x00,0x00,0x00,0x01,0x10,
  0x3c,0x40,0x0f,0x00,0x0f,0x00,0x01,0x10,0x40,0x40,0x53,0x00,0x00,0x00,0x01,0x10,
  0x44,0x40,0x00,0x00,0x00,0x00,0x01,0x10,0x48,0x40,0x00,0x00,0x00,0x00,0x01,0x10,
  0x4c,0x40,0x00,0x00,0x00,0x00,0x01,0x10,0x50,0x40,0x02,0x00,0x00,0x00,0x01,0x10,
  0x54,0x40,0x00,0x00,0x00,0x00,0x01,0x10,0x58,0x40,0x0f,0x00,0x00,0x00,0x01,0x10,
  0x5c,0x40,0x00,0x00,0x00,0x00,0x01,0x10,0x60,0x40,0x53,0x00,0x00,0x00,0x01,0x10,
  0x64,0x40,0x00,0x00,0x00,0x00,0x01,0x10,0x68,0x40,0x00,0x00,0x00,0x00,0x01,0x10,
  0x6c,0x40,0x00,0x00,0x00,0x00,0x01,0x10,0x70,0x40,0x83,0x03,0x00,0x00,0x01,0x10,
  0x74,0x40,0x00,0x00,0x00,0x00,0x01,0x10,0x78,0x40,0x01,0x00,0x00,0x00,0x01,0x10,
  0x7c,0x40,0x00,0x00,0x00,0x00,0x01,0x10,0x80,0x40,0x00,0x00,0x00,0x00,0x01,0x10,
  0x84,0x40,0x01,0x00,0x00,0x00,0x01,0x10,0x88,0x40,0x00,0x00,0x00,0x00,0x01,0x10,
  0x90,0x40,0x00,0x00,0x00,0x00,0x01,0x10,0x94,0x40,0x00,0x00,0x00,0x00,0x01,0x10,
  0x98,0x40,0x00,0x00,0x00,0x00,0x01,0x10,0x9c,0x40,0x00,0x00,0x00,0x00,0x01,0x10,
  0xa0,0x40,0x00,0x00,0x00,0x00,0x01,0x10,0xa4,0x40,0x00,0x00,0x00,0x00,0x01,0x10,
  0xa8,0x40,0x00,0x00,0x00,0x00,0x01,0x10,0xac,0x40,0x00,0x00,0x00,0x00,0x01,0x10,
  0xc0,0x40,0x10,0x00,0x00,0x00,0x01,0x10,0xc4,0x40,0x00,0x00,0x00,0x00,0x01,0x10,
  0x00,0x41,0x00,0x00,0x00,0x00,0x01,0x10,0x04,0x41,0x00,0x00,0x00,0x00,0x01,0x10,
  0x08,0x41,0x00,0x00,0x00,0x00,0x01,0x10,0x0c,0x41,0x00,0x00,0x00,0x00,0x01,0x10,
  0x10,0x41,0x00,0x00,0x00,0x00,0x01,0x10,0x14,0x41,0x00,0x00,0x00,0x00,0x01,0x10,
  0x18,0x41,0x00,0x00,0x00,0x00,0x01,0x10,0x1c,0x41,0x00,0x00,0x00,0x00,0x01,0x10,
  0x20,0x41,0x00,0x00,0x00,0x00,0x01,0x10,0x24,0x41,0x00,0x00,0x00,0x00,0x01,0x10,
  0x28,0x41,0x00,0x00,0x00,0x00,0x01,0x10,0x2c,0x41,0x00,0x00,0x00,0x00,0x01,0x10,
  0x0c,0x50,0x00,0x00,0x00,0x00,0x01,0x20,0x10,0x50,0x00,0x00,0x00,0x00,0x01,0x20,
  0x14,0x50,0x0f,0x00,0x00,0x00,0x01,0x20,0x18,0x50,0x00,0xc3,0xff,0xff,0x01,0x20,
  0x1c,0x50,0x00,0x00,0x00,0x00,0x01,0x20,0x20,0x50,0x00,0x00,0x00,0x00,0x01,0x20,
  0x28,0x50,0x00,0x00,0x00,0x00,0x01,0x20,0x2c,0x50,0x00,0x00,0x00,0x00,0x01,0x20,
  0x34,0x50,0x01,0x00,0x00,0x00,0x01,0x20,0x38,0x50,0x00,0x00,0x00,0x00,0x01,0x20,
  0x40,0x50,0x00,0x00,0x00,0x00,0x01,0x20,0x44,0x50,0x01,0x78,0x00,0x00,0x01,0x20,
  0x48,0x50,0x00,0x00,0x00,0x00,0x01,0x20,0x4c,0x50,0x00,0x00,0x00,0x00,0x01,0x20,
  0x64,0x50,0x00,0x00,0x00,0x00,0x01,0x20,0x68,0x50,0x01,0x01,0x01,0x01,0x01,0x20,
  0x6c,0x50,0x00,0x00,0x00,0x00,0x01,0x20,0x00,0x41,0x00,0x00,0x02,0x00,0x01,0x10,
  0x04,0x41,0x9d,0x80,0xff,0xff,0x01,0x10,0x04,0x41,0x9f,0x80,0xff,0xff,0x01,0x10,
  0x04,0x41,0xa0,0x80,0xff,0xff,0x01,0x10,0x04,0x41,0xa2,0x80,0xff,0xff,0x01,0x10,
  0x04,0x41,0xa4,0x80,0xff,0xff,0x01,0x10,0x04,0x41,0xa6,0x80,0xff,0xff,0x01,0x10,
  0x04,0x41,0xa8,0x80,0xff,0xff,0x01,0x10,0x04,0x41,0xaa,0x80,0xff,0xff,0x01,0x10,
  0x04,0x41,0xac,0x80,0xff,0xff,0x01,0x10,0x04,0x41,0xae,0x80,0xff,0xff,0x01,0x10,
  0x04,0x41,0xb0,0x80,0xff,0xff,0x01,0x10,0x04,0x41,0xb2,0x80,0xff,0xff,0x01,0x10,
  0x04,0x41,0xb4,0x80,0xff,0xff,0x01,0x10,0x04,0x41,0xb6,0x80,0xff,0xff,0x01,0x10,
  0x04,0x41,0xb9,0x80,0xff,0xff,0x01,0x10,0x04,0x41,0xbb,0x80,0xff,0xff,0x01,0x10,
  0x04,0x41,0xbd,0x80,0xff,0xff,0x01,0x10,0x04,0x41,0xbf,0x80,0xff,0xff,0x01,0x10,
  0x04,0x41,0xc1,0x80,0xff,0xff,0x01,0x10,0x04,0x41,0xc4,0x80,0xff,0xff,0x01,0x10,
  0x04,0x41,0xc6,0x80,0xff,0xff,0x01,0x10,0x04,0x41,0xc8,0x80,0xff,0xff,0x01,0x10,
  0x04,0x41,0xcb,0x80,0xff,0xff,0x01,0x10,0x04,0x41,0xcd,0x80,0xff,0xff,0x01,0x10,
  0x04,0x41,0xcf,0x80,0xff,0xff,0x01,0x10,0x04,0x41,0xd2,0x80,0xff,0xff,0x01,0x10,
  0x04,0x41,0xd4,0x80,0xff,0xff,0x01,0x10,0x04,0x41,0xd7,0x80,0xff,0xff,0x01,0x10,
  0x04,0x41,0xd9,0x80,0xff,0xff,0x01,0x10,0x04,0x41,0xdc,0x80,0xff,0xff,0x01,0x10,
  0x04,0x41,0xdf,0x80,0xff,0xff,0x01,0x10,0x04,0x41,0xe1,0x80,0xff,0xff,0x01,0x10,
  0x04,0x41,0xe4,0x80,0xff,0xff,0x01,0x10,0x04,0x41,0xe7,0x80,0xff,0xff,0x01,0x10,
  0x04,0x41,0xe9,0x80,0xff,0xff,0x01,0x10,0x04,0x41,0xec,0x80,0xff,0xff,0x01,0x10,
  0x04,0x41,0xef,0x80,0xff,0xff,0x01,0x10,0x04,0x41,0xf2,0x80,0xff,0xff,0x01,0x10,
  0x04,0x41,0xf4,0x80,0xff,0xff,0x01,0x10,0x04,0x41,0xf7,0x80,0xff,0xff,0x01,0x10,
  0x04,0x41,0xfa,0x80,0xff,0xff,0x01,0x10,0x04,0x41,0xfd,0x80,0xff,0xff,0x01,0x10,
  0x04,0x41,0x00,0x81,0xff,0xff,0x01,0x10,0x04,0x41,0x03,0x81,0xff,0xff,0x01,0x10,
  0x04,0x41,0x06,0x81,0xff,0xff,0x01,0x10,0x04,0x41,0x09,0x81,0xff,0xff,0x01,0x10,
  0x04,0x41,0x0c,0x81,0xff,0xff,0x01,0x10,0x04,0x41,0x10,0x81,0xff,0xff,0x01,0x10,
  0x04,0x41,0x13,0x81,0xff,0xff,0x01,0x10,0x04,0x41,0x16,0x81,0xff,0xff,0x01,0x10,
  0x04,0x41,0x19,0x81,0xff,0xff,0x01,0x10,0x04,0x41,0x1d,0x81,0xff,0xff,0x01,0x10,
  0x04,0x41,0x20,0x81,0xff,0xff,0x01,0x10,0x04,0x41,0x23,0x81,0xff,0xff,0x01,0x10,
  0x04,0x41,0x27,0x81,0xff,0xff,0x01,0x10,0x04,0x41,0x2a,0x81,0xff,0xff,0x01,0x10,
  0x04,0x41,0x2e,0x81,0xff,0xff,0x01,0x10,0x04,0x41,0x31,0x81,0xff,0xff,0x01,0x10,
  0x04,0x41,0x35,0x81,0xff,0xff,0x01,0x10,0x04,0x41,0x39,0x81,0xff,0xff,0x01,0x10,
  0x04,0x41,0x3c,0x81,0xff,0xff,0x01,0x10,0x04,0x41,0x40,0x81,0xff,0xff,0x01,0x10,
  0x04,0x41,0x44,0x81,0xff,0xff,0x01,0x10,0x04,0x41,0x48,0x81,0xff,0xff,0x01,0x10,
  0x04,0x41,0x4b,0x81,0xff,0xff,0x01,0x10,0x04,0x41,0x4f,0x81,0xff,0xff,0x01,0x10,
  0x04,0x41,0x53,0x81,0xff,0xff,0x01,0x10,0x04,0x41,0x57,0x81,0xff,0xff,0x01,0x10,
  0x04,0x41,0x5b,0x81,0xff,0xff,0x01,0x10,0x04,0x41,0x5f,0x81,0xff,0xff,0x01,0x10,
  0x04,0x41,0x63,0x81,0xff,0xff,0x01,0x10,0x04,0x41,0x68,0x81,0xff,0xff,0x01,0x10,
  0x04,0x41,0x6c,0x81,0xff,0xff,0x01,0x10,0x04,0x41,0x70,0x81,0xff,0xff,0x01,0x10,
  0x04,0x41,0x75,0x81,0xff,0xff,0x01,0x10,0x04,0x41,0x79,0x81,0xff,0xff,0x01,0x10,
  0x04,0x41,0x7d,0x81,0xff,0xff,0x01,0x10,0x04,0x41,0x82,0x81,0xff,0xff,0x01,0x10,
  0x04,0x41,0x86,0x81,0xff,0xff,0x01,0x10,0x04,0x41,0x8b,0x81,0xff,0xff,0x01,0x10,
  0x04,0x41,0x90,0x81,0xff,0xff,0x01,0x10,0x04,0x41,0x94,0x81,0xff,0xff,0x01,0x10,
  0x04,0x41,0x99,0x81,0xff,0xff,0x01,0x10,0x04,0x41,0x9e,0x81,0xff,0xff,0x01,0x10,
  0x04,0x41,0xa3,0x81,0xff,0xff,0x01,0x10,0x04,0x41,0xa8,0x81,0xff,0xff,0x01,0x10,
  0x04,0x41,0xad,0x81,0xff,0xff,0x01,0x10,0x04,0x41,0xb2,0x81,0xff,0xff,0x01,0x10,
  0x04,0x41,0xb7,0x81,0xff,0xff,0x01,0x10,0x04,0x41,0xbc,0x81,0xff,0xff,0x01,0x10,
  0x04,0x41,0xc1,0x81,0xff,0xff,0x01,0x10,0x04,0x41,0xc6,0x81,0xff,0xff,0x01,0x10,
  0x04,0x41,0xcc,0x81,0xff,0xff,0x01,0x10,0x04,0x41,0xd1,0x81,0xff,0xff,0x01,0x10,
  0x04,0x41,0xd7,0x81,0xff,0xff,0x01,0x10,0x04,0x41,0xdc,0x81,0xff,0xff,0x01,0x10,
  0x04,0x41,0xe2,0x81,0xff,0xff,0x01,0x10,0x04,0x41,0xe7,0x81,0xff,0xff,0x01,0x10,
  0x04,0x41,0xed,0x81,0xff,0xff,0x01,0x10,0x04,0x41,0xf3,0x81,0xff,0xff,0x01,0x10,
  0x04,0x41,0xf9,0x81,0xff,0xff,0x01,0x10,0x04,0x41,0xff,0x81,0xff,0xff,0x01,0x10,
  0x04,0x41,0x05,0x82,0xff,0xff,0x01,0x10,0x04,0x41,0x0b,0x82,0xff,0xff,0x01,0x10,
  0x04,0x41,0x11,0x82,0xff,0xff,0x01,0x10,0x04,0x41,0x17,0x82,0xff,0xff,0x01,0x10,
  0x04,0x41,0x1e,0x82,0xff,0xff,0x01,0x10,0x04,0x41,0x24,0x82,0xff,0xff,0x01,0x10,
  0x04,0x41,0x2a,0x82,0xff,0xff,0x01,0x10,0x04,0x41,0x31,0x82,0xff,0xff,0x01,0x10,
  0x04,0x41,0x37,0x82,0xff,0xff,0x01,0x10,0x04,0x41,0x3e,0x82,0xff,0xff,0x01,0x10,
  0x04,0x41,0x45,0x82,0xff,0xff,0x01,0x10,0x04,0x41,0x4c,0x82,0xff,0xff,0x01,0x10,
  0x04,0x41,0x53,0x82,0xff,0xff,0x01,0x10,0x04,0x41,0x5a,0x82,0xff,0xff,0x01,0x10,
  0x04,0x41,0x61,0x82,0xff,0xff,0x01,0x10,0x04,0x41,0x68,0x82,0xff,0xff,0x01,0x10,
  0x04,0x41,0x6f,0x82,0xff,0xff,0x01,0x10,0x04,0x41,0x76,0x82,0xff,0xff,0x01,0x10,
  0x04,0x41,0x7e,0x82,0xff,0xff,0x01,0x10,0x04,0x41,0x85,0x82,0xff,0xff,0x01,0x10,
  0x04,0x41,0x8d,0x82,0xff,0xff,0x01,0x10,0x04,0x41,0x94,0x82,0xff,0xff,0x01,0x10,
  0x04,0x41,0x9c,0x82,0xff,0xff,0x01,0x10,0x04,0x41,0xa4,0x82,0xff,0xff,0x01,0x10,
  0x04,0x41,0xac,0x82,0xff,0xff,0x01,0x10,0x04,0x41,0xb4,0x82,0xff,0xff,0x01,0x10,
  0x04,0x41,0xbc,0x82,0xff,0xff,0x01,0x10,0x04,0x41,0xc4,0x82,0xff,0xff,0x01,0x10,
  0x04,0x41,0xcc,0x82,0xff,0xff,0x01,0x10,0x04,0x41,0xd5,0x82,0xff,0xff,0x01,0x10,
  0x04,0x41,0xdd,0x82,0xff,0xff,0x01,0x10,0x04,0x41,0xe6,0x82,0xff,0xff,0x01,0x10,
  0x04,0x41,0xef,0x82,0xff,0xff,0x01,0x10,0x04,0x41,0xf7,0x82,0xff,0xff,0x01,0x10,
  0x04,0x41,0x00,0x83,0xff,0xff,0x01,0x10,0x04,0x41,0x09,0x83,0xff,0xff,0x01,0x10,
  0x04,0x41,0x12,0x83,0xff,0xff,0x01,0x10,0x04,0x41,0x1c,0x83,0xff,0xff,0x01,0x10,
  0x04,0x41,0x25,0x83,0xff,0xff,0x01,0x10,0x04,0x41,0x2e,0x83,0xff,0xff,0x01,0x10,
  0x04,0x41,0x38,0x83,0xff,0xff,0x01,0x10,0x04,0x41,0x42,0x83,0xff,0xff,0x01,0x10,
  0x04,0x41,0x4b,0x83,0xff,0xff,0x01,0x10,0x04,0x41,0x55,0x83,0xff,0xff,0x01,0x10,
  0x04,0x41,0x5f,0x83,0xff,0xff,0x01,0x10,0x04,0x41,0x69,0x83,0xff,0xff,0x01,0x10,
  0x04,0x41,0x73,0x83,0xff,0xff,0x01,0x10,0x04,0x41,0x7e,0x83,0xff,0xff,0x01,0x10,
  0x04,0x41,0x88,0x83,0xff,0xff,0x01,0x10,0x04,0x41,0x93,0x83,0xff,0xff,0x01,0x10,
  0x04,0x41,0x9d,0x83,0xff,0xff,0x01,0x10,0x04,0x41,0xa8,0x83,0xff,0xff,0x01,0x10,
  0x04,0x41,0xb3,0x83,0xff,0xff,0x01,0x10,0x04,0x41,0xbe,0x83,0xff,0xff,0x01,0x10,
  0x04,0x41,0xca,0x83,0xff,0xff,0x01,0x10,0x04,0x41,0xd5,0x83,0xff,0xff,0x01,0x10,
  0x04,0x41,0xe0,0x83,0xff,0xff,0x01,0x10,0x04,0x41,0xec,0x83,0xff,0xff,0x01,0x10,
  0x04,0x41,0xf8,0x83,0xff,0xff,0x01,0x10,0x04,0x41,0x03,0x84,0xff,0xff,0x01,0x10,
  0x04,0x41,0x0f,0x84,0xff,0xff,0x01,0x10,0x04,0x41,0x1c,0x84,0xff,0xff,0x01,0x10,
  0x04,0x41,0x28,0x84,0xff,0xff,0x01,0x10,0x04,0x41,0x34,0x84,0xff,0xff,0x01,0x10,
  0x04,0x41,0x41,0x84,0xff,0xff,0x01,0x10,0x04,0x41,0x4d,0x84,0xff,0xff,0x01,0x10,
  0x04,0x41,0x5a,0x84,0xff,0xff,0x01,0x10,0x04,0x41,0x67,0x84,0xff,0xff,0x01,0x10,
  0x04,0x41,0x74,0x84,0xff,0xff,0x01,0x10,0x04,0x41,0x82,0x84,0xff,0xff,0x01,0x10,
  0x04,0x41,0x8f,0x84,0xff,0xff,0x01,0x10,0x04,0x41,0x9d,0x84,0xff,0xff,0x01,0x10,
  0x04,0x41,0xaa,0x84,0xff,0xff,0x01,0x10,0x04,0x41,0xb8,0x84,0xff,0xff,0x01,0x10,
  0x04,0x41,0xc6,0x84,0xff,0xff,0x01,0x10,0x04,0x41,0xd5,0x84,0xff,0xff,0x01,0x10,
  0x04,0x41,0xe3,0x84,0xff,0xff,0x01,0x10,0x04,0x41,0xf2,0x84,0xff,0xff,0x01,0x10,
  0x04,0x41,0x00,0x85,0xff,0xff,0x01,0x10,0x04,0x41,0x0f,0x85,0xff,0xff,0x01,0x10,
  0x04,0x41,0x1e,0x85,0xff,0xff,0x01,0x10,0x04,0x41,0x2d,0x85,0xff,0xff,0x01,0x10,
  0x04,0x41,0x3d,0x85,0xff,0xff,0x01,0x10,0x04,0x41,0x4c,0x85,0xff,0xff,0x01,0x10,
  0x04,0x41,0x5c,0x85,0xff,0xff,0x01,0x10,0x04,0x41,0x6c,0x85,0xff,0xff,0x01,0x10,
  0x04,0x41,0x7c,0x85,0xff,0xff,0x01,0x10,0x04,0x41,0x8c,0x85,0xff,0xff,0x01,0x10,
  0x04,0x41,0x9d,0x85,0xff,0xff,0x01,0x10,0x04,0x41,0xae,0x85,0xff,0xff,0x01,0x10,
  0x04,0x41,0xbe,0x85,0xff,0xff,0x01,0x10,0x04,0x41,0xcf,0x85,0xff,0xff,0x01,0x10,
  0x04,0x41,0xe1,0x85,0xff,0xff,0x01,0x10,0x04,0x41,0xf2,0x85,0xff,0xff,0x01,0x10,
  0x04,0x41,0x04,0x86,0xff,0xff,0x01,0x10,0x04,0x41,0x16,0x86,0xff,0xff,0x01,0x10,
  0x04,0x41,0x28,0x86,0xff,0xff,0x01,0x10,0x04,0x41,0x3a,0x86,0xff,0xff,0x01,0x10,
  0x04,0x41,0x4c,0x86,0xff,0xff,0x01,0x10,0x04,0x41,0x5f,0x86,0xff,0xff,0x01,0x10,
  0x04,0x41,0x72,0x86,0xff,0xff,0x01,0x10,0x04,0x41,0x85,0x86,0xff,0xff,0x01,0x10,
  0x04,0x41,0x98,0x86,0xff,0xff,0x01,0x10,0x04,0x41,0xac,0x86,0xff,0xff,0x01,0x10,
  0x04,0x41,0xbf,0x86,0xff,0xff,0x01,0x10,0x04,0x41,0xd3,0x86,0xff,0xff,0x01,0x10,
  0x04,0x41,0xe7,0x86,0xff,0xff,0x01,0x10,0x04,0x41,0xfc,0x86,0xff,0xff,0x01,0x10,
  0x04,0x41,0x10,0x87,0xff,0xff,0x01,0x10,0x04,0x41,0x25,0x87,0xff,0xff,0x01,0x10,
  0x04,0x41,0x3a,0x87,0xff,0xff,0x01,0x10,0x04,0x41,0x50,0x87,0xff,0xff,0x01,0x10,
  0x04,0x41,0x65,0x87,0xff,0xff,0x01,0x10,0x04,0x41,0x7b,0x87,0xff,0xff,0x01,0x10,
  0x04,0x41,0x91,0x87,0xff,0xff,0x01,0x10,0x04,0x41,0xa7,0x87,0xff,0xff,0x01,0x10,
  0x04,0x41,0xbe,0x87,0xff,0xff,0x01,0x10,0x04,0x41,0xd5,0x87,0xff,0xff,0x01,0x10,
  0x04,0x41,0xec,0x87,0xff,0xff,0x01,0x10,0x04,0x41,0x03,0x88,0xff,0xff,0x01,0x10,
  0x04,0x41,0x1b,0x88,0xff,0xff,0x01,0x10,0x04,0x41,0x32,0x88,0xff,0xff,0x01,0x10,
  0x04,0x41,0x4b,0x88,0xff,0xff,0x01,0x10,0x04,0x41,0x63,0x88,0xff,0xff,0x01,0x10,
  0x04,0x41,0x7c,0x88,0xff,0xff,0x01,0x10,0x04,0x41,0x94,0x88,0xff,0xff,0x01,0x10,
  0x04,0x41,0xae,0x88,0xff,0xff,0x01,0x10,0x04,0x41,0xc7,0x88,0xff,0xff,0x01,0x10,
  0x04,0x41,0xe1,0x88,0xff,0xff,0x01,0x10,0x04,0x41,0xfb,0x88,0xff,0xff,0x01,0x10,
  0x04,0x41,0x15,0x89,0xff,0xff,0x01,0x10,0x04,0x41,0x30,0x89,0xff,0xff,0x01,0x10,
  0x04,0x41,0x4b,0x89,0xff,0xff,0x01,0x10,0x04,0x41,0x66,0x89,0xff,0xff,0x01,0x10,
  0x04,0x41,0x81,0x89,0xff,0xff,0x01,0x10,0x04,0x41,0x9d,0x89,0xff,0xff,0x01,0x10,
  0x04,0x41,0xb9,0x89,0xff,0xff,0x01,0x10,0x04,0x41,0xd5,0x89,0xff,0xff,0x01,0x10,
  0x04,0x41,0xf2,0x89,0xff,0xff,0x01,0x10,0x04,0x41,0x0f,0x8a,0xff,0xff,0x01,0x10,
  0x04,0x41,0x2d,0x8a,0xff,0xff,0x01,0x10,0x04,0x41,0x4a,0x8a,0xff,0xff,0x01,0x10,
  0x04,0x41,0x68,0x8a,0xff,0xff,0x01,0x10,0x04,0x41,0x86,0x8a,0xff,0xff,0x01,0x10,
  0x04,0x41,0xa5,0x8a,0xff,0xff,0x01,0x10,0x04,0x41,0xc4,0x8a,0xff,0xff,0x01,0x10,
  0x04,0x41,0xe3,0x8a,0xff,0xff,0x01,0x10,0x04,0x41,0x03,0x8b,0xff,0xff,0x01,0x10,
  0x04,0x41,0x23,0x8b,0xff,0xff,0x01,0x10,0x04,0x41,0x43,0x8b,0xff,0xff,0x01,0x10,
  0x04,0x41,0x64,0x8b,0xff,0xff,0x01,0x10,0x04,0x41,0x85,0x8b,0xff,0xff,0x01,0x10,
  0x04,0x41,0xa6,0x8b,0xff,0xff,0x01,0x10,0x04,0x41,0xc8,0x8b,0xff,0xff,0x01,0x10,
  0x04,0x41,0xea,0x8b,0xff,0xff,0x01,0x10,0x04,0x41,0x0d,0x8c,0xff,0xff,0x01,0x10,
  0x04,0x41,0x30,0x8c,0xff,0xff,0x01,0x10,0x04,0x41,0x53,0x8c,0xff,0xff,0x01,0x10,
  0x04,0x41,0x76,0x8c,0xff,0xff,0x01,0x10,0x04,0x41,0x9a,0x8c,0xff,0xff,0x01,0x10,
  0x04,0x41,0xbf,0x8c,0xff,0xff,0x01,0x10,0x04,0x41,0xe4,0x8c,0xff,0xff,0x01,0x10,
  0x04,0x41,0x09,0x8d,0xff,0xff,0x01,0x10,0x04,0x41,0x2e,0x8d,0xff,0xff,0x01,0x10,
  0x04,0x41,0x54,0x8d,0xff,0xff,0x01,0x10,0x04,0x41,0x7b,0x8d,0xff,0xff,0x01,0x10,
  0x04,0x41,0xa1,0x8d,0xff,0xff,0x01,0x10,0x04,0x41,0xc9,0x8d,0xff,0xff,0x01,0x10,
  0x04,0x41,0xf0,0x8d,0xff,0xff,0x01,0x10,0x04,0x41,0x18,0x8e,0xff,0xff,0x01,0x10,
  0x04,0x41,0x41,0x8e,0xff,0xff,0x01,0x10,0x04,0x41,0x69,0x8e,0xff,0xff,0x01,0x10,
  0x04,0x41,0x93,0x8e,0xff,0xff,0x01,0x10,0x04,0x41,0xbc,0x8e,0xff,0xff,0x01,0x10,
  0x04,0x41,0xe7,0x8e,0xff,0xff,0x01,0x10,0x04,0x41,0x11,0x8f,0xff,0xff,0x01,0x10,
  0x04,0x41,0x3c,0x8f,0xff,0xff,0x01,0x10,0x04,0x41,0x68,0x8f,0xff,0xff,0x01,0x10,
  0x04,0x41,0x94,0x8f,0xff,0xff,0x01,0x10,0x04,0x41,0xc0,0x8f,0xff,0xff,0x01,0x10,
  0x04,0x41,0xed,0x8f,0xff,0xff,0x01,0x10,0x04,0x41,0x1a,0x90,0xff,0xff,0x01,0x10,
  0x04,0x41,0x48,0x90,0xff,0xff,0x01,0x10,0x04,0x41,0x76,0x90,0xff,0xff,0x01,0x10,
  0x04,0x41,0xa5,0x90,0xff,0xff,0x01,0x10,0x04,0x41,0xd4,0x90,0xff,0xff,0x01,0x10,
  0x04,0x41,0x04,0x91,0xff,0xff,0x01,0x10,0x04,0x41,0x34,0x91,0xff,0xff,0x01,0x10,
  0x04,0x41,0x65,0x91,0xff,0xff,0x01,0x10,0x04,0x41,0x96,0x91,0xff,0xff,0x01,0x10,
  0x04,0x41,0xc8,0x91,0xff,0xff,0x01,0x10,0x04,0x41,0xfa,0x91,0xff,0xff,0x01,0x10,
  0x04,0x41,0x2d,0x92,0xff,0xff,0x01,0x10,0x04,0x41,0x60,0x92,0xff,0xff,0x01,0x10,
  0x04,0x41,0x94,0x92,0xff,0xff,0x01,0x10,0x04,0x41,0xc8,0x92,0xff,0xff,0x01,0x10,
  0x04,0x41,0xfd,0x92,0xff,0xff,0x01,0x10,0x04,0x41,0x32,0x93,0xff,0xff,0x01,0x10,
  0x04,0x41,0x68,0x93,0xff,0xff,0x01,0x10,0x04,0x41,0x9e,0x93,0xff,0xff,0x01,0x10,
  0x04,0x41,0xd5,0x93,0xff,0xff,0x01,0x10,0x04,0x41,0x0d,0x94,0xff,0xff,0x01,0x10,
  0x04,0x41,0x45,0x94,0xff,0xff,0x01,0x10,0x04,0x41,0x7e,0x94,0xff,0xff,0x01,0x10,
  0x04,0x41,0xb7,0x94,0xff,0xff,0x01,0x10,0x04,0x41,0xf1,0x94,0xff,0xff,0x01,0x10,
  0x04,0x41,0x2b,0x95,0xff,0xff,0x01,0x10,0x04,0x41,0x66,0x95,0xff,0xff,0x01,0x10,
  0x04,0x41,0xa1,0x95,0xff,0xff,0x01,0x10,0x04,0x41,0xdd,0x95,0xff,0xff,0x01,0x10,
  0x04,0x41,0x1a,0x96,0xff,0xff,0x01,0x10,0x04,0x41,0x57,0x96,0xff,0xff,0x01,0x10,
  0x04,0x41,0x95,0x96,0xff,0xff,0x01,0x10,0x04,0x41,0xd4,0x96,0xff,0xff,0x01,0x10,
  0x04,0x41,0x13,0x97,0xff,0xff,0x01,0x10,0x04,0x41,0x53,0x97,0xff,0xff,0x01,0x10,
  0x04,0x41,0x93,0x97,0xff,0xff,0x01,0x10,0x04,0x41,0xd4,0x97,0xff,0xff,0x01,0x10,
  0x04,0x41,0x15,0x98,0xff,0xff,0x01,0x10,0x04,0x41,0x58,0x98,0xff,0xff,0x01,0x10,
  0x04,0x41,0x9a,0x98,0xff,0xff,0x01,0x10,0x04,0x41,0xde,0x98,0xff,0xff,0x01,0x10,
  0x04,0x41,0x22,0x99,0xff,0xff,0x01,0x10,0x04,0x41,0x67,0x99,0xff,0xff,0x01,0x10,
  0x04,0x41,0xac,0x99,0xff,0xff,0x01,0x10,0x04,0x41,0xf2,0x99,0xff,0xff,0x01,0x10,
  0x04,0x41,0x39,0x9a,0xff,0xff,0x01,0x10,0x04,0x41,0x80,0x9a,0xff,0xff,0x01,0x10,
  0x04,0x41,0xc8,0x9a,0xff,0xff,0x01,0x10,0x04,0x41,0x11,0x9b,0xff,0xff,0x01,0x10,
  0x04,0x41,0x5b,0x9b,0xff,0xff,0x01,0x10,0x04,0x41,0xa5,0x9b,0xff,0xff,0x01,0x10,
  0x04,0x41,0xf0,0x9b,0xff,0xff,0x01,0x10,0x04,0x41,0x3b,0x9c,0xff,0xff,0x01,0x10,
  0x04,0x41,0x87,0x9c,0xff,0xff,0x01,0x10,0x04,0x41,0xd4,0x9c,0xff,0xff,0x01,0x10,
  0x04,0x41,0x22,0x9d,0xff,0xff,0x01,0x10,0x04,0x41,0x70,0x9d,0xff,0xff,0x01,0x10,
  0x04,0x41,0xbf,0x9d,0xff,0xff,0x01,0x10,0x04,0x41,0x0f,0x9e,0xff,0xff,0x01,0x10,
  0x04,0x41,0x5f,0x9e,0xff,0xff,0x01,0x10,0x04,0x41,0xb0,0x9e,0xff,0xff,0x01,0x10,
  0x04,0x41,0x02,0x9f,0xff,0xff,0x01,0x10,0x04,0x41,0x55,0x9f,0xff,0xff,0x01,0x10,
  0x04,0x41,0xa8,0x9f,0xff,0xff,0x01,0x10,0x04,0x41,0xfd,0x9f,0xff,0xff,0x01,0x10,
  0x04,0x41,0x52,0xa0,0xff,0xff,0x01,0x10,0x04,0x41,0xa7,0xa0,0xff,0xff,0x01,0x10,
  0x04,0x41,0xfe,0xa0,0xff,0xff,0x01,0x10,0x04,0x41,0x55,0xa1,0xff,0xff,0x01,0x10,
  0x04,0x41,0xad,0xa1,0xff,0xff,0x01,0x10,0x04,0x41,0x05,0xa2,0xff,0xff,0x01,0x10,
  0x04,0x41,0x5f,0xa2,0xff,0xff,0x01,0x10,0x04,0x41,0xb9,0xa2,0xff,0xff,0x01,0x10,
  0x04,0x41,0x14,0xa3,0xff,0xff,0x01,0x10,0x04,0x41,0x70,0xa3,0xff,0xff,0x01,0x10,
  0x04,0x41,0xcc,0xa3,0xff,0xff,0x01,0x10,0x04,0x41,0x2a,0xa4,0xff,0xff,0x01,0x10,
  0x04,0x41,0x88,0xa4,0xff,0xff,0x01,0x10,0x04,0x41,0xe7,0xa4,0xff,0xff,0x01,0x10,
  0x04,0x41,0x47,0xa5,0xff,0xff,0x01,0x10,0x04,0x41,0xa7,0xa5,0xff,0xff,0x01,0x10,
  0x04,0x41,0x09,0xa6,0xff,0xff,0x01,0x10,0x04,0x41,0x6b,0xa6,0xff,0xff,0x01,0x10,
  0x04,0x41,0xce,0xa6,0xff,0xff,0x01,0x10,0x04,0x41,0x32,0xa7,0xff,0xff,0x01,0x10,
  0x04,0x41,0x96,0xa7,0xff,0xff,0x01,0x10,0x04,0x41,0xfc,0xa7,0xff,0xff,0x01,0x10,
  0x04,0x41,0x62,0xa8,0xff,0xff,0x01,0x10,0x04,0x41,0xc9,0xa8,0xff,0xff,0x01,0x10,
  0x04,0x41,0x31,0xa9,0xff,0xff,0x01,0x10,0x04,0x41,0x9a,0xa9,0xff,0xff,0x01,0x10,
  0x04,0x41,0x04,0xaa,0xff,0xff,0x01,0x10,0x04,0x41,0x6e,0xaa,0xff,0xff,0x01,0x10,
  0x04,0x41,0xd9,0xaa,0xff,0xff,0x01,0x10,0x04,0x41,0x46,0xab,0xff,0xff,0x01,0x10,
  0x04,0x41,0xb3,0xab,0xff,0xff,0x01,0x10,0x04,0x41,0x21,0xac,0xff,0xff,0x01,0x10,
  0x04,0x41,0x8f,0xac,0xff,0xff,0x01,0x10,0x04,0x41,0xff,0xac,0xff,0xff,0x01,0x10,
  0x04,0x41,0x6f,0xad,0xff,0xff,0x01,0x10,0x04,0x41,0xe1,0xad,0xff,0xff,0x01,0x10,
  0x04,0x41,0x53,0xae,0xff,0xff,0x01,0x10,0x04,0x41,0xc6,0xae,0xff,0xff,0x01,0x10,
  0x04,0x41,0x3a,0xaf,0xff,0xff,0x01,0x10,0x04,0x41,0xae,0xaf,0xff,0xff,0x01,0x10,
  0x04,0x41,0x24,0xb0,0xff,0xff,0x01,0x10,0x04,0x41,0x9a,0xb0,0xff,0xff,0x01,0x10,
  0x04,0x41,0x12,0xb1,0xff,0xff,0x01,0x10,0x04,0x41,0x8a,0xb1,0xff,0xff,0x01,0x10,
  0x04,0x41,0x03,0xb2,0xff,0xff,0x01,0x10,0x04,0x41,0x7d,0xb2,0xff,0xff,0x01,0x10,
  0x04,0x41,0xf8,0xb2,0xff,0xff,0x01,0x10,0x04,0x41,0x73,0xb3,0xff,0xff,0x01,0x10,
  0x04,0x41,0xf0,0xb3,0xff,0xff,0x01,0x10,0x04,0x41,0x6d,0xb4,0xff,0xff,0x01,0x10,
  0x04,0x41,0xec,0xb4,0xff,0xff,0x01,0x10,0x04,0x41,0x6b,0xb5,0xff,0xff,0x01,0x10,
  0x04,0x41,0xeb,0xb5,0xff,0xff,0x01,0x10,0x04,0x41,0x6c,0xb6,0xff,0xff,0x01,0x10,
  0x04,0x41,0xee,0xb6,0xff,0xff,0x01,0x10,0x04,0x41,0x71,0xb7,0xff,0xff,0x01,0x10,
  0x04,0x41,0xf4,0xb7,0xff,0xff,0x01,0x10,0x04,0x41,0x79,0xb8,0xff,0xff,0x01,0x10,
  0x04,0x41,0xfe,0xb8,0xff,0xff,0x01,0x10,0x04,0x41,0x84,0xb9,0xff,0xff,0x01,0x10,
  0x04,0x41,0x0b,0xba,0xff,0xff,0x01,0x10,0x04,0x41,0x93,0xba,0xff,0xff,0x01,0x10,
  0x04,0x41,0x1c,0xbb,0xff,0xff,0x01,0x10,0x04,0x41,0xa6,0xbb,0xff,0xff,0x01,0x10,
  0x04,0x41,0x31,0xbc,0xff,0xff,0x01,0x10,0x04,0x41,0xbc,0xbc,0xff,0xff,0x01,0x10,
  0x04,0x41,0x48,0xbd,0xff,0xff,0x01,0x10,0x04,0x41,0xd6,0xbd,0xff,0xff,0x01,0x10,
  0x04,0x41,0x64,0xbe,0xff,0xff,0x01,0x10,0x04,0x41,0xf3,0xbe,0xff,0xff,0x01,0x10,
  0x04,0x41,0x82,0xbf,0xff,0xff,0x01,0x10,0x04,0x41,0x13,0xc0,0xff,0xff,0x01,0x10,
  0x04,0x41,0xa4,0xc0,0xff,0xff,0x01,0x10,0x04,0x41,0x37,0xc1,0xff,0xff,0x01,0x10,
  0x04,0x41,0xca,0xc1,0xff,0xff,0x01,0x10,0x04,0x41,0x5e,0xc2,0xff,0xff,0x01,0x10,
  0x04,0x41,0xf3,0xc2,0xff,0xff,0x01,0x10,0x04,0x41,0x89,0xc3,0xff,0xff,0x01,0x10,
  0x04,0x41,0x1f,0xc4,0xff,0xff,0x01,0x10,0x04,0x41,0xb7,0xc4,0xff,0xff,0x01,0x10,
  0x04,0x41,0x4f,0xc5,0xff,0xff,0x01,0x10,0x04,0x41,0xe8,0xc5,0xff,0xff,0x01,0x10,
  0x04,0x41,0x82,0xc6,0xff,0xff,0x01,0x10,0x04,0x41,0x1c,0xc7,0xff,0xff,0x01,0x10,
  0x04,0x41,0xb8,0xc7,0xff,0xff,0x01,0x10,0x04,0x41,0x54,0xc8,0xff,0xff,0x01,0x10,
  0x04,0x41,0xf1,0xc8,0xff,0xff,0x01,0x10,0x04,0x41,0x8f,0xc9,0xff,0xff,0x01,0x10,
  0x04,0x41,0x2e,0xca,0xff,0xff,0x01,0x10,0x04,0x41,0xcd,0xca,0xff,0xff,0x01,0x10,
  0x04,0x41,0x6e,0xcb,0xff,0xff,0x01,0x10,0x04,0x41,0x0f,0xcc,0xff,0xff,0x01,0x10,
  0x04,0x41,0xb1,0xcc,0xff,0xff,0x01,0x10,0x04,0x41,0x53,0xcd,0xff,0xff,0x01,0x10,
  0x04,0x41,0xf7,0xcd,0xff,0xff,0x01,0x10,0x04,0x41,0x9b,0xce,0xff,0xff,0x01,0x10,
  0x04,0x41,0x40,0xcf,0xff,0xff,0x01,0x10,0x04,0x41,0xe5,0xcf,0xff,0xff,0x01,0x10,
  0x04,0x41,0x8c,0xd0,0xff,0xff,0x01,0x10,0x04,0x41,0x33,0xd1,0xff,0xff,0x01,0x10,
  0x04,0x41,0xda,0xd1,0xff,0xff,0x01,0x10,0x04,0x41,0x83,0xd2,0xff,0xff,0x01,0x10,
  0x04,0x41,0x2c,0xd3,0xff,0xff,0x01,0x10,0x04,0x41,0xd6,0xd3,0xff,0xff,0x01,0x10,
  0x04,0x41,0x81,0xd4,0xff,0xff,0x01,0x10,0x04,0x41,0x2c,0xd5,0xff,0xff,0x01,0x10,
  0x04,0x41,0xd8,0xd5,0xff,0xff,0x01,0x10,0x04,0x41,0x85,0xd6,0xff,0xff,0x01,0x10,
  0x04,0x41,0x32,0xd7,0xff,0xff,0x01,0x10,0x04,0x41,0xe0,0xd7,0xff,0xff,0x01,0x10,
  0x04,0x41,0x8e,0xd8,0xff,0xff,0x01,0x10,0x04,0x41,0x3e,0xd9,0xff,0xff,0x01,0x10,
  0x04,0x41,0xed,0xd9,0xff,0xff,0x01,0x10,0x04,0x41,0x9e,0xda,0xff,0xff,0x01,0x10,
  0x04,0x41,0x4f,0xdb,0xff,0xff,0x01,0x10,0x04,0x41,0x01,0xdc,0xff,0xff,0x01,0x10,
  0x04,0x41,0xb3,0xdc,0xff,0xff,0x01,0x10,0x04,0x41,0x66,0xdd,0xff,0xff,0x01,0x10,
  0x04,0x41,0x19,0xde,0xff,0xff,0x01,0x10,0x04,0x41,0xcd,0xde,0xff,0xff,0x01,0x10,
  0x04,0x41,0x82,0xdf,0xff,0xff,0x01,0x10,0x04,0x41,0x37,0xe0,0xff,0xff,0x01,0x10,
  0x04,0x41,0xed,0xe0,0xff,0xff,0x01,0x10,0x04,0x41,0xa3,0xe1,0xff,0xff,0x01,0x10,
  0x04,0x41,0x59,0xe2,0xff,0xff,0x01,0x10,0x04,0x41,0x11,0xe3,0xff,0xff,0x01,0x10,
  0x04,0x41,0xc8,0xe3,0xff,0xff,0x01,0x10,0x04,0x41,0x80,0xe4,0xff,0xff,0x01,0x10,
  0x04,0x41,0x39,0xe5,0xff,0xff,0x01,0x10,0x04,0x41,0xf2,0xe5,0xff,0xff,0x01,0x10,
  0x04,0x41,0xab,0xe6,0xff,0xff,0x01,0x10,0x04,0x41,0x65,0xe7,0xff,0xff,0x01,0x10,
  0x04,0x41,0x20,0xe8,0xff,0xff,0x01,0x10,0x04,0x41,0xda,0xe8,0xff,0xff,0x01,0x10,
  0x04,0x41,0x96,0xe9,0xff,0xff,0x01,0x10,0x04,0x41,0x51,0xea,0xff,0xff,0x01,0x10,
  0x04,0x41,0x0d,0xeb,0xff,0xff,0x01,0x10,0x04,0x41,0xc9,0xeb,0xff,0xff,0x01,0x10,
  0x04,0x41,0x86,0xec,0xff,0xff,0x01,0x10,0x04,0x41,0x43,0xed,0xff,0xff,0x01,0x10,
  0x04,0x41,0x00,0xee,0xff,0xff,0x01,0x10,0x04,0x41,0xbe,0xee,0xff,0xff,0x01,0x10,
  0x04,0x41,0x7c,0xef,0xff,0xff,0x01,0x10,0x04,0x41,0x3a,0xf0,0xff,0xff,0x01,0x10,
  0x04,0x41,0xf8,0xf0,0xff,0xff,0x01,0x10,0x04,0x41,0xb7,0xf1,0xff,0xff,0x01,0x10,
  0x04,0x41,0x76,0xf2,0xff,0xff,0x01,0x10,0x04,0x41,0x35,0xf3,0xff,0xff,0x01,0x10,
  0x04,0x41,0xf5,0xf3,0xff,0xff,0x01,0x10,0x04,0x41,0xb4,0xf4,0xff,0xff,0x01,0x10,
  0x04,0x41,0x74,0xf5,0xff,0xff,0x01,0x10,0x04,0x41,0x34,0xf6,0xff,0xff,0x01,0x10,
  0x04,0x41,0xf5,0xf6,0xff,0xff,0x01,0x10,0x04,0x41,0xb5,0xf7,0xff,0xff,0x01,0x10,
  0x04,0x41,0x76,0xf8,0xff,0xff,0x01,0x10,0x04,0x41,0x36,0xf9,0xff,0xff,0x01,0x10,
  0x04,0x41,0xf7,0xf9,0xff,0xff,0x01,0x10,0x04,0x41,0xb8,0xfa,0xff,0xff,0x01,0x10,
  0x04,0x41,0x79,0xfb,0xff,0xff,0x01,0x10,0x04,0x41,0x3a,0xfc,0xff,0xff,0x01,0x10,
  0x04,0x41,0xfb,0xfc,0xff,0xff,0x01,0x10,0x04,0x41,0xbc,0xfd,0xff,0xff,0x01,0x10,
  0x04,0x41,0x7d,0xfe,0xff,0xff,0x01,0x10,0x04,0x41,0x3f,0xff,0xff,0xff,0x01,0x10,
  0x04,0x41,0x00,0x00,0x00,0x00,0x01,0x10,0x00,0x41,0x00,0x00,0x03,0x00,0x01,0x10,
  0x04,0x41,0x00,0x00,0x00,0x00,0x01,0x10,0x04,0x41,0xc1,0x00,0x00,0x00,0x01,0x10,
  0x04,0x41,0x83,0x01,0x00,0x00,0x01,0x10,0x04,0x41,0x44,0x02,0x00,0x00,0x01,0x10,
  0x04,0x41,0x05,0x03,0x00,0x00,0x01,0x10,0x04,0x41,0xc6,0x03,0x00,0x00,0x01,0x10,
  0x04,0x41,0x87,0x04,0x00,0x00,0x01,0x10,0x04,0x41,0x48,0x05,0x00,0x00,0x01,0x10,
  0x04,0x41,0x09,0x06,0x00,0x00,0x01,0x10,0x04,0x41,0xca,0x06,0x00,0x00,0x01,0x10,
  0x04,0x41,0x8b,0x07,0x00,0x00,0x01,0x10,0x04,0x41,0x4b,0x08,0x00,0x00,0x01,0x10,
  0x04,0x41,0x0b,0x09,0x00,0x00,0x01,0x10,0x04,0x41,0xcc,0x09,0x00,0x00,0x01,0x10,
  0x04,0x41,0x8c,0x0a,0x00,0x00,0x01,0x10,0x04,0x41,0x4c,0x0b,0x00,0x00,0x01,0x10,
  0x04,0x41,0x0b,0x0c,0x00,0x00,0x01,0x10,0x04,0x41,0xcb,0x0c,0x00,0x00,0x01,0x10,
  0x04,0x41,0x8a,0x0d,0x00,0x00,0x01,0x10,0x04,0x41,0x49,0x0e,0x00,0x00,0x01,0x10,
  0x04,0x41,0x08,0x0f,0x00,0x00,0x01,0x10,0x04,0x41,0xc6,0x0f,0x00,0x00,0x01,0x10,
  0x04,0x41,0x84,0x10,0x00,0x00,0x01,0x10,0x04,0x41,0x42,0x11,0x00,0x00,0x01,0x10,
  0x04,0x41,0x00,0x12,0x00,0x00,0x01,0x10,0x04,0x41,0xbd,0x12,0x00,0x00,0x01,0x10,
  0x04,0x41,0x7a,0x13,0x00,0x00,0x01,0x10,0x04,0x41,0x37,0x14,0x00,0x00,0x01,0x10,
  0x04,0x41,0xf3,0x14,0x00,0x00,0x01,0x10,0x04,0x41,0xaf,0x15,0x00,0x00,0x01,0x10,
  0x04,0x41,0x6a,0x16,0x00,0x00,0x01,0x10,0x04,0x41,0x26,0x17,0x00,0x00,0x01,0x10,
  0x04,0x41,0xe0,0x17,0x00,0x00,0x01,0x10,0x04,0x41,0x9b,0x18,0x00,0x00,0x01,0x10,
  0x04,0x41,0x55,0x19,0x00,0x00,0x01,0x10,0x04,0x41,0x0e,0x1a,0x00,0x00,0x01,0x10,
  0x04,0x41,0xc7,0x1a,0x00,0x00,0x01,0x10,0x04,0x41,0x80,0x1b,0x00,0x00,0x01,0x10,
  0x04,0x41,0x38,0x1c,0x00,0x00,0x01,0x10,0x04,0x41,0xef,0x1c,0x00,0x00,0x01,0x10,
  0x04,0x41,0xa7,0x1d,0x00,0x00,0x01,0x10,0x04,0x41,0x5d,0x1e,0x00,0x00,0x01,0x10,
  0x04,0x41,0x13,0x1f,0x00,0x00,0x01,0x10,0x04,0x41,0xc9,0x1f,0x00,0x00,0x01,0x10,
  0x04,0x41,0x7e,0x20,0x00,0x00,0x01,0x10,0x04,0x41,0x33,0x21,0x00,0x00,0x01,0x10,
  0x04,0x41,0xe7,0x21,0x00,0x00,0x01,0x10,0x04,0x41,0x9a,0x22,0x00,0x00,0x01,0x10,
  0x04,0x41,0x4d,0x23,0x00,0x00,0x01,0x10,0x04,0x41,0xff,0x23,0x00,0x00,0x01,0x10,
  0x04,0x41,0xb1,0x24,0x00,0x00,0x01,0x10,0x04,0x41,0x62,0x25,0x00,0x00,0x01,0x10,
  0x04,0x41,0x13,0x26,0x00,0x00,0x01,0x10,0x04,0x41,0xc2,0x26,0x00,0x00,0x01,0x10,
  0x04,0x41,0x72,0x27,0x00,0x00,0x01,0x10,0x04,0x41,0x20,0x28,0x00,0x00,0x01,0x10,
  0x04,0x41,0xce,0x28,0x00,0x00,0x01,0x10,0x04,0x41,0x7b,0x29,0x00,0x00,0x01,0x10,
  0x04,0x41,0x28,0x2a,0x00,0x00,0x01,0x10,0x04,0x41,0xd4,0x2a,0x00,0x00,0x01,0x10,
  0x04,0x41,0x7f,0x2b,0x00,0x00,0x01,0x10,0x04,0x41,0x2a,0x2c,0x00,0x00,0x01,0x10,
  0x04,0x41,0xd4,0x2c,0x00,0x00,0x01,0x10,0x04,0x41,0x7d,0x2d,0x00,0x00,0x01,0x10,
  0x04,0x41,0x26,0x2e,0x00,0x00,0x01,0x10,0x04,0x41,0xcd,0x2e,0x00,0x00,0x01,0x10,
  0x04,0x41,0x74,0x2f,0x00,0x00,0x01,0x10,0x04,0x41,0x1b,0x30,0x00,0x00,0x01,0x10,
  0x04,0x41,0xc0,0x30,0x00,0x00,0x01,0x10,0x04,0x41,0x65,0x31,0x00,0x00,0x01,0x10,
  0x04,0x41,0x09,0x32,0x00,0x00,0x01,0x10,0x04,0x41,0xad,0x32,0x00,0x00,0x01,0x10,
  0x04,0x41,0x4f,0x33,0x00,0x00,0x01,0x10,0x04,0x41,0xf1,0x33,0x00,0x00,0x01,0x10,
  0x04,0x41,0x92,0x34,0x00,0x00,0x01,0x10,0x04,0x41,0x33,0x35,0x00,0x00,0x01,0x10,
  0x04,0x41,0xd2,0x35,0x00,0x00,0x01,0x10,0x04,0x41,0x71,0x36,0x00,0x00,0x01,0x10,
  0x04,0x41,0x0f,0x37,0x00,0x00,0x01,0x10,0x04,0x41,0xac,0x37,0x00,0x00,0x01,0x10,
  0x04,0x41,0x48,0x38,0x00,0x00,0x01,0x10,0x04,0x41,0xe4,0x38,0x00,0x00,0x01,0x10,
  0x04,0x41,0x7e,0x39,0x00,0x00,0x01,0x10,0x04,0x41,0x18,0x3a,0x00,0x00,0x01,0x10,
  0x04,0x41,0xb1,0x3a,0x00,0x00,0x01,0x10,0x04,0x41,0x49,0x3b,0x00,0x00,0x01,0x10,
  0x04,0x41,0xe1,0x3b,0x00,0x00,0x01,0x10,0x04,0x41,0x77,0x3c,0x00,0x00,0x01,0x10,
  0x04,0x41,0x0d,0x3d,0x00,0x00,0x01,0x10,0x04,0x41,0xa2,0x3d,0x00,0x00,0x01,0x10,
  0x04,0x41,0x36,0x3e,0x00,0x00,0x01,0x10,0x04,0x41,0xc9,0x3e,0x00,0x00,0x01,0x10,
  0x04,0x41,0x5c,0x3f,0x00,0x00,0x01,0x10,0x04,0x41,0xed,0x3f,0x00,0x00,0x01,0x10,
  0x04,0x41,0x7e,0x40,0x00,0x00,0x01,0x10,0x04,0x41,0x0d,0x41,0x00,0x00,0x01,0x10,
  0x04,0x41,0x9c,0x41,0x00,0x00,0x01,0x10,0x04,0x41,0x2a,0x42,0x00,0x00,0x01,0x10,
  0x04,0x41,0xb8,0x42,0x00,0x00,0x01,0x10,0x04,0x41,0x44,0x43,0x00,0x00,0x01,0x10,
  0x04,0x41,0xcf,0x43,0x00,0x00,0x01,0x10,0x04,0x41,0x5a,0x44,0x00,0x00,0x01,0x10,
  0x04,0x41,0xe4,0x44,0x00,0x00,0x01,0x10,0x04,0x41,0x6d,0x45,0x00,0x00,0x01,0x10,
  0x04,0x41,0xf5,0x45,0x00,0x00,0x01,0x10,0x04,0x41,0x7c,0x46,0x00,0x00,0x01,0x10,
  0x04,0x41,0x02,0x47,0x00,0x00,0x01,0x10,0x04,0x41,0x87,0x47,0x00,0x00,0x01,0x10,
  0x04,0x41,0x0c,0x48,0x00,0x00,0x01,0x10,0x04,0x41,0x8f,0x48,0x00,0x00,0x01,0x10,
  0x04,0x41,0x12,0x49,0x00,0x00,0x01,0x10,0x04,0x41,0x94,0x49,0x00,0x00,0x01,0x10,
  0x04,0x41,0x15,0x4a,0x00,0x00,0x01,0x10,0x04,0x41,0x95,0x4a,0x00,0x00,0x01,0x10,
  0x04,0x41,0x14,0x4b,0x00,0x00,0x01,0x10,0x04,0x41,0x92,0x4b,0x00,0x00,0x01,0x10,
  0x04,0x41,0x10,0x4c,0x00,0x00,0x01,0x10,0x04,0x41,0x8d,0x4c,0x00,0x00,0x01,0x10,
  0x04,0x41,0x08,0x4d,0x00,0x00,0x01,0x10,0x04,0x41,0x83,0x4d,0x00,0x00,0x01,0x10,
  0x04,0x41,0xfd,0x4d,0x00,0x00,0x01,0x10,0x04,0x41,0x76,0x4e,0x00,0x00,0x01,0x10,
  0x04,0x41,0xee,0x4e,0x00,0x00,0x01,0x10,0x04,0x41,0x66,0x4f,0x00,0x00,0x01,0x10,
  0x04,0x41,0xdc,0x4f,0x00,0x00,0x01,0x10,0x04,0x41,0x52,0x50,0x00,0x00,0x01,0x10,
  0x04,0x41,0xc6,0x50,0x00,0x00,0x01,0x10,0x04,0x41,0x3a,0x51,0x00,0x00,0x01,0x10,
  0x04,0x41,0xad,0x51,0x00,0x00,0x01,0x10,0x04,0x41,0x1f,0x52,0x00,0x00,0x01,0x10,
  0x04,0x41,0x91,0x52,0x00,0x00,0x01,0x10,0x04,0x41,0x01,0x53,0x00,0x00,0x01,0x10,
  0x04,0x41,0x71,0x53,0x00,0x00,0x01,0x10,0x04,0x41,0xdf,0x53,0x00,0x00,0x01,0x10,
  0x04,0x41,0x4d,0x54,0x00,0x00,0x01,0x10,0x04,0x41,0xba,0x54,0x00,0x00,0x01,0x10,
  0x04,0x41,0x27,0x55,0x00,0x00,0x01,0x10,0x04,0x41,0x92,0x55,0x00,0x00,0x01,0x10,
  0x04,0x41,0xfc,0x55,0x00,0x00,0x01,0x10,0x04,0x41,0x66,0x56,0x00,0x00,0x01,0x10,
  0x04,0x41,0xcf,0x56,0x00,0x00,0x01,0x10,0x04,0x41,0x37,0x57,0x00,0x00,0x01,0x10,
  0x04,0x41,0x9e,0x57,0x00,0x00,0x01,0x10,0x04,0x41,0x04,0x58,0x00,0x00,0x01,0x10,
  0x04,0x41,0x6a,0x58,0x00,0x00,0x01,0x10,0x04,0x41,0xce,0x58,0x00,0x00,0x01,0x10,
  0x04,0x41,0x32,0x59,0x00,0x00,0x01,0x10,0x04,0x41,0x95,0x59,0x00,0x00,0x01,0x10,
  0x04,0x41,0xf7,0x59,0x00,0x00,0x01,0x10,0x04,0x41,0x59,0x5a,0x00,0x00,0x01,0x10,
  0x04,0x41,0xb9,0x5a,0x00,0x00,0x01,0x10,0x04,0x41,0x19,0x5b,0x00,0x00,0x01,0x10,
  0x04,0x41,0x78,0x5b,0x00,0x00,0x01,0x10,0x04,0x41,0xd6,0x5b,0x00,0x00,0x01,0x10,
  0x04,0x41,0x34,0x5c,0x00,0x00,0x01,0x10,0x04,0x41,0x90,0x5c,0x00,0x00,0x01,0x10,
  0x04,0x41,0xec,0x5c,0x00,0x00,0x01,0x10,0x04,0x41,0x47,0x5d,0x00,0x00,0x01,0x10,
  0x04,0x41,0xa1,0x5d,0x00,0x00,0x01,0x10,0x04,0x41,0xfb,0x5d,0x00,0x00,0x01,0x10,
  0x04,0x41,0x53,0x5e,0x00,0x00,0x01,0x10,0x04,0x41,0xab,0x5e,0x00,0x00,0x01,0x10,
  0x04,0x41,0x02,0x5f,0x00,0x00,0x01,0x10,0x04,0x41,0x59,0x5f,0x00,0x00,0x01,0x10,
  0x04,0x41,0xae,0x5f,0x00,0x00,0x01,0x10,0x04,0x41,0x03,0x60,0x00,0x00,0x01,0x10,
  0x04,0x41,0x58,0x60,0x00,0x00,0x01,0x10,0x04,0x41,0xab,0x60,0x00,0x00,0x01,0x10,
  0x04,0x41,0xfe,0x60,0x00,0x00,0x01,0x10,0x04,0x41,0x50,0x61,0x00,0x00,0x01,0x10,
  0x04,0x41,0xa1,0x61,0x00,0x00,0x01,0x10,0x04,0x41,0xf1,0x61,0x00,0x00,0x01,0x10,
  0x04,0x41,0x41,0x62,0x00,0x00,0x01,0x10,0x04,0x41,0x90,0x62,0x00,0x00,0x01,0x10,
  0x04,0x41,0xde,0x62,0x00,0x00,0x01,0x10,0x04,0x41,0x2c,0x63,0x00,0x00,0x01,0x10,
  0x04,0x41,0x79,0x63,0x00,0x00,0x01,0x10,0x04,0x41,0xc5,0x63,0x00,0x00,0x01,0x10,
  0x04,0x41,0x10,0x64,0x00,0x00,0x01,0x10,0x04,0x41,0x5b,0x64,0x00,0x00,0x01,0x10,
  0x04,0x41,0xa5,0x64,0x00,0x00,0x01,0x10,0x04,0x41,0xef,0x64,0x00,0x00,0x01,0x10,
  0x04,0x41,0x38,0x65,0x00,0x00,0x01,0x10,0x04,0x41,0x80,0x65,0x00,0x00,0x01,0x10,
  0x04,0x41,0xc7,0x65,0x00,0x00,0x01,0x10,0x04,0x41,0x0e,0x66,0x00,0x00,0x01,0x10,
  0x04,0x41,0x54,0x66,0x00,0x00,0x01,0x10,0x04,0x41,0x99,0x66,0x00,0x00,0x01,0x10,
  0x04,0x41,0xde,0x66,0x00,0x00,0x01,0x10,0x04,0x41,0x22,0x67,0x00,0x00,0x01,0x10,
  0x04,0x41,0x66,0x67,0x00,0x00,0x01,0x10,0x04,0x41,0xa8,0x67,0x00,0x00,0x01,0x10,
  0x04,0x41,0xeb,0x67,0x00,0x00,0x01,0x10,0x04,0x41,0x2c,0x68,0x00,0x00,0x01,0x10,
  0x04,0x41,0x6d,0x68,0x00,0x00,0x01,0x10,0x04,0x41,0xad,0x68,0x00,0x00,0x01,0x10,
  0x04,0x41,0xed,0x68,0x00,0x00,0x01,0x10,0x04,0x41,0x2c,0x69,0x00,0x00,0x01,0x10,
  0x04,0x41,0x6b,0x69,0x00,0x00,0x01,0x10,0x04,0x41,0xa9,0x69,0x00,0x00,0x01,0x10,
  0x04,0x41,0xe6,0x69,0x00,0x00,0x01,0x10,0x04,0x41,0x23,0x6a,0x00,0x00,0x01,0x10,
  0x04,0x41,0x5f,0x6a,0x00,0x00,0x01,0x10,0x04,0x41,0x9a,0x6a,0x00,0x00,0x01,0x10,
  0x04,0x41,0xd5,0x6a,0x00,0x00,0x01,0x10,0x04,0x41,0x0f,0x6b,0x00,0x00,0x01,0x10,
  0x04,0x41,0x49,0x6b,0x00,0x00,0x01,0x10,0x04,0x41,0x82,0x6b,0x00,0x00,0x01,0x10,
  0x04,0x41,0xbb,0x6b,0x00,0x00,0x01,0x10,0x04,0x41,0xf3,0x6b,0x00,0x00,0x01,0x10,
  0x04,0x41,0x2b,0x6c,0x00,0x00,0x01,0x10,0x04,0x41,0x62,0x6c,0x00,0x00,0x01,0x10,
  0x04,0x41,0x98,0x6c,0x00,0x00,0x01,0x10,0x04,0x41,0xce,0x6c,0x00,0x00,0x01,0x10,
  0x04,0x41,0x03,0x6d,0x00,0x00,0x01,0x10,0x04,0x41,0x38,0x6d,0x00,0x00,0x01,0x10,
  0x04,0x41,0x6c,0x6d,0x00,0x00,0x01,0x10,0x04,0x41,0xa0,0x6d,0x00,0x00,0x01,0x10,
  0x04,0x41,0xd3,0x6d,0x00,0x00,0x01,0x10,0x04,0x41,0x06,0x6e,0x00,0x00,0x01,0x10,
  0x04,0x41,0x38,0x6e,0x00,0x00,0x01,0x10,0x04,0x41,0x6a,0x6e,0x00,0x00,0x01,0x10,
  0x04,0x41,0x9b,0x6e,0x00,0x00,0x01,0x10,0x04,0x41,0xcc,0x6e,0x00,0x00,0x01,0x10,
  0x04,0x41,0xfc,0x6e,0x00,0x00,0x01,0x10,0x04,0x41,0x2c,0x6f,0x00,0x00,0x01,0x10,
  0x04,0x41,0x5b,0x6f,0x00,0x00,0x01,0x10,0x04,0x41,0x8a,0x6f,0x00,0x00,0x01,0x10,
  0x04,0x41,0xb8,0x6f,0x00,0x00,0x01,0x10,0x04,0x41,0xe6,0x6f,0x00,0x00,0x01,0x10,
  0x04,0x41,0x13,0x70,0x00,0x00,0x01,0x10,0x04,0x41,0x40,0x70,0x00,0x00,0x01,0x10,
  0x04,0x41,0x6c,0x70,0x00,0x00,0x01,0x10,0x04,0x41,0x98,0x70,0x00,0x00,0x01,0x10,
  0x04,0x41,0xc4,0x70,0x00,0x00,0x01,0x10,0x04,0x41,0xef,0x70,0x00,0x00,0x01,0x10,
  0x04,0x41,0x19,0x71,0x00,0x00,0x01,0x10,0x04,0x41,0x44,0x71,0x00,0x00,0x01,0x10,
  0x04,0x41,0x6d,0x71,0x00,0x00,0x01,0x10,0x04,0x41,0x97,0x71,0x00,0x00,0x01,0x10,
  0x04,0x41,0xbf,0x71,0x00,0x00,0x01,0x10,0x04,0x41,0xe8,0x71,0x00,0x00,0x01,0x10,
  0x04,0x41,0x10,0x72,0x00,0x00,0x01,0x10,0x04,0x41,0x37,0x72,0x00,0x00,0x01,0x10,
  0x04,0x41,0x5f,0x72,0x00,0x00,0x01,0x10,0x04,0x41,0x85,0x72,0x00,0x00,0x01,0x10,
  0x04,0x41,0xac,0x72,0x00,0x00,0x01,0x10,0x04,0x41,0xd2,0x72,0x00,0x00,0x01,0x10,
  0x04,0x41,0xf7,0x72,0x00,0x00,0x01,0x10,0x04,0x41,0x1c,0x73,0x00,0x00,0x01,0x10,
  0x04,0x41,0x41,0x73,0x00,0x00,0x01,0x10,0x04,0x41,0x66,0x73,0x00,0x00,0x01,0x10,
  0x04,0x41,0x8a,0x73,0x00,0x00,0x01,0x10,0x04,0x41,0xad,0x73,0x00,0x00,0x01,0x10,
  0x04,0x41,0xd0,0x73,0x00,0x00,0x01,0x10,0x04,0x41,0xf3,0x73,0x00,0x00,0x01,0x10,
  0x04,0x41,0x16,0x74,0x00,0x00,0x01,0x10,0x04,0x41,0x38,0x74,0x00,0x00,0x01,0x10,
  0x04,0x41,0x5a,0x74,0x00,0x00,0x01,0x10,0x04,0x41,0x7b,0x74,0x00,0x00,0x01,0x10,
  0x04,0x41,0x9c,0x74,0x00,0x00,0x01,0x10,0x04,0x41,0xbd,0x74,0x00,0x00,0x01,0x10,
  0x04,0x41,0xdd,0x74,0x00,0x00,0x01,0x10,0x04,0x41,0xfd,0x74,0x00,0x00,0x01,0x10,
  0x04,0x41,0x1d,0x75,0x00,0x00,0x01,0x10,0x04,0x41,0x3c,0x75,0x00,0x00,0x01,0x10,
  0x04,0x41,0x5b,0x75,0x00,0x00,0x01,0x10,0x04,0x41,0x7a,0x75,0x00,0x00,0x01,0x10,
  0x04,0x41,0x98,0x75,0x00,0x00,0x01,0x10,0x04,0x41,0xb6,0x75,0x00,0x00,0x01,0x10,
  0x04,0x41,0xd3,0x75,0x00,0x00,0x01,0x10,0x04,0x41,0xf1,0x75,0x00,0x00,0x01,0x10,
  0x04,0x41,0x0e,0x76,0x00,0x00,0x01,0x10,0x04,0x41,0x2b,0x76,0x00,0x00,0x01,0x10,
  0x04,0x41,0x47,0x76,0x00,0x00,0x01,0x10,0x04,0x41,0x63,0x76,0x00,0x00,0x01,0x10,
  0x04,0x41,0x7f,0x76,0x00,0x00,0x01,0x10,0x04,0x41,0x9a,0x76,0x00,0x00,0x01,0x10,
  0x04,0x41,0xb5,0x76,0x00,0x00,0x01,0x10,0x04,0x41,0xd0,0x76,0x00,0x00,0x01,0x10,
  0x04,0x41,0xeb,0x76,0x00,0x00,0x01,0x10,0x04,0x41,0x05,0x77,0x00,0x00,0x01,0x10,
  0x04,0x41,0x1f,0x77,0x00,0x00,0x01,0x10,0x04,0x41,0x39,0x77,0x00,0x00,0x01,0x10,
  0x04,0x41,0x52,0x77,0x00,0x00,0x01,0x10,0x04,0x41,0x6c,0x77,0x00,0x00,0x01,0x10,
  0x04,0x41,0x84,0x77,0x00,0x00,0x01,0x10,0x04,0x41,0x9d,0x77,0x00,0x00,0x01,0x10,
  0x04,0x41,0xb5,0x77,0x00,0x00,0x01,0x10,0x04,0x41,0xce,0x77,0x00,0x00,0x01,0x10,
  0x04,0x41,0xe5,0x77,0x00,0x00,0x01,0x10,0x04,0x41,0xfd,0x77,0x00,0x00,0x01,0x10,
  0x04,0x41,0x14,0x78,0x00,0x00,0x01,0x10,0x04,0x41,0x2b,0x78,0x00,0x00,0x01,0x10,
  0x04,0x41,0x42,0x78,0x00,0x00,0x01,0x10,0x04,0x41,0x59,0x78,0x00,0x00,0x01,0x10,
  0x04,0x41,0x6f,0x78,0x00,0x00,0x01,0x10,0x04,0x41,0x85,0x78,0x00,0x00,0x01,0x10,
  0x04,0x41,0x9b,0x78,0x00,0x00,0x01,0x10,0x04,0x41,0xb0,0x78,0x00,0x00,0x01,0x10,
  0x04,0x41,0xc6,0x78,0x00,0x00,0x01,0x10,0x04,0x41,0xdb,0x78,0x00,0x00,0x01,0x10,
  0x04,0x41,0xf0,0x78,0x00,0x00,0x01,0x10,0x04,0x41,0x04,0x79,0x00,0x00,0x01,0x10,
  0x04,0x41,0x19,0x79,0x00,0x00,0x01,0x10,0x04,0x41,0x2d,0x79,0x00,0x00,0x01,0x10,
  0x04,0x41,0x41,0x79,0x00,0x00,0x01,0x10,0x04,0x41,0x54,0x79,0x00,0x00,0x01,0x10,
  0x04,0x41,0x68,0x79,0x00,0x00,0x01,0x10,0x04,0x41,0x7b,0x79,0x00,0x00,0x01,0x10,
  0x04,0x41,0x8e,0x79,0x00,0x00,0x01,0x10,0x04,0x41,0xa1,0x79,0x00,0x00,0x01,0x10,
  0x04,0x41,0xb4,0x79,0x00,0x00,0x01,0x10,0x04,0x41,0xc6,0x79,0x00,0x00,0x01,0x10,
  0x04,0x41,0xd8,0x79,0x00,0x00,0x01,0x10,0x04,0x41,0xea,0x79,0x00,0x00,0x01,0x10,
  0x04,0x41,0xfc,0x79,0x00,0x00,0x01,0x10,0x04,0x41,0x0e,0x7a,0x00,0x00,0x01,0x10,
  0x04,0x41,0x1f,0x7a,0x00,0x00,0x01,0x10,0x04,0x41,0x31,0x7a,0x00,0x00,0x01,0x10,
  0x04,0x41,0x42,0x7a,0x00,0x00,0x01,0x10,0x04,0x41,0x52,0x7a,0x00,0x00,0x01,0x10,
  0x04,0x41,0x63,0x7a,0x00,0x00,0x01,0x10,0x04,0x41,0x74,0x7a,0x00,0x00,0x01,0x10,
  0x04,0x41,0x84,0x7a,0x00,0x00,0x01,0x10,0x04,0x41,0x94,0x7a,0x00,0x00,0x01,0x10,
  0x04,0x41,0xa4,0x7a,0x00,0x00,0x01,0x10,0x04,0x41,0xb4,0x7a,0x00,0x00,0x01,0x10,
  0x04,0x41,0xc3,0x7a,0x00,0x00,0x01,0x10,0x04,0x41,0xd3,0x7a,0x00,0x00,0x01,0x10,
  0x04,0x41,0xe2,0x7a,0x00,0x00,0x01,0x10,0x04,0x41,0xf1,0x7a,0x00,0x00,0x01,0x10,
  0x04,0x41,0x00,0x7b,0x00,0x00,0x01,0x10,0x04,0x41,0x0e,0x7b,0x00,0x00,0x01,0x10,
  0x04,0x41,0x1d,0x7b,0x00,0x00,0x01,0x10,0x04,0x41,0x2b,0x7b,0x00,0x00,0x01,0x10,
  0x04,0x41,0x3a,0x7b,0x00,0x00,0x01,0x10,0x04,0x41,0x48,0x7b,0x00,0x00,0x01,0x10,
  0x04,0x41,0x56,0x7b,0x00,0x00,0x01,0x10,0x04,0x41,0x63,0x7b,0x00,0x00,0x01,0x10,
  0x04,0x41,0x71,0x7b,0x00,0x00,0x01,0x10,0x04,0x41,0x7e,0x7b,0x00,0x00,0x01,0x10,
  0x04,0x41,0x8c,0x7b,0x00,0x00,0x01,0x10,0x04,0x41,0x99,0x7b,0x00,0x00,0x01,0x10,
  0x04,0x41,0xa6,0x7b,0x00,0x00,0x01,0x10,0x04,0x41,0xb3,0x7b,0x00,0x00,0x01,0x10,
  0x04,0x41,0xbf,0x7b,0x00,0x00,0x01,0x10,0x04,0x41,0xcc,0x7b,0x00,0x00,0x01,0x10,
  0x04,0x41,0xd8,0x7b,0x00,0x00,0x01,0x10,0x04,0x41,0xe4,0x7b,0x00,0x00,0x01,0x10,
  0x04,0x41,0xf1,0x7b,0x00,0x00,0x01,0x10,0x04,0x41,0xfd,0x7b,0x00,0x00,0x01,0x10,
  0x04,0x41,0x08,0x7c,0x00,0x00,0x01,0x10,0x04,0x41,0x14,0x7c,0x00,0x00,0x01,0x10,
  0x04,0x41,0x20,0x7c,0x00,0x00,0x01,0x10,0x04,0x41,0x2b,0x7c,0x00,0x00,0x01,0x10,
  0x04,0x41,0x36,0x7c,0x00,0x00,0x01,0x10,0x04,0x41,0x42,0x7c,0x00,0x00,0x01,0x10,
  0x04,0x41,0x4d,0x7c,0x00,0x00,0x01,0x10,0x04,0x41,0x58,0x7c,0x00,0x00,0x01,0x10,
  0x04,0x41,0x63,0x7c,0x00,0x00,0x01,0x10,0x04,0x41,0x6d,0x7c,0x00,0x00,0x01,0x10,
  0x04,0x41,0x78,0x7c,0x00,0x00,0x01,0x10,0x04,0x41,0x82,0x7c,0x00,0x00,0x01,0x10,
  0x04,0x41,0x8d,0x7c,0x00,0x00,0x01,0x10,0x04,0x41,0x97,0x7c,0x00,0x00,0x01,0x10,
  0x04,0x41,0xa1,0x7c,0x00,0x00,0x01,0x10,0x04,0x41,0xab,0x7c,0x00,0x00,0x01,0x10,
  0x04,0x41,0xb5,0x7c,0x00,0x00,0x01,0x10,0x04,0x41,0xbe,0x7c,0x00,0x00,0x01,0x10,
  0x04,0x41,0xc8,0x7c,0x00,0x00,0x01,0x10,0x04,0x41,0xd2,0x7c,0x00,0x00,0x01,0x10,
  0x04,0x41,0xdb,0x7c,0x00,0x00,0x01,0x10,0x04,0x41,0xe4,0x7c,0x00,0x00,0x01,0x10,
  0x04,0x41,0xee,0x7c,0x00,0x00,0x01,0x10,0x04,0x41,0xf7,0x7c,0x00,0x00,0x01,0x10,
  0x04,0x41,0x00,0x7d,0x00,0x00,0x01,0x10,0x04,0x41,0x09,0x7d,0x00,0x00,0x01,0x10,
  0x04,0x41,0x11,0x7d,0x00,0x00,0x01,0x10,0x04,0x41,0x1a,0x7d,0x00,0x00,0x01,0x10,
  0x04,0x41,0x23,0x7d,0x00,0x00,0x01,0x10,0x04,0x41,0x2b,0x7d,0x00,0x00,0x01,0x10,
  0x04,0x41,0x34,0x7d,0x00,0x00,0x01,0x10,0x04,0x41,0x3c,0x7d,0x00,0x00,0x01,0x10,
  0x04,0x41,0x44,0x7d,0x00,0x00,0x01,0x10,0x04,0x41,0x4c,0x7d,0x00,0x00,0x01,0x10,
  0x04,0x41,0x54,0x7d,0x00,0x00,0x01,0x10,0x04,0x41,0x5c,0x7d,0x00,0x00,0x01,0x10,
  0x04,0x41,0x64,0x7d,0x00,0x00,0x01,0x10,0x04,0x41,0x6c,0x7d,0x00,0x00,0x01,0x10,
  0x04,0x41,0x73,0x7d,0x00,0x00,0x01,0x10,0x04,0x41,0x7b,0x7d,0x00,0x00,0x01,0x10,
  0x04,0x41,0x82,0x7d,0x00,0x00,0x01,0x10,0x04,0x41,0x8a,0x7d,0x00,0x00,0x01,0x10,
  0x04,0x41,0x91,0x7d,0x00,0x00,0x01,0x10,0x04,0x41,0x98,0x7d,0x00,0x00,0x01,0x10,
  0x04,0x41,0x9f,0x7d,0x00,0x00,0x01,0x10,0x04,0x41,0xa6,0x7d,0x00,0x00,0x01,0x10,
  0x04,0x41,0xad,0x7d,0x00,0x00,0x01,0x10,0x04,0x41,0xb4,0x7d,0x00,0x00,0x01,0x10,
  0x04,0x41,0xbb,0x7d,0x00,0x00,0x01,0x10,0x04,0x41,0xc2,0x7d,0x00,0x00,0x01,0x10,
  0x04,0x41,0xc9,0x7d,0x00,0x00,0x01,0x10,0x04,0x41,0xcf,0x7d,0x00,0x00,0x01,0x10,
  0x04,0x41,0xd6,0x7d,0x00,0x00,0x01,0x10,0x04,0x41,0xdc,0x7d,0x00,0x00,0x01,0x10,
  0x04,0x41,0xe2,0x7d,0x00,0x00,0x01,0x10,0x04,0x41,0xe9,0x7d,0x00,0x00,0x01,0x10,
  0x04,0x41,0xef,0x7d,0x00,0x00,0x01,0x10,0x04,0x41,0xf5,0x7d,0x00,0x00,0x01,0x10,
  0x04,0x41,0xfb,0x7d,0x00,0x00,0x01,0x10,0x04,0x41,0x01,0x7e,0x00,0x00,0x01,0x10,
  0x04,0x41,0x07,0x7e,0x00,0x00,0x01,0x10,0x04,0x41,0x0d,0x7e,0x00,0x00,0x01,0x10,
  0x04,0x41,0x13,0x7e,0x00,0x00,0x01,0x10,0x04,0x41,0x19,0x7e,0x00,0x00,0x01,0x10,
  0x04,0x41,0x1e,0x7e,0x00,0x00,0x01,0x10,0x04,0x41,0x24,0x7e,0x00,0x00,0x01,0x10,
  0x04,0x41,0x29,0x7e,0x00,0x00,0x01,0x10,0x04,0x41,0x2f,0x7e,0x00,0x00,0x01,0x10,
  0x04,0x41,0x34,0x7e,0x00,0x00,0x01,0x10,0x04,0x41,0x3a,0x7e,0x00,0x00,0x01,0x10,
  0x04,0x41,0x3f,0x7e,0x00,0x00,0x01,0x10,0x04,0x41,0x44,0x7e,0x00,0x00,0x01,0x10,
  0x04,0x41,0x49,0x7e,0x00,0x00,0x01,0x10,0x04,0x41,0x4e,0x7e,0x00,0x00,0x01,0x10,
  0x04,0x41,0x53,0x7e,0x00,0x00,0x01,0x10,0x04,0x41,0x58,0x7e,0x00,0x00,0x01,0x10,
  0x04,0x41,0x5d,0x7e,0x00,0x00,0x01,0x10,0x04,0x41,0x62,0x7e,0x00,0x00,0x01,0x10,
  0x04,0x41,0x67,0x7e,0x00,0x00,0x01,0x10,0x04,0x41,0x6c,0x7e,0x00,0x00,0x01,0x10,
  0x04,0x41,0x70,0x7e,0x00,0x00,0x01,0x10,0x04,0x41,0x75,0x7e,0x00,0x00,0x01,0x10,
  0x04,0x41,0x7a,0x7e,0x00,0x00,0x01,0x10,0x04,0x41,0x7e,0x7e,0x00,0x00,0x01,0x10,
  0x04,0x41,0x83,0x7e,0x00,0x00,0x01,0x10,0x04,0x41,0x87,0x7e,0x00,0x00,0x01,0x10,
  0x04,0x41,0x8b,0x7e,0x00,0x00,0x01,0x10,0x04,0x41,0x90,0x7e,0x00,0x00,0x01,0x10,
  0x04,0x41,0x94,0x7e,0x00,0x00,0x01,0x10,0x04,0x41,0x98,0x7e,0x00,0x00,0x01,0x10,
  0x04,0x41,0x9d,0x7e,0x00,0x00,0x01,0x10,0x04,0x41,0xa1,0x7e,0x00,0x00,0x01,0x10,
  0x04,0x41,0xa5,0x7e,0x00,0x00,0x01,0x10,0x04,0x41,0xa9,0x7e,0x00,0x00,0x01,0x10,
  0x04,0x41,0xad,0x7e,0x00,0x00,0x01,0x10,0x04,0x41,0xb1,0x7e,0x00,0x00,0x01,0x10,
  0x04,0x41,0xb5,0x7e,0x00,0x00,0x01,0x10,0x04,0x41,0xb8,0x7e,0x00,0x00,0x01,0x10,
  0x04,0x41,0xbc,0x7e,0x00,0x00,0x01,0x10,0x04,0x41,0xc0,0x7e,0x00,0x00,0x01,0x10,
  0x04,0x41,0xc4,0x7e,0x00,0x00,0x01,0x10,0x04,0x41,0xc7,0x7e,0x00,0x00,0x01,0x10,
  0x04,0x41,0xcb,0x7e,0x00,0x00,0x01,0x10,0x04,0x41,0xcf,0x7e,0x00,0x00,0x01,0x10,
  0x04,0x41,0xd2,0x7e,0x00,0x00,0x01,0x10,0x04,0x41,0xd6,0x7e,0x00,0x00,0x01,0x10,
  0x04,0x41,0xd9,0x7e,0x00,0x00,0x01,0x10,0x04,0x41,0xdd,0x7e,0x00,0x00,0x01,0x10,
  0x04,0x41,0xe0,0x7e,0x00,0x00,0x01,0x10,0x04,0x41,0xe3,0x7e,0x00,0x00,0x01,0x10,
  0x04,0x41,0xe7,0x7e,0x00,0x00,0x01,0x10,0x04,0x41,0xea,0x7e,0x00,0x00,0x01,0x10,
  0x04,0x41,0xed,0x7e,0x00,0x00,0x01,0x10,0x04,0x41,0xf0,0x7e,0x00,0x00,0x01,0x10,
  0x04,0x41,0xf4,0x7e,0x00,0x00,0x01,0x10,0x04,0x41,0xf7,0x7e,0x00,0x00,0x01,0x10,
  0x04,0x41,0xfa,0x7e,0x00,0x00,0x01,0x10,0x04,0x41,0xfd,0x7e,0x00,0x00,0x01,0x10,
  0x04,0x41,0x00,0x7f,0x00,0x00,0x01,0x10,0x04,0x41,0x03,0x7f,0x00,0x00,0x01,0x10,
  0x04,0x41,0x06,0x7f,0x00,0x00,0x01,0x10,0x04,0x41,0x09,0x7f,0x00,0x00,0x01,0x10,
  0x04,0x41,0x0c,0x7f,0x00,0x00,0x01,0x10,0x04,0x41,0x0e,0x7f,0x00,0x00,0x01,0x10,
  0x04,0x41,0x11,0x7f,0x00,0x00,0x01,0x10,0x04,0x41,0x14,0x7f,0x00,0x00,0x01,0x10,
  0x04,0x41,0x17,0x7f,0x00,0x00,0x01,0x10,0x04,0x41,0x19,0x7f,0x00,0x00,0x01,0x10,
  0x04,0x41,0x1c,0x7f,0x00,0x00,0x01,0x10,0x04,0x41,0x1f,0x7f,0x00,0x00,0x01,0x10,
  0x04,0x41,0x21,0x7f,0x00,0x00,0x01,0x10,0x04,0x41,0x24,0x7f,0x00,0x00,0x01,0x10,
  0x04,0x41,0x27,0x7f,0x00,0x00,0x01,0x10,0x04,0x41,0x29,0x7f,0x00,0x00,0x01,0x10,
  0x04,0x41,0x2c,0x7f,0x00,0x00,0x01,0x10,0x04,0x41,0x2e,0x7f,0x00,0x00,0x01,0x10,
  0x04,0x41,0x31,0x7f,0x00,0x00,0x01,0x10,0x04,0x41,0x33,0x7f,0x00,0x00,0x01,0x10,
  0x04,0x41,0x35,0x7f,0x00,0x00,0x01,0x10,0x04,0x41,0x38,0x7f,0x00,0x00,0x01,0x10,
  0x04,0x41,0x3a,0x7f,0x00,0x00,0x01,0x10,0x04,0x41,0x3c,0x7f,0x00,0x00,0x01,0x10,
  0x04,0x41,0x3f,0x7f,0x00,0x00,0x01,0x10,0x04,0x41,0x41,0x7f,0x00,0x00,0x01,0x10,
  0x04,0x41,0x43,0x7f,0x00,0x00,0x01,0x10,0x04,0x41,0x45,0x7f,0x00,0x00,0x01,0x10,
  0x04,0x41,0x47,0x7f,0x00,0x00,0x01,0x10,0x04,0x41,0x4a,0x7f,0x00,0x00,0x01,0x10,
  0x04,0x41,0x4c,0x7f,0x00,0x00,0x01,0x10,0x04,0x41,0x4e,0x7f,0x00,0x00,0x01,0x10,
  0x04,0x41,0x50,0x7f,0x00,0x00,0x01,0x10,0x04,0x41,0x52,0x7f,0x00,0x00,0x01,0x10,
  0x04,0x41,0x54,0x7f,0x00,0x00,0x01,0x10,0x04,0x41,0x56,0x7f,0x00,0x00,0x01,0x10,
  0x04,0x41,0x58,0x7f,0x00,0x00,0x01,0x10,0x04,0x41,0x5a,0x7f,0x00,0x00,0x01,0x10,
  0x04,0x41,0x5c,0x7f,0x00,0x00,0x01,0x10,0x04,0x41,0x5e,0x7f,0x00,0x00,0x01,0x10,
  0x04,0x41,0x60,0x7f,0x00,0x00,0x01,0x10,0x04,0x41,0x61,0x7f,0x00,0x00,0x01,0x10,
  0x04,0x41,0x63,0x7f,0x00,0x00,0x01,0x10,0x10,0x00,0x00,0xe8,0xff,0xff,0x01,0x01,
  0x14,0x00,0x24,0x00,0x00,0x00,0x01,0x01,0x00,0x00,0x00,0x00,0x00,0x00,0x41,0x00,
  0x08,0x00,0x18,0x00,0x00,0x00,0x81,0x00,0x00,0x00,0x00,0x00,0x00,0x00,0x00,0x00,
  0x00,0x00,0x00,0x00,0x00,0x00,0x00,0x00,0x00,0x00,0x00,0x00,0x00,0x00,0x00,0x00,
  0x04,0x40,0x30,0x00,0x00,0x00,0x01,0x10,0x04,0x50,0x30,0x00,0x00,0x00,0x01,0x20,
  0x0c,0x40,0xe5,0x01,0x00,0x00,0x01,0x10,0x10,0x40,0x02,0x00,0x00,0x48,0x01,0x10,
  0x14,0x40,0x00,0x00,0x00,0x00,0x01,0x10,0x20,0x40,0x00,0xa0,0xf9,0xff,0x01,0x10,
  0x24,0x40,0x00,0x08,0x00,0x00,0x01,0x10,0x30,0x40,0x0f,0x00,0x00,0x00,0x01,0x10,
  0x34,0x40,0x07,0x00,0x00,0x00,0x01,0x10,0x38,0x40,0x00,0x00,0x00,0x00,0x01,0x10,
  0x3c,0x40,0x7f,0x01,0x7f,0x01,0x01,0x10,0x40,0x40,0x53,0x00,0x00,0x00,0x01,0x10,
  0x44,0x40,0x00,0x00,0x00,0x00,0x01,0x10,0x48,0x40,0x00,0x00,0x00,0x00,0x01,0x10,
  0x4c,0x40,0x00,0x00,0x00,0x00,0x01,0x10,0x50,0x40,0x02,0x00,0x00,0x00,0x01,0x10,
  0x54,0x40,0x00,0x00,0x00,0x00,0x01,0x10,0x58,0x40,0x7f,0x01,0x00,0x00,0x01,0x10,
  0x5c,0x40,0x0f,0x00,0x07,0x00,0x01,0x10,0x60,0x40,0x40,0x00,0x02,0x00,0x01,0x10,
  0x64,0x40,0x00,0x00,0x00,0x80,0x01,0x10,0x68,0x40,0x00,0x00,0x4c,0x6d,0x01,0x10,
  0x6c,0x40,0x00,0x00,0x00,0x00,0x01,0x10,0x70,0x40,0x02,0x03,0x00,0x00,0x01,0x10,
  0x74,0x40,0x00,0x00,0x00,0x00,0x01,0x10,0x78,0x40,0x01,0x00,0x00,0x00,0x01,0x10,
  0x7c,0x40,0x00,0x00,0x00,0x00,0x01,0x10,0x80,0x40,0x01,0x00,0x00,0x00,0x01,0x10,
  0x84,0x40,0x01,0x00,0x01,0x00,0x01,0x10,0x88,0x40,0x00,0xf0,0x00,0x00,0x01,0x10,
  0x90,0x40,0x00,0x00,0x00,0x00,0x01,0x10,0x94,0x40,0x00,0x00,0x00,0x00,0x01,0x10,
  0x98,0x40,0x00,0x00,0x00,0x00,0x01,0x10,0x9c,0x40,0x00,0x00,0x00,0x00,0x01,0x10,
  0xa0,0x40,0x00,0x00,0x00,0x00,0x01,0x10,0xa4,0x40,0x00,0x00,0x00,0x00,0x01,0x10,
  0xa8,0x40,0x00,0x00,0x00,0x00,0x01,0x10,0xac,0x40,0x00,0x00,0x00,0x00,0x01,0x10,
  0xc0,0x40,0x00,0x08,0x00,0x00,0x01,0x10,0xc4,0x40,0x00,0x00,0x00,0x00,0x01,0x10,
  0x00,0x41,0x00,0x00,0x00,0x00,0x01,0x10,0x04,0x41,0x00,0x00,0x00,0x00,0x01,0x10,
  0x08,0x41,0x68,0x00,0x00,0x00,0x01,0x10,0x0c,0x41,0x00,0x05,0x05,0x00,0x01,0x10,
  0x10,0x41,0x00,0xc0,0xff,0xff,0x01,0x10,0x14,0x41,0x00,0x00,0x00,0x00,0x01,0x10,
  0x18,0x41,0x00,0x00,0x00,0x00,0x01,0x10,0x1c,0x41,0x00,0x40,0x00,0x00,0x01,0x10,
  0x20,0x41,0x00,0x00,0x00,0x00,0x01,0x10,0x24,0x41,0x00,0x00,0x00,0x00,0x01,0x10,
  0x28,0x41,0x00,0x00,0x00,0x00,0x01,0x10,0x2c,0x41,0x00,0x00,0x00,0x00,0x01,0x10,
  0x0c,0x50,0x0f,0x00,0x00,0x00,0x01,0x20,0x10,0x50,0x07,0x00,0x00,0x00,0x01,0x20,
  0x14,0x50,0x7f,0x01,0x00,0x00,0x01,0x20,0x18,0x50,0x00,0xa0,0xfc,0xff,0x01,0x20,
  0x1c,0x50,0x00,0x00,0x00,0x00,0x01,0x20,0x20,0x50,0x00,0x00,0x00,0x00,0x01,0x20,
  0x28,0x50,0x00,0x00,0x00,0x00,0x01,0x20,0x2c,0x50,0x00,0x00,0x00,0x00,0x01,0x20,
  0x34,0x50,0x01,0x00,0x00,0x00,0x01,0x20,0x38,0x50,0x00,0x00,0x00,0x00,0x01,0x20,
  0x40,0x50,0x00,0x00,0x00,0x00,0x01,0x20,0x44,0x50,0x49,0x78,0x01,0x00,0x01,0x20,
  0x48,0x50,0x00,0x00,0x00,0x00,0x01,0x20,0x4c,0x50,0x00,0x00,0x00,0x00,0x01,0x20,
  0x64,0x50,0x00,0x00,0x00,0x00,0x01,0x20,0x68,0x50,0x01,0x01,0x01,0x01,0x01,0x20,
  0x6c,0x50,0x00,0x00,0x00,0x00,0x01,0x20,0x10,0x00,0x80,0xea,0xff,0xff,0x01,0x01,
  0x14,0x00,0x24,0x00,0x00,0x00,0x01,0x01,0x00,0x00,0x00,0x00,0x00,0x00,0x41,0x00,
  0x08,0x00,0x18,0x00,0x00,0x00,0x81,0x00,0x00,0x00,0x00,0x00,0x00,0x00,0x00,0x00,
  0x00,0x00,0x00,0x00,0x00,0x00,0x00,0x00,0x00,0x00,0x00,0x00,0x00,0x00,0x00,0x00,
  0x00,0x00,0x00,0x00,0x00,0x00,0x00,0x00,0x00,0x00,0x00,0x00,0x00,0x00,0x00,0x00,
  0x00,0x00,0x00,0x00,0x00,0x00,0x00,0x00,0x00,0x00,0x00,0x00,0x00,0x00,0x00,0x00,
  0x04,0x40,0x0e,0x00,0x00,0x00,0x01,0x10,0x04,0x50,0x0e,0x00,0x00,0x00,0x01,0x20,
  0x0c,0x40,0xe5,0x01,0x00,0x00,0x01,0x10,0x10,0x40,0x02,0x00,0x00,0x48,0x01,0x10,
  0x14,0x40,0x00,0x00,0x00,0x00,0x01,0x10,0x20,0x40,0x00,0xa0,0xf6,0xff,0x01,0x10,
  0x24,0x40,0x00,0x08,0x00,0x00,0x01,0x10,0x30,0x40,0x0f,0x00,0x00,0x00,0x01,0x10,
  0x34,0x40,0x07,0x00,0x00,0x00,0x01,0x10,0x38,0x40,0x00,0x00,0x00,0x00,0x01,0x10,
  0x3c,0x40,0x7f,0x01,0x7f,0x01,0x01,0x10,0x40,0x40,0x53,0x00,0x00,0x00,0x01,0x10,
  0x44,0x40,0x00,0x00,0x00,0x00,0x01,0x10,0x48,0x40,0x00,0x00,0x00,0x00,0x01,0x10,
  0x4c,0x40,0x00,0x00,0x00,0x00,0x01,0x10,0x50,0x40,0x02,0x00,0x00,0x00,0x01,0x10,
  0x54,0x40,0x00,0x00,0x00,0x00,0x01,0x10,0x58,0x40,0x7f,0x01,0x00,0x00,0x01,0x10,
  0x5c,0x40,0x0f,0x00,0x07,0x00,0x01,0x10,0x60,0x40,0x53,0x00,0x00,0x00,0x01,0x10,
  0x64,0x40,0x00,0x00,0x00,0x00,0x01,0x10,0x68,0x40,0x00,0x00,0x00,0x00,0x01,0x10,
  0x6c,0x40,0x00,0x00,0x00,0x00,0x01,0x10,0x70,0x40,0x83,0x03,0x00,0x00,0x01,0x10,
  0x74,0x40,0x00,0x00,0x00,0x00,0x01,0x10,0x78,0x40,0x01,0x00,0x00,0x00,0x01,0x10,
  0x7c,0x40,0x00,0x00,0x00,0x00,0x01,0x10,0x80,0x40,0x00,0x00,0x00,0x00,0x01,0x10,
  0x84,0x40,0x01,0x00,0x01,0x00,0x01,0x10,0x88,0x40,0x00,0x00,0x00,0x00,0x01,0x10,
  0x90,0x40,0x00,0x00,0x00,0x00,0x01,0x10,0x94,0x40,0x00,0x00,0x00,0x00,0x01,0x10,
  0x98,0x40,0x00,0x00,0x00,0x00,0x01,0x10,0x9c,0x40,0x00,0x00,0x00,0x00,0x01,0x10,
  0xa0,0x40,0x00,0x00,0x00,0x00,0x01,0x10,0xa4,0x40,0x00,0x00,0x00,0x00,0x01,0x10,
  0xa8,0x40,0x00,0x00,0x00,0x00,0x01,0x10,0xac,0x40,0x00,0x00,0x00,0x00,0x01,0x10,
  0xc0,0x40,0x00,0x08,0x00,0x00,0x01,0x10,0xc4,0x40,0x00,0x00,0x00,0x00,0x01,0x10,
  0x00,0x41,0x00,0x00,0x00,0x00,0x01,0x10,0x04,0x41,0x00,0x00,0x00,0x00,0x01,0x10,
  0x08,0x41,0x00,0x00,0x00,0x00,0x01,0x10,0x0c,0x41,0x00,0x00,0x00,0x00,0x01,0x10,
  0x10,0x41,0x00,0x00,0x00,0x00,0x01,0x10,0x14,0x41,0x00,0x00,0x00,0x00,0x01,0x10,
  0x18,0x41,0x00,0x00,0x00,0x00,0x01,0x10,0x1c,0x41,0x00,0x00,0x00,0x00,0x01,0x10,
  0x20,0x41,0x00,0x00,0x00,0x00,0x01,0x10,0x24,0x41,0x00,0x00,0x00,0x00,0x01,0x10,
  0x28,0x41,0x00,0x00,0x00,0x00,0x01,0x10,0x2c,0x41,0x00,0x00,0x00,0x00,0x01,0x10,
  0x0c,0x50,0x0f,0x00,0x00,0x00,0x01,0x20,0x10,0x50,0x07,0x00,0x00,0x00,0x01,0x20,
  0x14,0x50,0x7f,0x01,0x00,0x00,0x01,0x20,0x18,0x50,0x00,0xa0,0xf9,0xff,0x01,0x20,
  0x1c,0x50,0x00,0x00,0x00,0x00,0x01,0x20,0x20,0x50,0x00,0x00,0x00,0x00,0x01,0x20,
  0x28,0x50,0x00,0x00,0x00,0x00,0x01,0x20,0x2c,0x50,0x00,0x00,0x00,0x00,0x01,0x20,
  0x34,0x50,0x01,0x00,0x00,0x00,0x01,0x20,0x38,0x50,0x00,0x00,0x00,0x00,0x01,0x20,
  0x40,0x50,0x00,0x00,0x00,0x00,0x01,0x20,0x44,0x50,0x49,0x78,0x01,0x00,0x01,0x20,
  0x48,0x50,0x00,0x00,0x00,0x00,0x01,0x20,0x4c,0x50,0x00,0x00,0x00,0x00,0x01,0x20,
  0x64,0x50,0x00,0x00,0x00,0x00,0x01,0x20,0x68,0x50,0x01,0x01,0x01,0x01,0x01,0x20,
  0x6c,0x50,0x00,0x00,0x00,0x00,0x01,0x20,0x00,0x00,0x00,0x00,0x00,0x00,0x00,0x00,
  0x14,0x00,0x00,0x00,0x00,0x00,0x01,0x01,0x00,0x00,0x00,0x00,0x00,0x00,0x41,0x00,
  0x08,0x00,0x18,0x00,0x00,0x00,0x81,0x00,0x00,0x00,0x00,0x00,0x00,0x00,0x00,0x00,
  0x00,0x00,0x00,0x00,0x00,0x00,0x00,0x00,0x00,0x00,0x00,0x00,0x00,0x00,0x00,0x00,
  0x00,0x00,0x00,0x00,0x00,0x00,0x00,0x00,0x00,0x00,0x00,0x00,0x00,0x00,0x00,0x00,
  0x00,0x00,0x00,0x00,0x00,0x00,0x00,0x00,0x00,0x00,0x00,0x00,0x00,0x00,0x00,0x00,
  0x00,0x00,0x00,0x00,0x01,0x00,0x00,0x00,0x18,0x00,0x00,0x00,0x00,0x03,0x00,0x00,
  0xff,0xff,0x01,0x00,0x00,0x00,0x00,0x00,0x45,0x00,0x00,0x00,0x00,0x00,0x00,0x00,
  0x00,0x00,0x00,0x00,0x00,0x00,0x00,0x00,0x00,0x00,0x00,0x00,0x02,0x00,0x00,0x00,
  0x18,0x00,0x00,0x00,0x00,0x03,0x00,0x00,0xff,0xff,0x01,0x00,0x00,0x00,0x00,0x00,
  0x49,0x04,0x00,0x00,0x00,0x00,0x00,0x00,0x80,0x02,0x00,0x00,0x00,0x00,0x00,0x00,
  0x00,0x00,0x00,0x00,0x02,0x00,0x00,0x00,0x18,0x00,0x00,0x00,0x00,0x03,0x00,0x00,
  0xff,0xff,0x01,0x00,0x00,0x00,0x00,0x00,0x45,0x00,0x00,0x00,0x00,0x00,0x00,0x00,
  0x00,0x25,0x00,0x00,0x00,0x00,0x00,0x00,0x00,0x00,0x00,0x00,0x03,0x00,0x00,0x00,
  0x18,0x00,0x00,0x00,0x00,0x03,0x00,0x00,0xff,0xff,0x01,0x00,0x00,0x00,0x00,0x00,
  0x45,0x00,0x00,0x00,0x00,0x00,0x00,0x00,0x80,0x27,0x00,0x00,0x00,0x00,0x00,0x00,
  0x00,0x00,0x00,0x00,0x01,0x00,0x00,0x00,0x18,0x00,0x00,0x00,0x00,0x03,0x00,0x00,
  0xff,0xff,0x01,0x00,0x00,0x00,0x00,0x00,0x45,0x00,0x00,0x00,0x00,0x00,0x00,0x00,
  0x00,0x00,0x00,0x00,0x00,0x00,0x00,0x00,0x00,0x00,0x00,0x00,0x02,0x00,0x00,0x00,
  0x18,0x00,0x00,0x00,0x00,0x03,0x00,0x00,0xff,0xff,0x01,0x00,0x00,0x00,0x00,0x00,
  0x49,0x04,0x00,0x00,0x00,0x00,0x00,0x00,0x80,0x02,0x00,0x00,0x00,0x00,0x00,0x00,
  0x00,0x00,0x00,0x00,0x02,0x00,0x00,0x00,0x18,0x00,0x00,0x00,0x00,0x03,0x00,0x00,
  0xff,0xff,0x01,0x00,0x00,0x00,0x00,0x00,0x45,0x00,0x00,0x00,0x00,0x00,0x00,0x00,
  0x00,0x25,0x00,0x00,0x00,0x00,0x00,0x00,0x00,0x00,0x00,0x00,0x03,0x00,0x00,0x00,
  0x18,0x00,0x00,0x00,0x00,0x03,0x00,0x00,0xff,0xff,0x01,0x00,0x00,0x00,0x00,0x00,
  0x45,0x00,0x00,0x00,0x00,0x00,0x00,0x00,0x80,0x27,0x00,0x00,0x00,0x00,0x00,0x00,
  0x00,0x00,0x00,0x00,0x01,0x00,0x00,0x00,0x18,0x00,0x00,0x00,0x00,0x03,0x00,0x00,
  0xff,0xff,0x01,0x00,0x00,0x00,0x00,0x00,0x45,0x00,0x00,0x00,0x00,0x00,0x00,0x00,
  0x00,0x00,0x00,0x00,0x00,0x00,0x00,0x00,0x00,0x00,0x00,0x00,0x02,0x00,0x00,0x00,
  0x18,0x00,0x00,0x00,0x00,0x03,0x00,0x00,0xff,0xff,0x01,0x00,0x00,0x00,0x00,0x00,
  0x49,0x04,0x00,0x00,0x00,0x00,0x00,0x00,0x80,0x02,0x00,0x00,0x00,0x00,0x00,0x00,
  0x00,0x00,0x00,0x00,0x02,0x00,0x00,0x00,0x18,0x00,0x00,0x00,0x00,0x03,0x00,0x00,
  0xff,0xff,0x01,0x00,0x00,0x00,0x00,0x00,0x45,0x00,0x00,0x00,0x00,0x00,0x00,0x00,
  0x00,0x25,0x00,0x00,0x00,0x00,0x00,0x00,0x00,0x00,0x00,0x00,0x03,0x00,0x00,0x00,
  0x18,0x00,0x00,0x00,0x00,0x03,0x00,0x00,0xff,0xff,0x01,0x00,0x00,0x00,0x00,0x00,
  0x45,0x00,0x00,0x00,0x00,0x00,0x00,0x00,0x80,0x27,0x00,0x00,0x00,0x00,0x00,0x00,
  0x00,0x00,0x00,0x00,0x00,0x00,0x00,0x00,0x00,0x00,0x00,0x00,0x00,0x00,0x00,0x00,
  0x00,0x00,0x00,0x00,0x00,0x00,0x00,0x00,0x00,0x00,0x00,0x00,0x00,0x00,0x00,0x00,
  0x00,0x00,0x00,0x00,0x00,0x00,0x00,0x00,0x00,0x00,0x00,0x00,0x00,0x00,0x00,0x00,
  0x00,0x00,0x00,0x00,0x00,0x00,0x00,0x00,0x00,0x00,0x00,0x00,0x00,0x00,0x00,0x00,
  0x00,0x00,0x00,0x00,0x00,0x00,0x00,0x00,0x00,0x00,0x00,0x00,0x00,0x00,0x00,0x00,
  0x00,0x00,0x00,0x00,0x00,0x00,0x00,0x00,0x00,0x00,0x00,0x00,0x00,0x00,0x00,0x00,
  0x00,0x00,0x00,0x00,0x00,0x00,0x00,0x00,0x00,0x00,0x00,0x00,0x00,0x00,0x00,0x00,
  0x00,0x00,0x00,0x00,0x00,0x00,0x00,0x00,0x00,0x00,0x00,0x00,0x00,0x00,0x00,0x00,
  0x00,0x00,0x00,0x00,0x00,0x00,0x00,0x00,0x00,0x00,0x00,0x00,0x00,0x00,0x00,0x00,
  0x00,0x00,0x00,0x00,0x00,0x00,0x00,0x00,0x00,0x00,0x00,0x00,0x00,0x00,0x00,0x00,
  0x00,0x00,0x00,0x00,0x00,0x00,0x00,0x00,0x00,0x00,0x00,0x00,0x00,0x00,0x00,0x00,
  0x00,0x00,0x00,0x00,0x00,0x00,0x00,0x00,0x00,0x00,0x00,0x00,0x00,0x00,0x00,0x00,
  0x00,0x00,0x00,0x00,0x00,0x00,0x00,0x00,0x00,0x00,0x00,0x00,0x00,0x00,0x00,0x00,
  0x00,0x00,0x00,0x00,0x00,0x00,0x00,0x00,0x00,0x00,0x00,0x00,0x00,0x00,0x00,0x00,
  0x00,0x00,0x00,0x00,0x00,0x00,0x00,0x00,0x00,0x00,0x00,0x00,0x00,0x00,0x00,0x00,
  0x00,0x00,0x00,0x00,0x00,0x00,0x00,0x00,0x00,0x00,0x00,0x00,0x00,0x00,0x00,0x00,
  0x00,0x00,0x00,0x00,0x00,0x00,0x00,0x00,0x00,0x00,0x00,0x00,0x00,0x00,0x00,0x00,
  0x00,0x00,0x00,0x00,0x00,0x00,0x00,0x00,0x00,0x00,0x00,0x00,0x00,0x00,0x00,0x00,
};
#define TANH_H1_SZ2 4096
#define TANH_H2_SZ2 20480
/* template DMAs */
static const uint64_t TANH_CAP_TASK   = 0xfffff000ULL;
static const uint64_t TANH_CAP_REGCMD = 0xffffa000ULL;
static const uint64_t TANH_CAP_SCRATCH= 0xfff9a000ULL;
static const uint64_t TANH_CAP_IN     = 0xfff82000ULL;
static const uint64_t TANH_CAP_OUT    = 0xfff6a000ULL;
#define TANH_SZ_TASK    4096
#define TANH_SZ_REGCMD  20480
#define TANH_SZ_SCRATCH 393216
#define TANH_SZ_IN      98304
#define TANH_SZ_OUT     98304
#define TANH_NSUBMITS   3
/* per-submit params: task_start, n_tasks, flags, subcore[10] */
#define TANH_SUB0_START 0
#define TANH_SUB0_NTASK 3
#define TANH_SUB0_FLAGS 5
static const uint32_t TANH_SUB0_SUBCORE[10] = {0,1,0,1,0,1,0,0,0,0};
#define TANH_SUB1_START 1
#define TANH_SUB1_NTASK 6
#define TANH_SUB1_FLAGS 1
static const uint32_t TANH_SUB1_SUBCORE[10] = {1,2,1,2,1,2,0,0,0,0};
#define TANH_SUB2_START 3
#define TANH_SUB2_NTASK 3
#define TANH_SUB2_FLAGS 5
static const uint32_t TANH_SUB2_SUBCORE[10] = {3,1,3,1,3,1,0,0,0,0};
